"Date","Visit","Home","DH","Rain","Away_Score","Home_Score"
2017-04-05,"NYA","TB",NA,NA,4,2
2017-04-05,"SF","ARI",NA,NA,11,5
2017-04-05,"CHN","STL",NA,NA,0,4
2017-04-06,"TOR","BAL",NA,NA,0,2
2017-04-06,"PIT","BOS",NA,NA,0,2
2017-04-06,"DET","CHA",NA,"YES",NA,NA
2017-04-06,"CLE","TEX",NA,NA,8,3
2017-04-06,"SEA","HOU",NA,NA,0,4
2017-04-06,"KC","MIN",NA,NA,0,1
2017-04-06,"LAA","OAK",NA,NA,7,0
2017-04-06,"ATL","NYN",NA,NA,1,2
2017-04-06,"PHI","CIN",NA,NA,5,0
2017-04-06,"COL","MIL",NA,NA,2,7
2017-04-06,"SD","LAN",NA,NA,0,3
2017-04-06,"MIA","WAS",NA,NA,0,5
2017-04-07,"CLE","TEX",NA,NA,7,3
2017-04-07,"SEA","HOU",NA,NA,1,10
2017-04-07,"LAA","OAK",NA,NA,1,2
2017-04-07,"NYA","TB",NA,NA,7,3
2017-04-07,"SF","ARI",NA,NA,2,9
2017-04-07,"CHN","STL",NA,NA,0,2
2017-04-07,"COL","MIL",NA,NA,6,4
2017-04-07,"SD","LAN",NA,NA,10,11
2017-04-07,"DET","CHA",NA,NA,0,8
2017-04-08,"TOR","BAL",NA,NA,NA,NA
2017-04-08,"PIT","BOS",NA,NA,NA,NA
2017-04-08,"DET","CHA",NA,NA,NA,NA
2017-04-08,"CLE","TEX",NA,NA,NA,NA
2017-04-08,"SEA","HOU",NA,NA,NA,NA
2017-04-08,"KC","MIN",NA,NA,NA,NA
2017-04-08,"LAA","OAK",NA,NA,NA,NA
2017-04-08,"NYA","TB",NA,NA,NA,NA
2017-04-08,"SF","ARI",NA,NA,NA,NA
2017-04-08,"ATL","NYN",NA,NA,NA,NA
2017-04-08,"CHN","STL",NA,NA,NA,NA
2017-04-08,"PHI","CIN",NA,NA,NA,NA
2017-04-08,"COL","MIL",NA,NA,NA,NA
2017-04-08,"SD","LAN",NA,NA,NA,NA
2017-04-08,"MIA","WAS",NA,NA,NA,NA
2017-04-09,"PIT","BOS",NA,NA,NA,NA
2017-04-09,"DET","CHA",NA,NA,NA,NA
2017-04-09,"SEA","HOU",NA,NA,NA,NA
2017-04-09,"KC","MIN",NA,NA,NA,NA
2017-04-09,"LAA","OAK",NA,NA,NA,NA
2017-04-09,"TOR","TB",NA,NA,NA,NA
2017-04-09,"SF","ARI",NA,NA,NA,NA
2017-04-09,"ATL","NYN",NA,NA,NA,NA
2017-04-09,"PHI","CIN",NA,NA,NA,NA
2017-04-09,"COL","MIL",NA,NA,NA,NA
2017-04-09,"SD","LAN",NA,NA,NA,NA
2017-04-09,"MIA","WAS",NA,NA,NA,NA
2017-04-10,"NYA","BAL",NA,NA,NA,NA
2017-04-10,"BOS","DET",NA,NA,NA,NA
2017-04-10,"MIN","CHA",NA,NA,NA,NA
2017-04-10,"CLE","ARI",NA,NA,NA,NA
2017-04-10,"KC","HOU",NA,NA,NA,NA
2017-04-10,"SEA","LAA",NA,NA,NA,NA
2017-04-10,"OAK","TEX",NA,NA,NA,NA
2017-04-10,"TOR","TB",NA,NA,NA,NA
2017-04-10,"ATL","PIT",NA,NA,NA,NA
2017-04-10,"CHN","MIL",NA,NA,NA,NA
2017-04-10,"CIN","STL",NA,NA,NA,NA
2017-04-10,"LAN","COL",NA,NA,NA,NA
2017-04-10,"MIA","NYN",NA,NA,NA,NA
2017-04-10,"WAS","PHI",NA,NA,NA,NA
2017-04-10,"SF","SD",NA,NA,NA,NA
2017-04-11,"NYA","BAL",NA,NA,NA,NA
2017-04-11,"BOS","DET",NA,NA,NA,NA
2017-04-11,"MIN","CHA",NA,NA,NA,NA
2017-04-11,"CLE","ARI",NA,NA,NA,NA
2017-04-11,"KC","HOU",NA,NA,NA,NA
2017-04-11,"SEA","LAA",NA,NA,NA,NA
2017-04-11,"OAK","TEX",NA,NA,NA,NA
2017-04-11,"TOR","TB",NA,NA,NA,NA
2017-04-11,"ATL","PIT",NA,NA,NA,NA
2017-04-11,"CHN","MIL",NA,NA,NA,NA
2017-04-11,"CIN","STL",NA,NA,NA,NA
2017-04-11,"LAN","COL",NA,NA,NA,NA
2017-04-11,"MIA","NYN",NA,NA,NA,NA
2017-04-11,"WAS","PHI",NA,NA,NA,NA
2017-04-11,"SF","SD",NA,NA,NA,NA
2017-04-12,"NYA","BAL",NA,NA,NA,NA
2017-04-12,"BOS","DET",NA,NA,NA,NA
2017-04-12,"MIN","CHA",NA,NA,NA,NA
2017-04-12,"CLE","ARI",NA,NA,NA,NA
2017-04-12,"KC","HOU",NA,NA,NA,NA
2017-04-12,"SEA","LAA",NA,NA,NA,NA
2017-04-12,"OAK","TEX",NA,NA,NA,NA
2017-04-12,"TOR","TB",NA,NA,NA,NA
2017-04-12,"ATL","PIT",NA,NA,NA,NA
2017-04-12,"CHN","MIL",NA,NA,NA,NA
2017-04-12,"CIN","STL",NA,NA,NA,NA
2017-04-12,"LAN","COL",NA,NA,NA,NA
2017-04-12,"MIA","NYN",NA,NA,NA,NA
2017-04-12,"WAS","PHI",NA,NA,NA,NA
2017-04-12,"SF","SD",NA,NA,NA,NA
2017-04-13,"BOS","DET",NA,NA,NA,NA
2017-04-13,"HOU","SEA",NA,NA,NA,NA
2017-04-13,"OAK","KC",NA,NA,NA,NA
2017-04-13,"TB","NYA",NA,NA,NA,NA
2017-04-13,"ARI","SF",NA,NA,NA,NA
2017-04-13,"LAN","CHN",NA,NA,NA,NA
2017-04-13,"CIN","PIT",NA,NA,NA,NA
2017-04-13,"SD","COL",NA,NA,NA,NA
2017-04-13,"NYN","PHI",NA,NA,NA,NA
2017-04-13,"STL","WAS",NA,NA,NA,NA
2017-04-14,"BAL","BOS",NA,NA,NA,NA
2017-04-14,"CHA","CLE",NA,NA,NA,NA
2017-04-14,"MIN","DET",NA,NA,NA,NA
2017-04-14,"HOU","SEA",NA,NA,NA,NA
2017-04-14,"TEX","LAA",NA,NA,NA,NA
2017-04-14,"MIL","TOR",NA,NA,NA,NA
2017-04-14,"ARI","SF",NA,NA,NA,NA
2017-04-14,"ATL","MIA",NA,NA,NA,NA
2017-04-14,"CIN","PIT",NA,NA,NA,NA
2017-04-14,"SD","COL",NA,NA,NA,NA
2017-04-14,"NYN","PHI",NA,NA,NA,NA
2017-04-14,"STL","WAS",NA,NA,NA,NA
2017-04-15,"BAL","BOS",NA,NA,NA,NA
2017-04-15,"CHA","CLE",NA,NA,NA,NA
2017-04-15,"MIN","DET",NA,NA,NA,NA
2017-04-15,"HOU","SEA",NA,NA,NA,NA
2017-04-15,"OAK","KC",NA,NA,NA,NA
2017-04-15,"TEX","LAA",NA,NA,NA,NA
2017-04-15,"TB","NYA",NA,NA,NA,NA
2017-04-15,"MIL","TOR",NA,NA,NA,NA
2017-04-15,"ARI","SF",NA,NA,NA,NA
2017-04-15,"ATL","MIA",NA,NA,NA,NA
2017-04-15,"LAN","CHN",NA,NA,NA,NA
2017-04-15,"CIN","PIT",NA,NA,NA,NA
2017-04-15,"SD","COL",NA,NA,NA,NA
2017-04-15,"NYN","PHI",NA,NA,NA,NA
2017-04-15,"STL","WAS",NA,NA,NA,NA
2017-04-16,"BAL","TOR",NA,NA,NA,NA
2017-04-16,"CHA","CLE",NA,NA,NA,NA
2017-04-16,"MIN","DET",NA,NA,NA,NA
2017-04-16,"OAK","KC",NA,NA,NA,NA
2017-04-16,"TEX","LAA",NA,NA,NA,NA
2017-04-16,"TB","NYA",NA,NA,NA,NA
2017-04-16,"LAN","CHN",NA,NA,NA,NA
2017-04-16,"MIL","CIN",NA,NA,NA,NA
2017-04-16,"COL","SF",NA,NA,NA,NA
2017-04-16,"NYN","MIA",NA,NA,NA,NA
2017-04-17,"BAL","TOR",NA,NA,NA,NA
2017-04-17,"TB","BOS",NA,NA,NA,NA
2017-04-17,"CHA","MIN",NA,NA,NA,NA
2017-04-17,"DET","CLE",NA,NA,NA,NA
2017-04-17,"HOU","OAK",NA,NA,NA,NA
2017-04-17,"LAA","KC",NA,NA,NA,NA
2017-04-17,"STL","NYA",NA,NA,NA,NA
2017-04-17,"TEX","SEA",NA,NA,NA,NA
2017-04-17,"ARI","LAN",NA,NA,NA,NA
2017-04-17,"SD","ATL",NA,NA,NA,NA
2017-04-17,"PIT","CHN",NA,NA,NA,NA
2017-04-17,"MIL","CIN",NA,NA,NA,NA
2017-04-17,"COL","SF",NA,NA,NA,NA
2017-04-17,"NYN","MIA",NA,NA,NA,NA
2017-04-17,"PHI","WAS",NA,NA,NA,NA
2017-04-18,"BAL","TOR",NA,NA,NA,NA
2017-04-18,"TB","BOS",NA,NA,NA,NA
2017-04-18,"CHA","MIN",NA,NA,NA,NA
2017-04-18,"DET","CLE",NA,NA,NA,NA
2017-04-18,"HOU","OAK",NA,NA,NA,NA
2017-04-18,"LAA","KC",NA,NA,NA,NA
2017-04-18,"STL","NYA",NA,NA,NA,NA
2017-04-18,"TEX","SEA",NA,NA,NA,NA
2017-04-18,"ARI","LAN",NA,NA,NA,NA
2017-04-18,"SD","ATL",NA,NA,NA,NA
2017-04-18,"PIT","CHN",NA,NA,NA,NA
2017-04-18,"MIL","CIN",NA,NA,NA,NA
2017-04-18,"COL","SF",NA,NA,NA,NA
2017-04-18,"NYN","MIA",NA,NA,NA,NA
2017-04-18,"PHI","WAS",NA,NA,NA,NA
2017-04-19,"BAL","TOR",NA,NA,NA,NA
2017-04-19,"TB","BOS",NA,NA,NA,NA
2017-04-19,"CHA","MIN",NA,NA,NA,NA
2017-04-19,"DET","CLE",NA,NA,NA,NA
2017-04-19,"HOU","OAK",NA,NA,NA,NA
2017-04-19,"LAA","KC",NA,NA,NA,NA
2017-04-19,"STL","NYA",NA,NA,NA,NA
2017-04-19,"TEX","SEA",NA,NA,NA,NA
2017-04-19,"ARI","LAN",NA,NA,NA,NA
2017-04-19,"SD","ATL",NA,NA,NA,NA
2017-04-19,"PIT","CHN",NA,NA,NA,NA
2017-04-19,"MIL","CIN",NA,NA,NA,NA
2017-04-19,"COL","SF",NA,NA,NA,NA
2017-04-19,"NYN","MIA",NA,NA,NA,NA
2017-04-19,"PHI","WAS",NA,NA,NA,NA
2017-04-20,"TB","BOS",NA,NA,NA,NA
2017-04-20,"CHA","NYA",NA,NA,NA,NA
2017-04-20,"CLE","MIN",NA,NA,NA,NA
2017-04-20,"LAA","HOU",NA,NA,NA,NA
2017-04-20,"TEX","OAK",NA,NA,NA,NA
2017-04-20,"MIA","SEA",NA,NA,NA,NA
2017-04-20,"ARI","LAN",NA,NA,NA,NA
2017-04-20,"SD","ATL",NA,NA,NA,NA
2017-04-20,"MIL","CHN",NA,NA,NA,NA
2017-04-20,"PIT","STL",NA,NA,NA,NA
2017-04-21,"BAL","CIN",NA,NA,NA,NA
2017-04-21,"BOS","TOR",NA,NA,NA,NA
2017-04-21,"CHA","NYA",NA,NA,NA,NA
2017-04-21,"CLE","MIN",NA,NA,NA,NA
2017-04-21,"DET","TB",NA,NA,NA,NA
2017-04-21,"LAA","HOU",NA,NA,NA,NA
2017-04-21,"SF","KC",NA,NA,NA,NA
2017-04-21,"TEX","OAK",NA,NA,NA,NA
2017-04-21,"MIA","SEA",NA,NA,NA,NA
2017-04-21,"ARI","SD",NA,NA,NA,NA
2017-04-21,"WAS","ATL",NA,NA,NA,NA
2017-04-21,"MIL","CHN",NA,NA,NA,NA
2017-04-21,"COL","LAN",NA,NA,NA,NA
2017-04-21,"PHI","NYN",NA,NA,NA,NA
2017-04-21,"PIT","STL",NA,NA,NA,NA
2017-04-22,"BAL","CIN",NA,NA,NA,NA
2017-04-22,"BOS","TOR",NA,NA,NA,NA
2017-04-22,"CHA","NYA",NA,NA,NA,NA
2017-04-22,"CLE","MIN",NA,NA,NA,NA
2017-04-22,"DET","TB",NA,NA,NA,NA
2017-04-22,"LAA","HOU",NA,NA,NA,NA
2017-04-22,"SF","KC",NA,NA,NA,NA
2017-04-22,"TEX","OAK",NA,NA,NA,NA
2017-04-22,"MIA","SEA",NA,NA,NA,NA
2017-04-22,"ARI","SD",NA,NA,NA,NA
2017-04-22,"WAS","ATL",NA,NA,NA,NA
2017-04-22,"MIL","CHN",NA,NA,NA,NA
2017-04-22,"COL","LAN",NA,NA,NA,NA
2017-04-22,"PHI","NYN",NA,NA,NA,NA
2017-04-22,"PIT","STL",NA,NA,NA,NA
2017-04-23,"BAL","CIN",NA,NA,NA,NA
2017-04-23,"BOS","TOR",NA,NA,NA,NA
2017-04-23,"CLE","MIN",NA,NA,NA,NA
2017-04-23,"DET","TB",NA,NA,NA,NA
2017-04-23,"LAA","HOU",NA,NA,NA,NA
2017-04-23,"KC","TEX",NA,NA,NA,NA
2017-04-23,"SEA","OAK",NA,NA,NA,NA
2017-04-23,"ARI","SD",NA,NA,NA,NA
2017-04-23,"WAS","ATL",NA,NA,NA,NA
2017-04-23,"STL","MIL",NA,NA,NA,NA
2017-04-23,"PHI","NYN",NA,NA,NA,NA
2017-04-24,"BOS","BAL",NA,NA,NA,NA
2017-04-24,"CLE","CHA",NA,NA,NA,NA
2017-04-24,"DET","MIN",NA,NA,NA,NA
2017-04-24,"HOU","TB",NA,NA,NA,NA
2017-04-24,"KC","TEX",NA,NA,NA,NA
2017-04-24,"TOR","LAA",NA,NA,NA,NA
2017-04-24,"NYA","PIT",NA,NA,NA,NA
2017-04-24,"SEA","OAK",NA,NA,NA,NA
2017-04-24,"LAN","ARI",NA,NA,NA,NA
2017-04-24,"ATL","PHI",NA,NA,NA,NA
2017-04-24,"CHN","CIN",NA,NA,NA,NA
2017-04-24,"SF","COL",NA,NA,NA,NA
2017-04-24,"MIA","SD",NA,NA,NA,NA
2017-04-24,"STL","MIL",NA,NA,NA,NA
2017-04-24,"WAS","NYN",NA,NA,NA,NA
2017-04-25,"BOS","BAL",NA,NA,NA,NA
2017-04-25,"CLE","CHA",NA,NA,NA,NA
2017-04-25,"DET","MIN",NA,NA,NA,NA
2017-04-25,"HOU","TB",NA,NA,NA,NA
2017-04-25,"KC","TEX",NA,NA,NA,NA
2017-04-25,"TOR","LAA",NA,NA,NA,NA
2017-04-25,"NYA","PIT",NA,NA,NA,NA
2017-04-25,"SEA","OAK",NA,NA,NA,NA
2017-04-25,"LAN","ARI",NA,NA,NA,NA
2017-04-25,"ATL","PHI",NA,NA,NA,NA
2017-04-25,"CHN","CIN",NA,NA,NA,NA
2017-04-25,"SF","COL",NA,NA,NA,NA
2017-04-25,"MIA","SD",NA,NA,NA,NA
2017-04-25,"STL","MIL",NA,NA,NA,NA
2017-04-25,"WAS","NYN",NA,NA,NA,NA
2017-04-26,"BOS","BAL",NA,NA,NA,NA
2017-04-26,"CLE","CHA",NA,NA,NA,NA
2017-04-26,"DET","MIN",NA,NA,NA,NA
2017-04-26,"HOU","TB",NA,NA,NA,NA
2017-04-26,"KC","TEX",NA,NA,NA,NA
2017-04-26,"TOR","LAA",NA,NA,NA,NA
2017-04-26,"NYA","PIT",NA,NA,NA,NA
2017-04-26,"SEA","OAK",NA,NA,NA,NA
2017-04-26,"LAN","ARI",NA,NA,NA,NA
2017-04-26,"ATL","PHI",NA,NA,NA,NA
2017-04-26,"CHN","CIN",NA,NA,NA,NA
2017-04-26,"SF","COL",NA,NA,NA,NA
2017-04-26,"MIA","SD",NA,NA,NA,NA
2017-04-26,"STL","MIL",NA,NA,NA,NA
2017-04-26,"WAS","NYN",NA,NA,NA,NA
2017-04-27,"TB","BAL",NA,NA,NA,NA
2017-04-27,"KC","CHA",NA,NA,NA,NA
2017-04-27,"TOR","LAA",NA,NA,NA,NA
2017-04-27,"MIN","TEX",NA,NA,NA,NA
2017-04-27,"SD","ARI",NA,NA,NA,NA
2017-04-27,"CHN","PIT",NA,NA,NA,NA
2017-04-27,"CIN","MIL",NA,NA,NA,NA
2017-04-27,"WAS","COL",NA,NA,NA,NA
2017-04-27,"LAN","SF",NA,NA,NA,NA
2017-04-28,"TB","BAL",NA,NA,NA,NA
2017-04-28,"NYA","BOS",NA,NA,NA,NA
2017-04-28,"KC","CHA",NA,NA,NA,NA
2017-04-28,"HOU","CLE",NA,NA,NA,NA
2017-04-28,"SEA","DET",NA,NA,NA,NA
2017-04-28,"OAK","LAA",NA,NA,NA,NA
2017-04-28,"MIN","TEX",NA,NA,NA,NA
2017-04-28,"TOR","STL",NA,NA,NA,NA
2017-04-28,"SD","ARI",NA,NA,NA,NA
2017-04-28,"ATL","NYN",NA,NA,NA,NA
2017-04-28,"CHN","PIT",NA,NA,NA,NA
2017-04-28,"CIN","MIL",NA,NA,NA,NA
2017-04-28,"WAS","COL",NA,NA,NA,NA
2017-04-28,"LAN","SF",NA,NA,NA,NA
2017-04-28,"MIA","PHI",NA,NA,NA,NA
2017-04-29,"TB","BAL",NA,NA,NA,NA
2017-04-29,"NYA","BOS",NA,NA,NA,NA
2017-04-29,"KC","CHA",NA,NA,NA,NA
2017-04-29,"HOU","CLE",NA,NA,NA,NA
2017-04-29,"SEA","DET",NA,NA,NA,NA
2017-04-29,"OAK","LAA",NA,NA,NA,NA
2017-04-29,"MIN","TEX",NA,NA,NA,NA
2017-04-29,"TOR","STL",NA,NA,NA,NA
2017-04-29,"SD","ARI",NA,NA,NA,NA
2017-04-29,"ATL","NYN",NA,NA,NA,NA
2017-04-29,"CHN","PIT",NA,NA,NA,NA
2017-04-29,"CIN","MIL",NA,NA,NA,NA
2017-04-29,"WAS","COL",NA,NA,NA,NA
2017-04-29,"LAN","SF",NA,NA,NA,NA
2017-04-29,"MIA","PHI",NA,NA,NA,NA
2017-04-30,"NYA","BOS",NA,NA,NA,NA
2017-04-30,"HOU","CLE",NA,NA,NA,NA
2017-04-30,"SEA","DET",NA,NA,NA,NA
2017-04-30,"OAK","LAA",NA,NA,NA,NA
2017-04-30,"TOR","STL",NA,NA,NA,NA
2017-04-30,"SD","ARI",NA,NA,NA,NA
2017-04-30,"ATL","NYN",NA,NA,NA,NA
2017-04-30,"WAS","COL",NA,NA,NA,NA
2017-04-30,"LAN","SF",NA,NA,NA,NA
2017-04-30,"MIA","PHI",NA,NA,NA,NA
2017-05-01,"BAL","NYA",NA,NA,NA,NA
2017-05-01,"CHN","BOS",NA,NA,NA,NA
2017-05-01,"CHA","DET",NA,NA,NA,NA
2017-05-01,"SEA","CLE",NA,NA,NA,NA
2017-05-01,"OAK","HOU",NA,NA,NA,NA
2017-05-01,"MIN","KC",NA,NA,NA,NA
2017-05-01,"LAA","TEX",NA,NA,NA,NA
2017-05-01,"TB","TOR",NA,NA,NA,NA
2017-05-01,"COL","ARI",NA,NA,NA,NA
2017-05-01,"ATL","MIL",NA,NA,NA,NA
2017-05-01,"CIN","STL",NA,NA,NA,NA
2017-05-01,"PHI","LAN",NA,NA,NA,NA
2017-05-01,"PIT","MIA",NA,NA,NA,NA
2017-05-01,"NYN","WAS",NA,NA,NA,NA
2017-05-01,"SD","SF",NA,NA,NA,NA
2017-05-02,"BAL","NYA",NA,NA,NA,NA
2017-05-02,"CHN","BOS",NA,NA,NA,NA
2017-05-02,"CHA","DET",NA,NA,NA,NA
2017-05-02,"SEA","CLE",NA,NA,NA,NA
2017-05-02,"OAK","HOU",NA,NA,NA,NA
2017-05-02,"MIN","KC",NA,NA,NA,NA
2017-05-02,"LAA","TEX",NA,NA,NA,NA
2017-05-02,"TB","TOR",NA,NA,NA,NA
2017-05-02,"COL","ARI",NA,NA,NA,NA
2017-05-02,"ATL","MIL",NA,NA,NA,NA
2017-05-02,"CIN","STL",NA,NA,NA,NA
2017-05-02,"PHI","LAN",NA,NA,NA,NA
2017-05-02,"PIT","MIA",NA,NA,NA,NA
2017-05-02,"NYN","WAS",NA,NA,NA,NA
2017-05-02,"SD","SF",NA,NA,NA,NA
2017-05-03,"BAL","NYA",NA,NA,NA,NA
2017-05-03,"CHN","BOS",NA,NA,NA,NA
2017-05-03,"CHA","DET",NA,NA,NA,NA
2017-05-03,"SEA","CLE",NA,NA,NA,NA
2017-05-03,"OAK","HOU",NA,NA,NA,NA
2017-05-03,"MIN","KC",NA,NA,NA,NA
2017-05-03,"LAA","TEX",NA,NA,NA,NA
2017-05-03,"TB","TOR",NA,NA,NA,NA
2017-05-03,"COL","ARI",NA,NA,NA,NA
2017-05-03,"ATL","MIL",NA,NA,NA,NA
2017-05-03,"CIN","STL",NA,NA,NA,NA
2017-05-03,"PHI","LAN",NA,NA,NA,NA
2017-05-03,"PIT","MIA",NA,NA,NA,NA
2017-05-03,"NYN","WAS",NA,NA,NA,NA
2017-05-03,"SD","SF",NA,NA,NA,NA
2017-05-04,"BAL","BOS",NA,NA,NA,NA
2017-05-04,"CHA","KC",NA,NA,NA,NA
2017-05-04,"CLE","DET",NA,NA,NA,NA
2017-05-04,"TEX","HOU",NA,NA,NA,NA
2017-05-04,"TOR","NYA",NA,NA,NA,NA
2017-05-04,"TB","MIA",NA,NA,NA,NA
2017-05-04,"NYN","ATL",NA,NA,NA,NA
2017-05-04,"PHI","CHN",NA,NA,NA,NA
2017-05-04,"PIT","CIN",NA,NA,NA,NA
2017-05-04,"SF","LAN",NA,NA,NA,NA
2017-05-04,"MIL","STL",NA,NA,NA,NA
2017-05-05,"BAL","BOS",NA,NA,NA,NA
2017-05-05,"CHA","KC",NA,NA,NA,NA
2017-05-05,"CLE","DET",NA,NA,NA,NA
2017-05-05,"TEX","HOU",NA,NA,NA,NA
2017-05-05,"LAA","SEA",NA,NA,NA,NA
2017-05-05,"OAK","MIN",NA,NA,NA,NA
2017-05-05,"TOR","NYA",NA,NA,NA,NA
2017-05-05,"TB","MIA",NA,NA,NA,NA
2017-05-05,"ARI","WAS",NA,NA,NA,NA
2017-05-05,"NYN","ATL",NA,NA,NA,NA
2017-05-05,"PHI","CHN",NA,NA,NA,NA
2017-05-05,"PIT","CIN",NA,NA,NA,NA
2017-05-05,"COL","SD",NA,NA,NA,NA
2017-05-05,"SF","LAN",NA,NA,NA,NA
2017-05-05,"MIL","STL",NA,NA,NA,NA
2017-05-06,"BAL","BOS",NA,NA,NA,NA
2017-05-06,"CHA","KC",NA,NA,NA,NA
2017-05-06,"CLE","DET",NA,NA,NA,NA
2017-05-06,"TEX","HOU",NA,NA,NA,NA
2017-05-06,"LAA","SEA",NA,NA,NA,NA
2017-05-06,"OAK","MIN",NA,NA,NA,NA
2017-05-06,"TOR","NYA",NA,NA,NA,NA
2017-05-06,"MIA","TB",NA,NA,NA,NA
2017-05-06,"ARI","WAS",NA,NA,NA,NA
2017-05-06,"NYN","ATL",NA,NA,NA,NA
2017-05-06,"PHI","CHN",NA,NA,NA,NA
2017-05-06,"PIT","CIN",NA,NA,NA,NA
2017-05-06,"COL","SD",NA,NA,NA,NA
2017-05-06,"SF","LAN",NA,NA,NA,NA
2017-05-06,"MIL","STL",NA,NA,NA,NA
2017-05-07,"BAL","BOS",NA,NA,NA,NA
2017-05-07,"CHA","KC",NA,NA,NA,NA
2017-05-07,"CLE","DET",NA,NA,NA,NA
2017-05-07,"TEX","HOU",NA,NA,NA,NA
2017-05-07,"LAA","SEA",NA,NA,NA,NA
2017-05-07,"OAK","MIN",NA,NA,NA,NA
2017-05-07,"MIA","TB",NA,NA,NA,NA
2017-05-07,"ARI","WAS",NA,NA,NA,NA
2017-05-07,"NYN","ATL",NA,NA,NA,NA
2017-05-07,"PHI","CHN",NA,NA,NA,NA
2017-05-07,"PIT","CIN",NA,NA,NA,NA
2017-05-07,"COL","SD",NA,NA,NA,NA
2017-05-07,"MIL","STL",NA,NA,NA,NA
2017-05-08,"CHA","BAL",NA,NA,NA,NA
2017-05-08,"BOS","MIN",NA,NA,NA,NA
2017-05-08,"CLE","KC",NA,NA,NA,NA
2017-05-08,"DET","OAK",NA,NA,NA,NA
2017-05-08,"HOU","LAA",NA,NA,NA,NA
2017-05-08,"NYA","CHN",NA,NA,NA,NA
2017-05-08,"TEX","SEA",NA,NA,NA,NA
2017-05-08,"TOR","TB",NA,NA,NA,NA
2017-05-08,"ARI","COL",NA,NA,NA,NA
2017-05-08,"STL","ATL",NA,NA,NA,NA
2017-05-08,"SF","CIN",NA,NA,NA,NA
2017-05-08,"LAN","SD",NA,NA,NA,NA
2017-05-08,"MIA","NYN",NA,NA,NA,NA
2017-05-08,"MIL","PIT",NA,NA,NA,NA
2017-05-08,"WAS","PHI",NA,NA,NA,NA
2017-05-09,"CHA","BAL",NA,NA,NA,NA
2017-05-09,"BOS","MIN",NA,NA,NA,NA
2017-05-09,"CLE","KC",NA,NA,NA,NA
2017-05-09,"DET","OAK",NA,NA,NA,NA
2017-05-09,"HOU","LAA",NA,NA,NA,NA
2017-05-09,"NYA","CHN",NA,NA,NA,NA
2017-05-09,"TEX","SEA",NA,NA,NA,NA
2017-05-09,"TOR","TB",NA,NA,NA,NA
2017-05-09,"ARI","COL",NA,NA,NA,NA
2017-05-09,"STL","ATL",NA,NA,NA,NA
2017-05-09,"SF","CIN",NA,NA,NA,NA
2017-05-09,"LAN","SD",NA,NA,NA,NA
2017-05-09,"MIA","NYN",NA,NA,NA,NA
2017-05-09,"MIL","PIT",NA,NA,NA,NA
2017-05-09,"WAS","PHI",NA,NA,NA,NA
2017-05-10,"CHA","BAL",NA,NA,NA,NA
2017-05-10,"BOS","MIN",NA,NA,NA,NA
2017-05-10,"CLE","KC",NA,NA,NA,NA
2017-05-10,"DET","OAK",NA,NA,NA,NA
2017-05-10,"HOU","LAA",NA,NA,NA,NA
2017-05-10,"NYA","CHN",NA,NA,NA,NA
2017-05-10,"TEX","SEA",NA,NA,NA,NA
2017-05-10,"TOR","TB",NA,NA,NA,NA
2017-05-10,"ARI","COL",NA,NA,NA,NA
2017-05-10,"STL","ATL",NA,NA,NA,NA
2017-05-10,"SF","CIN",NA,NA,NA,NA
2017-05-10,"LAN","SD",NA,NA,NA,NA
2017-05-10,"MIA","NYN",NA,NA,NA,NA
2017-05-10,"MIL","PIT",NA,NA,NA,NA
2017-05-10,"WAS","PHI",NA,NA,NA,NA
2017-05-11,"WAS","BAL",NA,NA,NA,NA
2017-05-11,"CLE","TOR",NA,NA,NA,NA
2017-05-11,"KC","TB",NA,NA,NA,NA
2017-05-11,"LAA","OAK",NA,NA,NA,NA
2017-05-11,"NYA","CIN",NA,NA,NA,NA
2017-05-11,"TEX","SD",NA,NA,NA,NA
2017-05-11,"CHN","COL",NA,NA,NA,NA
2017-05-11,"PIT","LAN",NA,NA,NA,NA
2017-05-11,"STL","MIA",NA,NA,NA,NA
2017-05-11,"SF","NYN",NA,NA,NA,NA
2017-05-12,"WAS","BAL",NA,NA,NA,NA
2017-05-12,"BOS","MIL",NA,NA,NA,NA
2017-05-12,"MIN","CHA",NA,NA,NA,NA
2017-05-12,"CLE","TOR",NA,NA,NA,NA
2017-05-12,"DET","ARI",NA,NA,NA,NA
2017-05-12,"ATL","HOU",NA,NA,NA,NA
2017-05-12,"KC","TB",NA,NA,NA,NA
2017-05-12,"LAA","OAK",NA,NA,NA,NA
2017-05-12,"NYA","CIN",NA,NA,NA,NA
2017-05-12,"SEA","PHI",NA,NA,NA,NA
2017-05-12,"TEX","SD",NA,NA,NA,NA
2017-05-12,"CHN","COL",NA,NA,NA,NA
2017-05-12,"PIT","LAN",NA,NA,NA,NA
2017-05-12,"STL","MIA",NA,NA,NA,NA
2017-05-12,"SF","NYN",NA,NA,NA,NA
2017-05-13,"BAL","WAS",NA,NA,NA,NA
2017-05-13,"BOS","MIL",NA,NA,NA,NA
2017-05-13,"MIN","CHA",NA,NA,NA,NA
2017-05-13,"CLE","TOR",NA,NA,NA,NA
2017-05-13,"DET","ARI",NA,NA,NA,NA
2017-05-13,"ATL","HOU",NA,NA,NA,NA
2017-05-13,"KC","TB",NA,NA,NA,NA
2017-05-13,"LAA","OAK",NA,NA,NA,NA
2017-05-13,"SEA","PHI",NA,NA,NA,NA
2017-05-13,"SD","TEX",NA,NA,NA,NA
2017-05-13,"CHN","COL",NA,NA,NA,NA
2017-05-13,"PIT","LAN",NA,NA,NA,NA
2017-05-13,"STL","MIA",NA,NA,NA,NA
2017-05-13,"SF","NYN",NA,NA,NA,NA
2017-05-14,"BAL","WAS",NA,NA,NA,NA
2017-05-14,"BOS","MIL",NA,NA,NA,NA
2017-05-14,"MIN","CHA",NA,NA,NA,NA
2017-05-14,"DET","LAA",NA,NA,NA,NA
2017-05-14,"HOU","NYA",NA,NA,NA,NA
2017-05-14,"KC","TB",NA,NA,NA,NA
2017-05-14,"SEA","TOR",NA,NA,NA,NA
2017-05-14,"SD","TEX",NA,NA,NA,NA
2017-05-14,"PIT","ARI",NA,NA,NA,NA
2017-05-14,"CIN","SF",NA,NA,NA,NA
2017-05-14,"LAN","COL",NA,NA,NA,NA
2017-05-15,"BAL","KC",NA,NA,NA,NA
2017-05-15,"TB","BOS",NA,NA,NA,NA
2017-05-15,"SD","CHA",NA,NA,NA,NA
2017-05-15,"MIN","CLE",NA,NA,NA,NA
2017-05-15,"DET","LAA",NA,NA,NA,NA
2017-05-15,"HOU","NYA",NA,NA,NA,NA
2017-05-15,"OAK","TEX",NA,NA,NA,NA
2017-05-15,"SEA","TOR",NA,NA,NA,NA
2017-05-15,"PIT","ARI",NA,NA,NA,NA
2017-05-15,"ATL","MIA",NA,NA,NA,NA
2017-05-15,"CHN","STL",NA,NA,NA,NA
2017-05-15,"CIN","SF",NA,NA,NA,NA
2017-05-15,"LAN","COL",NA,NA,NA,NA
2017-05-15,"NYN","MIL",NA,NA,NA,NA
2017-05-15,"PHI","WAS",NA,NA,NA,NA
2017-05-16,"BAL","KC",NA,NA,NA,NA
2017-05-16,"TB","BOS",NA,NA,NA,NA
2017-05-16,"SD","CHA",NA,NA,NA,NA
2017-05-16,"MIN","CLE",NA,NA,NA,NA
2017-05-16,"DET","LAA",NA,NA,NA,NA
2017-05-16,"HOU","NYA",NA,NA,NA,NA
2017-05-16,"OAK","TEX",NA,NA,NA,NA
2017-05-16,"SEA","TOR",NA,NA,NA,NA
2017-05-16,"PIT","ARI",NA,NA,NA,NA
2017-05-16,"ATL","MIA",NA,NA,NA,NA
2017-05-16,"CHN","STL",NA,NA,NA,NA
2017-05-16,"CIN","SF",NA,NA,NA,NA
2017-05-16,"LAN","COL",NA,NA,NA,NA
2017-05-16,"NYN","MIL",NA,NA,NA,NA
2017-05-16,"PHI","WAS",NA,NA,NA,NA
2017-05-17,"BAL","KC",NA,NA,NA,NA
2017-05-17,"TB","BOS",NA,NA,NA,NA
2017-05-17,"SD","CHA",NA,NA,NA,NA
2017-05-17,"MIN","CLE",NA,NA,NA,NA
2017-05-17,"DET","LAA",NA,NA,NA,NA
2017-05-17,"HOU","NYA",NA,NA,NA,NA
2017-05-17,"OAK","TEX",NA,NA,NA,NA
2017-05-17,"SEA","TOR",NA,NA,NA,NA
2017-05-17,"PIT","ARI",NA,NA,NA,NA
2017-05-17,"ATL","MIA",NA,NA,NA,NA
2017-05-17,"CHN","STL",NA,NA,NA,NA
2017-05-17,"CIN","SF",NA,NA,NA,NA
2017-05-17,"LAN","COL",NA,NA,NA,NA
2017-05-17,"NYN","MIL",NA,NA,NA,NA
2017-05-17,"PHI","WAS",NA,NA,NA,NA
2017-05-18,"CHA","LAA",NA,NA,NA,NA
2017-05-18,"TB","CLE",NA,NA,NA,NA
2017-05-18,"HOU","MIA",NA,NA,NA,NA
2017-05-18,"OAK","SEA",NA,NA,NA,NA
2017-05-18,"ATL","TOR",NA,NA,NA,NA
2017-05-18,"NYN","ARI",NA,NA,NA,NA
2017-05-18,"LAN","SF",NA,NA,NA,NA
2017-05-18,"MIL","SD",NA,NA,NA,NA
2017-05-19,"BAL","DET",NA,NA,NA,NA
2017-05-19,"BOS","STL",NA,NA,NA,NA
2017-05-19,"CHA","LAA",NA,NA,NA,NA
2017-05-19,"TB","CLE",NA,NA,NA,NA
2017-05-19,"HOU","MIA",NA,NA,NA,NA
2017-05-19,"NYA","KC",NA,NA,NA,NA
2017-05-19,"COL","MIN",NA,NA,NA,NA
2017-05-19,"OAK","SEA",NA,NA,NA,NA
2017-05-19,"PHI","TEX",NA,NA,NA,NA
2017-05-19,"ATL","TOR",NA,NA,NA,NA
2017-05-19,"NYN","ARI",NA,NA,NA,NA
2017-05-19,"CIN","CHN",NA,NA,NA,NA
2017-05-19,"LAN","SF",NA,NA,NA,NA
2017-05-19,"MIL","SD",NA,NA,NA,NA
2017-05-19,"WAS","PIT",NA,NA,NA,NA
2017-05-20,"BAL","DET",NA,NA,NA,NA
2017-05-20,"BOS","STL",NA,NA,NA,NA
2017-05-20,"CHA","LAA",NA,NA,NA,NA
2017-05-20,"TB","CLE",NA,NA,NA,NA
2017-05-20,"HOU","MIA",NA,NA,NA,NA
2017-05-20,"NYA","KC",NA,NA,NA,NA
2017-05-20,"COL","MIN",NA,NA,NA,NA
2017-05-20,"OAK","SEA",NA,NA,NA,NA
2017-05-20,"PHI","TEX",NA,NA,NA,NA
2017-05-20,"TOR","ATL",NA,NA,NA,NA
2017-05-20,"NYN","ARI",NA,NA,NA,NA
2017-05-20,"CIN","CHN",NA,NA,NA,NA
2017-05-20,"LAN","SF",NA,NA,NA,NA
2017-05-20,"MIL","SD",NA,NA,NA,NA
2017-05-20,"WAS","PIT",NA,NA,NA,NA
2017-05-21,"BAL","DET",NA,NA,NA,NA
2017-05-21,"BOS","OAK",NA,NA,NA,NA
2017-05-21,"CHA","SEA",NA,NA,NA,NA
2017-05-21,"NYA","KC",NA,NA,NA,NA
2017-05-21,"COL","MIN",NA,NA,NA,NA
2017-05-21,"PHI","TEX",NA,NA,NA,NA
2017-05-21,"TOR","ATL",NA,NA,NA,NA
2017-05-21,"CIN","CHN",NA,NA,NA,NA
2017-05-21,"MIA","LAN",NA,NA,NA,NA
2017-05-21,"MIL","SD",NA,NA,NA,NA
2017-05-21,"WAS","PIT",NA,NA,NA,NA
2017-05-22,"TOR","BAL",NA,NA,NA,NA
2017-05-22,"BOS","OAK",NA,NA,NA,NA
2017-05-22,"CHA","SEA",NA,NA,NA,NA
2017-05-22,"CLE","HOU",NA,NA,NA,NA
2017-05-22,"TEX","DET",NA,NA,NA,NA
2017-05-22,"KC","MIN",NA,NA,NA,NA
2017-05-22,"LAA","NYN",NA,NA,NA,NA
2017-05-22,"NYA","TB",NA,NA,NA,NA
2017-05-22,"ARI","SD",NA,NA,NA,NA
2017-05-22,"WAS","ATL",NA,NA,NA,NA
2017-05-22,"MIL","CHN",NA,NA,NA,NA
2017-05-22,"COL","CIN",NA,NA,NA,NA
2017-05-22,"MIA","LAN",NA,NA,NA,NA
2017-05-22,"PHI","PIT",NA,NA,NA,NA
2017-05-22,"SF","STL",NA,NA,NA,NA
2017-05-23,"TOR","BAL",NA,NA,NA,NA
2017-05-23,"BOS","OAK",NA,NA,NA,NA
2017-05-23,"CHA","SEA",NA,NA,NA,NA
2017-05-23,"CLE","HOU",NA,NA,NA,NA
2017-05-23,"TEX","DET",NA,NA,NA,NA
2017-05-23,"KC","MIN",NA,NA,NA,NA
2017-05-23,"LAA","NYN",NA,NA,NA,NA
2017-05-23,"NYA","TB",NA,NA,NA,NA
2017-05-23,"ARI","SD",NA,NA,NA,NA
2017-05-23,"WAS","ATL",NA,NA,NA,NA
2017-05-23,"MIL","CHN",NA,NA,NA,NA
2017-05-23,"COL","CIN",NA,NA,NA,NA
2017-05-23,"MIA","LAN",NA,NA,NA,NA
2017-05-23,"PHI","PIT",NA,NA,NA,NA
2017-05-23,"SF","STL",NA,NA,NA,NA
2017-05-24,"TOR","BAL",NA,NA,NA,NA
2017-05-24,"BOS","OAK",NA,NA,NA,NA
2017-05-24,"CHA","SEA",NA,NA,NA,NA
2017-05-24,"CLE","HOU",NA,NA,NA,NA
2017-05-24,"TEX","DET",NA,NA,NA,NA
2017-05-24,"KC","MIN",NA,NA,NA,NA
2017-05-24,"LAA","NYN",NA,NA,NA,NA
2017-05-24,"NYA","TB",NA,NA,NA,NA
2017-05-24,"ARI","SD",NA,NA,NA,NA
2017-05-24,"WAS","ATL",NA,NA,NA,NA
2017-05-24,"MIL","CHN",NA,NA,NA,NA
2017-05-24,"COL","CIN",NA,NA,NA,NA
2017-05-24,"MIA","LAN",NA,NA,NA,NA
2017-05-24,"PHI","PIT",NA,NA,NA,NA
2017-05-24,"SF","STL",NA,NA,NA,NA
2017-05-25,"MIN","BAL",NA,NA,NA,NA
2017-05-25,"CHA","ARI",NA,NA,NA,NA
2017-05-25,"CLE","CIN",NA,NA,NA,NA
2017-05-25,"DET","HOU",NA,NA,NA,NA
2017-05-25,"KC","NYA",NA,NA,NA,NA
2017-05-25,"LAA","TB",NA,NA,NA,NA
2017-05-25,"PIT","ATL",NA,NA,NA,NA
2017-05-25,"SF","CHN",NA,NA,NA,NA
2017-05-25,"COL","PHI",NA,NA,NA,NA
2017-05-26,"MIN","BAL",NA,NA,NA,NA
2017-05-26,"TEX","BOS",NA,NA,NA,NA
2017-05-26,"CHA","ARI",NA,NA,NA,NA
2017-05-26,"CLE","CIN",NA,NA,NA,NA
2017-05-26,"DET","HOU",NA,NA,NA,NA
2017-05-26,"KC","NYA",NA,NA,NA,NA
2017-05-26,"LAA","TB",NA,NA,NA,NA
2017-05-26,"MIA","OAK",NA,NA,NA,NA
2017-05-26,"SEA","WAS",NA,NA,NA,NA
2017-05-26,"TOR","MIL",NA,NA,NA,NA
2017-05-26,"PIT","ATL",NA,NA,NA,NA
2017-05-26,"SF","CHN",NA,NA,NA,NA
2017-05-26,"COL","PHI",NA,NA,NA,NA
2017-05-26,"STL","LAN",NA,NA,NA,NA
2017-05-26,"SD","NYN",NA,NA,NA,NA
2017-05-27,"MIN","BAL",NA,NA,NA,NA
2017-05-27,"TEX","BOS",NA,NA,NA,NA
2017-05-27,"CHA","ARI",NA,NA,NA,NA
2017-05-27,"CIN","CLE",NA,NA,NA,NA
2017-05-27,"DET","HOU",NA,NA,NA,NA
2017-05-27,"KC","NYA",NA,NA,NA,NA
2017-05-27,"LAA","TB",NA,NA,NA,NA
2017-05-27,"MIA","OAK",NA,NA,NA,NA
2017-05-27,"SEA","WAS",NA,NA,NA,NA
2017-05-27,"TOR","MIL",NA,NA,NA,NA
2017-05-27,"PIT","ATL",NA,NA,NA,NA
2017-05-27,"SF","CHN",NA,NA,NA,NA
2017-05-27,"COL","PHI",NA,NA,NA,NA
2017-05-27,"STL","LAN",NA,NA,NA,NA
2017-05-27,"SD","NYN",NA,NA,NA,NA
2017-05-28,"TEX","BOS",NA,NA,NA,NA
2017-05-28,"CIN","CLE",NA,NA,NA,NA
2017-05-28,"DET","HOU",NA,NA,NA,NA
2017-05-28,"KC","NYA",NA,NA,NA,NA
2017-05-28,"LAA","TB",NA,NA,NA,NA
2017-05-28,"SEA","WAS",NA,NA,NA,NA
2017-05-28,"ARI","MIL",NA,NA,NA,NA
2017-05-28,"PIT","ATL",NA,NA,NA,NA
2017-05-28,"SF","CHN",NA,NA,NA,NA
2017-05-28,"COL","PHI",NA,NA,NA,NA
2017-05-28,"STL","LAN",NA,NA,NA,NA
2017-05-28,"SD","NYN",NA,NA,NA,NA
2017-05-29,"BAL","HOU",NA,NA,NA,NA
2017-05-29,"SEA","BOS",NA,NA,NA,NA
2017-05-29,"DET","CHA",NA,NA,NA,NA
2017-05-29,"KC","CLE",NA,NA,NA,NA
2017-05-29,"LAA","MIA",NA,NA,NA,NA
2017-05-29,"TB","MIN",NA,NA,NA,NA
2017-05-29,"OAK","NYA",NA,NA,NA,NA
2017-05-29,"TEX","TOR",NA,NA,NA,NA
2017-05-29,"ARI","MIL",NA,NA,NA,NA
2017-05-29,"ATL","SF",NA,NA,NA,NA
2017-05-29,"CHN","LAN",NA,NA,NA,NA
2017-05-29,"CIN","PHI",NA,NA,NA,NA
2017-05-29,"STL","COL",NA,NA,NA,NA
2017-05-29,"NYN","PIT",NA,NA,NA,NA
2017-05-29,"SD","WAS",NA,NA,NA,NA
2017-05-30,"BAL","HOU",NA,NA,NA,NA
2017-05-30,"SEA","BOS",NA,NA,NA,NA
2017-05-30,"DET","CHA",NA,NA,NA,NA
2017-05-30,"KC","CLE",NA,NA,NA,NA
2017-05-30,"LAA","MIA",NA,NA,NA,NA
2017-05-30,"TB","MIN",NA,NA,NA,NA
2017-05-30,"OAK","NYA",NA,NA,NA,NA
2017-05-30,"TEX","TOR",NA,NA,NA,NA
2017-05-30,"ARI","MIL",NA,NA,NA,NA
2017-05-30,"ATL","SF",NA,NA,NA,NA
2017-05-30,"CHN","LAN",NA,NA,NA,NA
2017-05-30,"CIN","PHI",NA,NA,NA,NA
2017-05-30,"STL","COL",NA,NA,NA,NA
2017-05-30,"NYN","PIT",NA,NA,NA,NA
2017-05-30,"SD","WAS",NA,NA,NA,NA
2017-05-31,"BAL","HOU",NA,NA,NA,NA
2017-05-31,"SEA","BOS",NA,NA,NA,NA
2017-05-31,"DET","CHA",NA,NA,NA,NA
2017-05-31,"KC","CLE",NA,NA,NA,NA
2017-05-31,"LAA","MIA",NA,NA,NA,NA
2017-05-31,"TB","MIN",NA,NA,NA,NA
2017-05-31,"OAK","NYA",NA,NA,NA,NA
2017-05-31,"TEX","TOR",NA,NA,NA,NA
2017-05-31,"ARI","MIL",NA,NA,NA,NA
2017-05-31,"ATL","SF",NA,NA,NA,NA
2017-05-31,"CHN","LAN",NA,NA,NA,NA
2017-05-31,"CIN","PHI",NA,NA,NA,NA
2017-05-31,"STL","COL",NA,NA,NA,NA
2017-05-31,"NYN","PIT",NA,NA,NA,NA
2017-05-31,"SD","WAS",NA,NA,NA,NA
2017-06-01,"NYA","BAL",NA,NA,NA,NA
2017-06-01,"BOS","CHA",NA,NA,NA,NA
2017-06-01,"OAK","CLE",NA,NA,NA,NA
2017-06-01,"DET","KC",NA,NA,NA,NA
2017-06-01,"HOU","MIN",NA,NA,NA,NA
2017-06-01,"ATL","LAA",NA,NA,NA,NA
2017-06-01,"SEA","COL",NA,NA,NA,NA
2017-06-01,"TB","TEX",NA,NA,NA,NA
2017-06-01,"CIN","TOR",NA,NA,NA,NA
2017-06-01,"ARI","PIT",NA,NA,NA,NA
2017-06-01,"CHN","SD",NA,NA,NA,NA
2017-06-01,"LAN","STL",NA,NA,NA,NA
2017-06-01,"PHI","MIA",NA,NA,NA,NA
2017-06-01,"MIL","NYN",NA,NA,NA,NA
2017-06-01,"WAS","SF",NA,NA,NA,NA
2017-06-02,"NYA","BAL",NA,NA,NA,NA
2017-06-02,"BOS","CHA",NA,NA,NA,NA
2017-06-02,"OAK","CLE",NA,NA,NA,NA
2017-06-02,"DET","KC",NA,NA,NA,NA
2017-06-02,"HOU","MIN",NA,NA,NA,NA
2017-06-02,"ATL","LAA",NA,NA,NA,NA
2017-06-02,"SEA","COL",NA,NA,NA,NA
2017-06-02,"TB","TEX",NA,NA,NA,NA
2017-06-02,"CIN","TOR",NA,NA,NA,NA
2017-06-02,"ARI","PIT",NA,NA,NA,NA
2017-06-02,"CHN","SD",NA,NA,NA,NA
2017-06-02,"LAN","STL",NA,NA,NA,NA
2017-06-02,"PHI","MIA",NA,NA,NA,NA
2017-06-02,"MIL","NYN",NA,NA,NA,NA
2017-06-02,"WAS","SF",NA,NA,NA,NA
2017-06-03,"NYA","BAL",NA,NA,NA,NA
2017-06-03,"BOS","CHA",NA,NA,NA,NA
2017-06-03,"OAK","CLE",NA,NA,NA,NA
2017-06-03,"DET","KC",NA,NA,NA,NA
2017-06-03,"HOU","MIN",NA,NA,NA,NA
2017-06-03,"ATL","LAA",NA,NA,NA,NA
2017-06-03,"COL","SEA",NA,NA,NA,NA
2017-06-03,"TB","TEX",NA,NA,NA,NA
2017-06-03,"CIN","TOR",NA,NA,NA,NA
2017-06-03,"ARI","PIT",NA,NA,NA,NA
2017-06-03,"CHN","SD",NA,NA,NA,NA
2017-06-03,"LAN","STL",NA,NA,NA,NA
2017-06-03,"PHI","MIA",NA,NA,NA,NA
2017-06-03,"MIL","NYN",NA,NA,NA,NA
2017-06-03,"WAS","SF",NA,NA,NA,NA
2017-06-04,"BOS","BAL",NA,NA,NA,NA
2017-06-04,"OAK","CLE",NA,NA,NA,NA
2017-06-04,"MIN","LAA",NA,NA,NA,NA
2017-06-04,"NYA","TOR",NA,NA,NA,NA
2017-06-04,"COL","SEA",NA,NA,NA,NA
2017-06-04,"ARI","MIA",NA,NA,NA,NA
2017-06-04,"LAN","STL",NA,NA,NA,NA
2017-06-04,"MIL","NYN",NA,NA,NA,NA
2017-06-05,"BOS","BAL",NA,NA,NA,NA
2017-06-05,"CHA","DET",NA,NA,NA,NA
2017-06-05,"CLE","KC",NA,NA,NA,NA
2017-06-05,"HOU","TEX",NA,NA,NA,NA
2017-06-05,"MIN","LAA",NA,NA,NA,NA
2017-06-05,"NYA","TOR",NA,NA,NA,NA
2017-06-05,"WAS","OAK",NA,NA,NA,NA
2017-06-05,"TB","SEA",NA,NA,NA,NA
2017-06-05,"ARI","MIA",NA,NA,NA,NA
2017-06-05,"ATL","CIN",NA,NA,NA,NA
2017-06-05,"STL","CHN",NA,NA,NA,NA
2017-06-05,"COL","SD",NA,NA,NA,NA
2017-06-05,"LAN","MIL",NA,NA,NA,NA
2017-06-05,"PIT","NYN",NA,NA,NA,NA
2017-06-05,"SF","PHI",NA,NA,NA,NA
2017-06-06,"BOS","BAL",NA,NA,NA,NA
2017-06-06,"CHA","DET",NA,NA,NA,NA
2017-06-06,"CLE","KC",NA,NA,NA,NA
2017-06-06,"HOU","TEX",NA,NA,NA,NA
2017-06-06,"MIN","LAA",NA,NA,NA,NA
2017-06-06,"NYA","TOR",NA,NA,NA,NA
2017-06-06,"WAS","OAK",NA,NA,NA,NA
2017-06-06,"TB","SEA",NA,NA,NA,NA
2017-06-06,"ARI","MIA",NA,NA,NA,NA
2017-06-06,"ATL","CIN",NA,NA,NA,NA
2017-06-06,"STL","CHN",NA,NA,NA,NA
2017-06-06,"COL","SD",NA,NA,NA,NA
2017-06-06,"LAN","MIL",NA,NA,NA,NA
2017-06-06,"PIT","NYN",NA,NA,NA,NA
2017-06-06,"SF","PHI",NA,NA,NA,NA
2017-06-07,"BOS","BAL",NA,NA,NA,NA
2017-06-07,"CHA","DET",NA,NA,NA,NA
2017-06-07,"CLE","KC",NA,NA,NA,NA
2017-06-07,"HOU","TEX",NA,NA,NA,NA
2017-06-07,"MIN","LAA",NA,NA,NA,NA
2017-06-07,"NYA","TOR",NA,NA,NA,NA
2017-06-07,"WAS","OAK",NA,NA,NA,NA
2017-06-07,"TB","SEA",NA,NA,NA,NA
2017-06-07,"ARI","MIA",NA,NA,NA,NA
2017-06-07,"ATL","CIN",NA,NA,NA,NA
2017-06-07,"STL","CHN",NA,NA,NA,NA
2017-06-07,"COL","SD",NA,NA,NA,NA
2017-06-07,"LAN","MIL",NA,NA,NA,NA
2017-06-07,"PIT","NYN",NA,NA,NA,NA
2017-06-07,"SF","PHI",NA,NA,NA,NA
2017-06-08,"HOU","KC",NA,NA,NA,NA
2017-06-08,"TOR","OAK",NA,NA,NA,NA
2017-06-08,"PHI","ATL",NA,NA,NA,NA
2017-06-08,"MIA","CHN",NA,NA,NA,NA
2017-06-08,"STL","CIN",NA,NA,NA,NA
2017-06-08,"WAS","LAN",NA,NA,NA,NA
2017-06-08,"SF","MIL",NA,NA,NA,NA
2017-06-09,"PIT","BAL",NA,NA,NA,NA
2017-06-09,"BOS","NYA",NA,NA,NA,NA
2017-06-09,"CHA","TB",NA,NA,NA,NA
2017-06-09,"CLE","COL",NA,NA,NA,NA
2017-06-09,"LAA","DET",NA,NA,NA,NA
2017-06-09,"HOU","KC",NA,NA,NA,NA
2017-06-09,"MIN","SEA",NA,NA,NA,NA
2017-06-09,"TOR","OAK",NA,NA,NA,NA
2017-06-09,"NYN","TEX",NA,NA,NA,NA
2017-06-09,"SD","ARI",NA,NA,NA,NA
2017-06-09,"PHI","ATL",NA,NA,NA,NA
2017-06-09,"MIA","CHN",NA,NA,NA,NA
2017-06-09,"STL","CIN",NA,NA,NA,NA
2017-06-09,"WAS","LAN",NA,NA,NA,NA
2017-06-09,"SF","MIL",NA,NA,NA,NA
2017-06-10,"PIT","BAL",NA,NA,NA,NA
2017-06-10,"BOS","NYA",NA,NA,NA,NA
2017-06-10,"CHA","TB",NA,NA,NA,NA
2017-06-10,"CLE","COL",NA,NA,NA,NA
2017-06-10,"LAA","DET",NA,NA,NA,NA
2017-06-10,"HOU","KC",NA,NA,NA,NA
2017-06-10,"MIN","SEA",NA,NA,NA,NA
2017-06-10,"TOR","OAK",NA,NA,NA,NA
2017-06-10,"NYN","TEX",NA,NA,NA,NA
2017-06-10,"SD","ARI",NA,NA,NA,NA
2017-06-10,"PHI","ATL",NA,NA,NA,NA
2017-06-10,"MIA","CHN",NA,NA,NA,NA
2017-06-10,"STL","CIN",NA,NA,NA,NA
2017-06-10,"WAS","LAN",NA,NA,NA,NA
2017-06-10,"SF","MIL",NA,NA,NA,NA
2017-06-11,"BOS","NYA",NA,NA,NA,NA
2017-06-11,"CHA","TB",NA,NA,NA,NA
2017-06-11,"LAA","DET",NA,NA,NA,NA
2017-06-11,"HOU","KC",NA,NA,NA,NA
2017-06-11,"MIN","SEA",NA,NA,NA,NA
2017-06-11,"SD","ARI",NA,NA,NA,NA
2017-06-11,"PHI","ATL",NA,NA,NA,NA
2017-06-11,"COL","CHN",NA,NA,NA,NA
2017-06-11,"STL","CIN",NA,NA,NA,NA
2017-06-11,"MIA","PIT",NA,NA,NA,NA
2017-06-11,"SF","MIL",NA,NA,NA,NA
2017-06-12,"BAL","NYA",NA,NA,NA,NA
2017-06-12,"DET","BOS",NA,NA,NA,NA
2017-06-12,"CHA","CLE",NA,NA,NA,NA
2017-06-12,"LAA","HOU",NA,NA,NA,NA
2017-06-12,"KC","SD",NA,NA,NA,NA
2017-06-12,"MIN","SF",NA,NA,NA,NA
2017-06-12,"OAK","TB",NA,NA,NA,NA
2017-06-12,"TOR","SEA",NA,NA,NA,NA
2017-06-12,"TEX","WAS",NA,NA,NA,NA
2017-06-12,"MIL","ARI",NA,NA,NA,NA
2017-06-12,"NYN","ATL",NA,NA,NA,NA
2017-06-12,"COL","CHN",NA,NA,NA,NA
2017-06-12,"CIN","LAN",NA,NA,NA,NA
2017-06-12,"MIA","PIT",NA,NA,NA,NA
2017-06-12,"PHI","STL",NA,NA,NA,NA
2017-06-13,"BAL","NYA",NA,NA,NA,NA
2017-06-13,"DET","BOS",NA,NA,NA,NA
2017-06-13,"CHA","CLE",NA,NA,NA,NA
2017-06-13,"LAA","HOU",NA,NA,NA,NA
2017-06-13,"KC","SD",NA,NA,NA,NA
2017-06-13,"MIN","SF",NA,NA,NA,NA
2017-06-13,"OAK","TB",NA,NA,NA,NA
2017-06-13,"TOR","SEA",NA,NA,NA,NA
2017-06-13,"TEX","WAS",NA,NA,NA,NA
2017-06-13,"MIL","ARI",NA,NA,NA,NA
2017-06-13,"NYN","ATL",NA,NA,NA,NA
2017-06-13,"COL","CHN",NA,NA,NA,NA
2017-06-13,"CIN","LAN",NA,NA,NA,NA
2017-06-13,"MIA","PIT",NA,NA,NA,NA
2017-06-13,"PHI","STL",NA,NA,NA,NA
2017-06-14,"BAL","NYA",NA,NA,NA,NA
2017-06-14,"DET","BOS",NA,NA,NA,NA
2017-06-14,"CHA","CLE",NA,NA,NA,NA
2017-06-14,"LAA","HOU",NA,NA,NA,NA
2017-06-14,"KC","SD",NA,NA,NA,NA
2017-06-14,"MIN","SF",NA,NA,NA,NA
2017-06-14,"OAK","TB",NA,NA,NA,NA
2017-06-14,"TOR","SEA",NA,NA,NA,NA
2017-06-14,"TEX","WAS",NA,NA,NA,NA
2017-06-14,"MIL","ARI",NA,NA,NA,NA
2017-06-14,"NYN","ATL",NA,NA,NA,NA
2017-06-14,"COL","CHN",NA,NA,NA,NA
2017-06-14,"CIN","LAN",NA,NA,NA,NA
2017-06-14,"MIA","PIT",NA,NA,NA,NA
2017-06-14,"PHI","STL",NA,NA,NA,NA
2017-06-15,"BAL","CHA",NA,NA,NA,NA
2017-06-15,"PHI","BOS",NA,NA,NA,NA
2017-06-15,"TEX","HOU",NA,NA,NA,NA
2017-06-15,"NYA","LAA",NA,NA,NA,NA
2017-06-15,"SEA","MIN",NA,NA,NA,NA
2017-06-15,"ATL","WAS",NA,NA,NA,NA
2017-06-15,"CHN","NYN",NA,NA,NA,NA
2017-06-15,"CIN","SD",NA,NA,NA,NA
2017-06-15,"COL","PIT",NA,NA,NA,NA
2017-06-16,"BAL","CHA",NA,NA,NA,NA
2017-06-16,"PHI","BOS",NA,NA,NA,NA
2017-06-16,"LAN","CLE",NA,NA,NA,NA
2017-06-16,"ARI","DET",NA,NA,NA,NA
2017-06-16,"TEX","HOU",NA,NA,NA,NA
2017-06-16,"KC","SF",NA,NA,NA,NA
2017-06-16,"NYA","LAA",NA,NA,NA,NA
2017-06-16,"SEA","MIN",NA,NA,NA,NA
2017-06-16,"OAK","MIA",NA,NA,NA,NA
2017-06-16,"TB","TOR",NA,NA,NA,NA
2017-06-16,"ATL","WAS",NA,NA,NA,NA
2017-06-16,"CHN","NYN",NA,NA,NA,NA
2017-06-16,"CIN","SD",NA,NA,NA,NA
2017-06-16,"COL","PIT",NA,NA,NA,NA
2017-06-16,"MIL","STL",NA,NA,NA,NA
2017-06-17,"BAL","CHA",NA,NA,NA,NA
2017-06-17,"BOS","PHI",NA,NA,NA,NA
2017-06-17,"LAN","CLE",NA,NA,NA,NA
2017-06-17,"ARI","DET",NA,NA,NA,NA
2017-06-17,"TEX","HOU",NA,NA,NA,NA
2017-06-17,"KC","SF",NA,NA,NA,NA
2017-06-17,"NYA","LAA",NA,NA,NA,NA
2017-06-17,"SEA","MIN",NA,NA,NA,NA
2017-06-17,"OAK","MIA",NA,NA,NA,NA
2017-06-17,"TB","TOR",NA,NA,NA,NA
2017-06-17,"ATL","WAS",NA,NA,NA,NA
2017-06-17,"CHN","NYN",NA,NA,NA,NA
2017-06-17,"CIN","SD",NA,NA,NA,NA
2017-06-17,"COL","PIT",NA,NA,NA,NA
2017-06-17,"MIL","STL",NA,NA,NA,NA
2017-06-18,"BAL","CHA",NA,NA,NA,NA
2017-06-18,"BOS","PHI",NA,NA,NA,NA
2017-06-18,"LAN","CLE",NA,NA,NA,NA
2017-06-18,"TB","DET",NA,NA,NA,NA
2017-06-18,"KC","LAA",NA,NA,NA,NA
2017-06-18,"SEA","MIN",NA,NA,NA,NA
2017-06-18,"NYA","OAK",NA,NA,NA,NA
2017-06-18,"SF","COL",NA,NA,NA,NA
2017-06-18,"MIL","STL",NA,NA,NA,NA
2017-06-18,"WAS","NYN",NA,NA,NA,NA
2017-06-19,"STL","BAL",NA,NA,NA,NA
2017-06-19,"BOS","HOU",NA,NA,NA,NA
2017-06-19,"CHA","TOR",NA,NA,NA,NA
2017-06-19,"CLE","MIN",NA,NA,NA,NA
2017-06-19,"TB","DET",NA,NA,NA,NA
2017-06-19,"KC","LAA",NA,NA,NA,NA
2017-06-19,"NYA","OAK",NA,NA,NA,NA
2017-06-19,"SEA","TEX",NA,NA,NA,NA
2017-06-19,"ARI","PHI",NA,NA,NA,NA
2017-06-19,"MIA","ATL",NA,NA,NA,NA
2017-06-19,"CHN","PIT",NA,NA,NA,NA
2017-06-19,"LAN","CIN",NA,NA,NA,NA
2017-06-19,"SF","COL",NA,NA,NA,NA
2017-06-19,"SD","MIL",NA,NA,NA,NA
2017-06-19,"WAS","NYN",NA,NA,NA,NA
2017-06-20,"STL","BAL",NA,NA,NA,NA
2017-06-20,"BOS","HOU",NA,NA,NA,NA
2017-06-20,"CHA","TOR",NA,NA,NA,NA
2017-06-20,"CLE","MIN",NA,NA,NA,NA
2017-06-20,"TB","DET",NA,NA,NA,NA
2017-06-20,"KC","LAA",NA,NA,NA,NA
2017-06-20,"NYA","OAK",NA,NA,NA,NA
2017-06-20,"SEA","TEX",NA,NA,NA,NA
2017-06-20,"ARI","PHI",NA,NA,NA,NA
2017-06-20,"MIA","ATL",NA,NA,NA,NA
2017-06-20,"CHN","PIT",NA,NA,NA,NA
2017-06-20,"LAN","CIN",NA,NA,NA,NA
2017-06-20,"SF","COL",NA,NA,NA,NA
2017-06-20,"SD","MIL",NA,NA,NA,NA
2017-06-20,"WAS","NYN",NA,NA,NA,NA
2017-06-21,"STL","BAL",NA,NA,NA,NA
2017-06-21,"BOS","HOU",NA,NA,NA,NA
2017-06-21,"CHA","TOR",NA,NA,NA,NA
2017-06-21,"CLE","MIN",NA,NA,NA,NA
2017-06-21,"TB","DET",NA,NA,NA,NA
2017-06-21,"KC","LAA",NA,NA,NA,NA
2017-06-21,"NYA","OAK",NA,NA,NA,NA
2017-06-21,"SEA","TEX",NA,NA,NA,NA
2017-06-21,"ARI","PHI",NA,NA,NA,NA
2017-06-21,"MIA","ATL",NA,NA,NA,NA
2017-06-21,"CHN","PIT",NA,NA,NA,NA
2017-06-21,"LAN","CIN",NA,NA,NA,NA
2017-06-21,"SF","COL",NA,NA,NA,NA
2017-06-21,"SD","MIL",NA,NA,NA,NA
2017-06-21,"WAS","NYN",NA,NA,NA,NA
2017-06-22,"CLE","BAL",NA,NA,NA,NA
2017-06-22,"BOS","KC",NA,NA,NA,NA
2017-06-22,"DET","SEA",NA,NA,NA,NA
2017-06-22,"HOU","OAK",NA,NA,NA,NA
2017-06-22,"CIN","TB",NA,NA,NA,NA
2017-06-22,"TOR","TEX",NA,NA,NA,NA
2017-06-22,"SF","ATL",NA,NA,NA,NA
2017-06-22,"SD","CHN",NA,NA,NA,NA
2017-06-22,"NYN","LAN",NA,NA,NA,NA
2017-06-22,"WAS","MIA",NA,NA,NA,NA
2017-06-22,"PIT","MIL",NA,NA,NA,NA
2017-06-23,"CLE","BAL",NA,NA,NA,NA
2017-06-23,"BOS","KC",NA,NA,NA,NA
2017-06-23,"CHA","MIN",NA,NA,NA,NA
2017-06-23,"DET","SEA",NA,NA,NA,NA
2017-06-23,"HOU","OAK",NA,NA,NA,NA
2017-06-23,"LAA","NYA",NA,NA,NA,NA
2017-06-23,"CIN","TB",NA,NA,NA,NA
2017-06-23,"TOR","TEX",NA,NA,NA,NA
2017-06-23,"ARI","COL",NA,NA,NA,NA
2017-06-23,"SF","ATL",NA,NA,NA,NA
2017-06-23,"SD","CHN",NA,NA,NA,NA
2017-06-23,"NYN","LAN",NA,NA,NA,NA
2017-06-23,"WAS","MIA",NA,NA,NA,NA
2017-06-23,"PIT","MIL",NA,NA,NA,NA
2017-06-23,"STL","PHI",NA,NA,NA,NA
2017-06-24,"CLE","BAL",NA,NA,NA,NA
2017-06-24,"BOS","KC",NA,NA,NA,NA
2017-06-24,"CHA","MIN",NA,NA,NA,NA
2017-06-24,"DET","SEA",NA,NA,NA,NA
2017-06-24,"HOU","OAK",NA,NA,NA,NA
2017-06-24,"LAA","NYA",NA,NA,NA,NA
2017-06-24,"CIN","TB",NA,NA,NA,NA
2017-06-24,"TOR","TEX",NA,NA,NA,NA
2017-06-24,"ARI","COL",NA,NA,NA,NA
2017-06-24,"SF","ATL",NA,NA,NA,NA
2017-06-24,"SD","CHN",NA,NA,NA,NA
2017-06-24,"NYN","LAN",NA,NA,NA,NA
2017-06-24,"WAS","MIA",NA,NA,NA,NA
2017-06-24,"PIT","MIL",NA,NA,NA,NA
2017-06-24,"STL","PHI",NA,NA,NA,NA
2017-06-25,"CLE","BAL",NA,NA,NA,NA
2017-06-25,"CHA","MIN",NA,NA,NA,NA
2017-06-25,"DET","SEA",NA,NA,NA,NA
2017-06-25,"HOU","OAK",NA,NA,NA,NA
2017-06-25,"LAA","NYA",NA,NA,NA,NA
2017-06-25,"TOR","TEX",NA,NA,NA,NA
2017-06-25,"ARI","COL",NA,NA,NA,NA
2017-06-25,"SF","ATL",NA,NA,NA,NA
2017-06-25,"CHN","MIA",NA,NA,NA,NA
2017-06-25,"NYN","LAN",NA,NA,NA,NA
2017-06-25,"PIT","MIL",NA,NA,NA,NA
2017-06-25,"STL","PHI",NA,NA,NA,NA
2017-06-26,"BAL","TB",NA,NA,NA,NA
2017-06-26,"LAA","BOS",NA,NA,NA,NA
2017-06-26,"OAK","CHA",NA,NA,NA,NA
2017-06-26,"MIN","CLE",NA,NA,NA,NA
2017-06-26,"DET","SD",NA,NA,NA,NA
2017-06-26,"HOU","SEA",NA,NA,NA,NA
2017-06-26,"TOR","KC",NA,NA,NA,NA
2017-06-26,"TEX","NYA",NA,NA,NA,NA
2017-06-26,"PHI","ARI",NA,NA,NA,NA
2017-06-26,"MIL","ATL",NA,NA,NA,NA
2017-06-26,"CHN","MIA",NA,NA,NA,NA
2017-06-26,"CIN","WAS",NA,NA,NA,NA
2017-06-26,"COL","LAN",NA,NA,NA,NA
2017-06-26,"NYN","SF",NA,NA,NA,NA
2017-06-26,"PIT","STL",NA,NA,NA,NA
2017-06-27,"BAL","TB",NA,NA,NA,NA
2017-06-27,"LAA","BOS",NA,NA,NA,NA
2017-06-27,"OAK","CHA",NA,NA,NA,NA
2017-06-27,"MIN","CLE",NA,NA,NA,NA
2017-06-27,"DET","SD",NA,NA,NA,NA
2017-06-27,"HOU","SEA",NA,NA,NA,NA
2017-06-27,"TOR","KC",NA,NA,NA,NA
2017-06-27,"TEX","NYA",NA,NA,NA,NA
2017-06-27,"PHI","ARI",NA,NA,NA,NA
2017-06-27,"MIL","ATL",NA,NA,NA,NA
2017-06-27,"CHN","MIA",NA,NA,NA,NA
2017-06-27,"CIN","WAS",NA,NA,NA,NA
2017-06-27,"COL","LAN",NA,NA,NA,NA
2017-06-27,"NYN","SF",NA,NA,NA,NA
2017-06-27,"PIT","STL",NA,NA,NA,NA
2017-06-28,"BAL","TB",NA,NA,NA,NA
2017-06-28,"LAA","BOS",NA,NA,NA,NA
2017-06-28,"OAK","CHA",NA,NA,NA,NA
2017-06-28,"MIN","CLE",NA,NA,NA,NA
2017-06-28,"DET","SD",NA,NA,NA,NA
2017-06-28,"HOU","SEA",NA,NA,NA,NA
2017-06-28,"TOR","KC",NA,NA,NA,NA
2017-06-28,"TEX","NYA",NA,NA,NA,NA
2017-06-28,"PHI","ARI",NA,NA,NA,NA
2017-06-28,"MIL","ATL",NA,NA,NA,NA
2017-06-28,"CHN","MIA",NA,NA,NA,NA
2017-06-28,"CIN","WAS",NA,NA,NA,NA
2017-06-28,"COL","LAN",NA,NA,NA,NA
2017-06-28,"NYN","SF",NA,NA,NA,NA
2017-06-28,"PIT","STL",NA,NA,NA,NA
2017-06-29,"MIN","BOS",NA,NA,NA,NA
2017-06-29,"NYA","CHA",NA,NA,NA,NA
2017-06-29,"TEX","CLE",NA,NA,NA,NA
2017-06-29,"LAA","LAN",NA,NA,NA,NA
2017-06-29,"PHI","ARI",NA,NA,NA,NA
2017-06-29,"CHN","WAS",NA,NA,NA,NA
2017-06-29,"COL","SF",NA,NA,NA,NA
2017-06-30,"BAL","TOR",NA,NA,NA,NA
2017-06-30,"MIN","BOS",NA,NA,NA,NA
2017-06-30,"NYA","CHA",NA,NA,NA,NA
2017-06-30,"TEX","CLE",NA,NA,NA,NA
2017-06-30,"KC","DET",NA,NA,NA,NA
2017-06-30,"OAK","HOU",NA,NA,NA,NA
2017-06-30,"LAA","LAN",NA,NA,NA,NA
2017-06-30,"PHI","SEA",NA,NA,NA,NA
2017-06-30,"TB","PIT",NA,NA,NA,NA
2017-06-30,"STL","ARI",NA,NA,NA,NA
2017-06-30,"ATL","SD",NA,NA,NA,NA
2017-06-30,"CHN","WAS",NA,NA,NA,NA
2017-06-30,"MIL","CIN",NA,NA,NA,NA
2017-06-30,"COL","SF",NA,NA,NA,NA
2017-06-30,"NYN","MIA",NA,NA,NA,NA
2017-07-01,"BAL","TOR",NA,NA,NA,NA
2017-07-01,"MIN","BOS",NA,NA,NA,NA
2017-07-01,"NYA","CHA",NA,NA,NA,NA
2017-07-01,"TEX","CLE",NA,NA,NA,NA
2017-07-01,"KC","DET",NA,NA,NA,NA
2017-07-01,"OAK","HOU",NA,NA,NA,NA
2017-07-01,"LAN","LAA",NA,NA,NA,NA
2017-07-01,"PHI","SEA",NA,NA,NA,NA
2017-07-01,"TB","PIT",NA,NA,NA,NA
2017-07-01,"STL","ARI",NA,NA,NA,NA
2017-07-01,"ATL","SD",NA,NA,NA,NA
2017-07-01,"CHN","WAS",NA,NA,NA,NA
2017-07-01,"MIL","CIN",NA,NA,NA,NA
2017-07-01,"COL","SF",NA,NA,NA,NA
2017-07-01,"NYN","MIA",NA,NA,NA,NA
2017-07-02,"BAL","TOR",NA,NA,NA,NA
2017-07-02,"MIN","BOS",NA,NA,NA,NA
2017-07-02,"NYA","CHA",NA,NA,NA,NA
2017-07-02,"TEX","CLE",NA,NA,NA,NA
2017-07-02,"KC","DET",NA,NA,NA,NA
2017-07-02,"OAK","HOU",NA,NA,NA,NA
2017-07-02,"LAN","LAA",NA,NA,NA,NA
2017-07-02,"TB","PIT",NA,NA,NA,NA
2017-07-02,"STL","ARI",NA,NA,NA,NA
2017-07-02,"ATL","SD",NA,NA,NA,NA
2017-07-02,"CHN","WAS",NA,NA,NA,NA
2017-07-02,"MIL","CIN",NA,NA,NA,NA
2017-07-02,"NYN","MIA",NA,NA,NA,NA
2017-07-03,"TB","BAL",NA,NA,NA,NA
2017-07-03,"BOS","TOR",NA,NA,NA,NA
2017-07-03,"TEX","CHA",NA,NA,NA,NA
2017-07-03,"CLE","DET",NA,NA,NA,NA
2017-07-03,"NYA","HOU",NA,NA,NA,NA
2017-07-03,"MIN","KC",NA,NA,NA,NA
2017-07-03,"SEA","LAA",NA,NA,NA,NA
2017-07-03,"ATL","OAK",NA,NA,NA,NA
2017-07-03,"COL","ARI",NA,NA,NA,NA
2017-07-03,"CHN","CIN",NA,NA,NA,NA
2017-07-03,"LAN","SD",NA,NA,NA,NA
2017-07-03,"MIA","MIL",NA,NA,NA,NA
2017-07-03,"PHI","NYN",NA,NA,NA,NA
2017-07-03,"SF","PIT",NA,NA,NA,NA
2017-07-03,"WAS","STL",NA,NA,NA,NA
2017-07-04,"TB","BAL",NA,NA,NA,NA
2017-07-04,"BOS","TOR",NA,NA,NA,NA
2017-07-04,"TEX","CHA",NA,NA,NA,NA
2017-07-04,"CLE","DET",NA,NA,NA,NA
2017-07-04,"NYA","HOU",NA,NA,NA,NA
2017-07-04,"MIN","KC",NA,NA,NA,NA
2017-07-04,"SEA","LAA",NA,NA,NA,NA
2017-07-04,"ATL","OAK",NA,NA,NA,NA
2017-07-04,"COL","ARI",NA,NA,NA,NA
2017-07-04,"CHN","CIN",NA,NA,NA,NA
2017-07-04,"LAN","SD",NA,NA,NA,NA
2017-07-04,"MIA","MIL",NA,NA,NA,NA
2017-07-04,"PHI","NYN",NA,NA,NA,NA
2017-07-04,"SF","PIT",NA,NA,NA,NA
2017-07-04,"WAS","STL",NA,NA,NA,NA
2017-07-05,"TB","BAL",NA,NA,NA,NA
2017-07-05,"BOS","TOR",NA,NA,NA,NA
2017-07-05,"TEX","CHA",NA,NA,NA,NA
2017-07-05,"CLE","DET",NA,NA,NA,NA
2017-07-05,"NYA","HOU",NA,NA,NA,NA
2017-07-05,"MIN","KC",NA,NA,NA,NA
2017-07-05,"SEA","LAA",NA,NA,NA,NA
2017-07-05,"ATL","OAK",NA,NA,NA,NA
2017-07-05,"COL","ARI",NA,NA,NA,NA
2017-07-05,"CHN","CIN",NA,NA,NA,NA
2017-07-05,"LAN","SD",NA,NA,NA,NA
2017-07-05,"MIA","MIL",NA,NA,NA,NA
2017-07-05,"PHI","NYN",NA,NA,NA,NA
2017-07-05,"SF","PIT",NA,NA,NA,NA
2017-07-05,"WAS","STL",NA,NA,NA,NA
2017-07-06,"BAL","MIL",NA,NA,NA,NA
2017-07-06,"BOS","TEX",NA,NA,NA,NA
2017-07-06,"CHA","OAK",NA,NA,NA,NA
2017-07-06,"KC","SEA",NA,NA,NA,NA
2017-07-06,"LAA","MIN",NA,NA,NA,NA
2017-07-06,"TOR","NYA",NA,NA,NA,NA
2017-07-06,"CIN","COL",NA,NA,NA,NA
2017-07-06,"MIA","STL",NA,NA,NA,NA
2017-07-06,"NYN","WAS",NA,NA,NA,NA
2017-07-06,"PIT","PHI",NA,NA,NA,NA
2017-07-07,"BAL","MIL",NA,NA,NA,NA
2017-07-07,"BOS","TEX",NA,NA,NA,NA
2017-07-07,"CHA","OAK",NA,NA,NA,NA
2017-07-07,"SD","CLE",NA,NA,NA,NA
2017-07-07,"SF","DET",NA,NA,NA,NA
2017-07-07,"HOU","ATL",NA,NA,NA,NA
2017-07-07,"KC","SEA",NA,NA,NA,NA
2017-07-07,"LAA","MIN",NA,NA,NA,NA
2017-07-07,"TOR","NYA",NA,NA,NA,NA
2017-07-07,"TB","CHN",NA,NA,NA,NA
2017-07-07,"ARI","LAN",NA,NA,NA,NA
2017-07-07,"CIN","COL",NA,NA,NA,NA
2017-07-07,"MIA","STL",NA,NA,NA,NA
2017-07-07,"NYN","WAS",NA,NA,NA,NA
2017-07-07,"PIT","PHI",NA,NA,NA,NA
2017-07-08,"BAL","MIL",NA,NA,NA,NA
2017-07-08,"BOS","TEX",NA,NA,NA,NA
2017-07-08,"CHA","OAK",NA,NA,NA,NA
2017-07-08,"SD","CLE",NA,NA,NA,NA
2017-07-08,"SF","DET",NA,NA,NA,NA
2017-07-08,"HOU","ATL",NA,NA,NA,NA
2017-07-08,"KC","SEA",NA,NA,NA,NA
2017-07-08,"LAA","MIN",NA,NA,NA,NA
2017-07-08,"TOR","NYA",NA,NA,NA,NA
2017-07-08,"TB","CHN",NA,NA,NA,NA
2017-07-08,"ARI","LAN",NA,NA,NA,NA
2017-07-08,"CIN","COL",NA,NA,NA,NA
2017-07-08,"MIA","STL",NA,NA,NA,NA
2017-07-08,"NYN","WAS",NA,NA,NA,NA
2017-07-08,"PIT","PHI",NA,NA,NA,NA
2017-07-09,"BAL","MIN",NA,NA,NA,NA
2017-07-09,"BOS","TB",NA,NA,NA,NA
2017-07-09,"SD","CLE",NA,NA,NA,NA
2017-07-09,"SF","DET",NA,NA,NA,NA
2017-07-09,"HOU","TOR",NA,NA,NA,NA
2017-07-09,"OAK","SEA",NA,NA,NA,NA
2017-07-09,"ARI","LAN",NA,NA,NA,NA
2017-07-09,"ATL","WAS",NA,NA,NA,NA
2017-07-09,"CIN","COL",NA,NA,NA,NA
2017-07-09,"MIA","STL",NA,NA,NA,NA
2017-07-09,"PIT","PHI",NA,NA,NA,NA
2017-07-10,"BAL","MIN",NA,NA,NA,NA
2017-07-10,"BOS","TB",NA,NA,NA,NA
2017-07-10,"CHA","COL",NA,NA,NA,NA
2017-07-10,"DET","CLE",NA,NA,NA,NA
2017-07-10,"HOU","TOR",NA,NA,NA,NA
2017-07-10,"KC","LAN",NA,NA,NA,NA
2017-07-10,"LAA","TEX",NA,NA,NA,NA
2017-07-10,"MIL","NYA",NA,NA,NA,NA
2017-07-10,"OAK","SEA",NA,NA,NA,NA
2017-07-10,"CIN","ARI",NA,NA,NA,NA
2017-07-10,"ATL","WAS",NA,NA,NA,NA
2017-07-10,"PIT","CHN",NA,NA,NA,NA
2017-07-10,"MIA","SF",NA,NA,NA,NA
2017-07-10,"NYN","STL",NA,NA,NA,NA
2017-07-10,"SD","PHI",NA,NA,NA,NA
2017-07-11,"BAL","MIN",NA,NA,NA,NA
2017-07-11,"BOS","TB",NA,NA,NA,NA
2017-07-11,"CHA","COL",NA,NA,NA,NA
2017-07-11,"DET","CLE",NA,NA,NA,NA
2017-07-11,"HOU","TOR",NA,NA,NA,NA
2017-07-11,"KC","LAN",NA,NA,NA,NA
2017-07-11,"LAA","TEX",NA,NA,NA,NA
2017-07-11,"MIL","NYA",NA,NA,NA,NA
2017-07-11,"OAK","SEA",NA,NA,NA,NA
2017-07-11,"CIN","ARI",NA,NA,NA,NA
2017-07-11,"ATL","WAS",NA,NA,NA,NA
2017-07-11,"PIT","CHN",NA,NA,NA,NA
2017-07-11,"MIA","SF",NA,NA,NA,NA
2017-07-11,"NYN","STL",NA,NA,NA,NA
2017-07-11,"SD","PHI",NA,NA,NA,NA
2017-07-12,"BAL","MIN",NA,NA,NA,NA
2017-07-12,"BOS","TB",NA,NA,NA,NA
2017-07-12,"CHA","COL",NA,NA,NA,NA
2017-07-12,"DET","CLE",NA,NA,NA,NA
2017-07-12,"HOU","TOR",NA,NA,NA,NA
2017-07-12,"KC","LAN",NA,NA,NA,NA
2017-07-12,"LAA","TEX",NA,NA,NA,NA
2017-07-12,"MIL","NYA",NA,NA,NA,NA
2017-07-12,"OAK","SEA",NA,NA,NA,NA
2017-07-12,"CIN","ARI",NA,NA,NA,NA
2017-07-12,"ATL","WAS",NA,NA,NA,NA
2017-07-12,"PIT","CHN",NA,NA,NA,NA
2017-07-12,"MIA","SF",NA,NA,NA,NA
2017-07-12,"NYN","STL",NA,NA,NA,NA
2017-07-12,"SD","PHI",NA,NA,NA,NA
2017-07-17,"CHN","BAL",NA,NA,NA,NA
2017-07-17,"NYA","BOS",NA,NA,NA,NA
2017-07-17,"SEA","CHA",NA,NA,NA,NA
2017-07-17,"CLE","OAK",NA,NA,NA,NA
2017-07-17,"TOR","DET",NA,NA,NA,NA
2017-07-17,"MIN","HOU",NA,NA,NA,NA
2017-07-17,"TEX","KC",NA,NA,NA,NA
2017-07-17,"TB","LAA",NA,NA,NA,NA
2017-07-17,"ARI","ATL",NA,NA,NA,NA
2017-07-17,"WAS","CIN",NA,NA,NA,NA
2017-07-17,"COL","NYN",NA,NA,NA,NA
2017-07-17,"LAN","MIA",NA,NA,NA,NA
2017-07-17,"PHI","MIL",NA,NA,NA,NA
2017-07-17,"STL","PIT",NA,NA,NA,NA
2017-07-17,"SF","SD",NA,NA,NA,NA
2017-07-18,"CHN","BAL",NA,NA,NA,NA
2017-07-18,"NYA","BOS",NA,NA,NA,NA
2017-07-18,"SEA","CHA",NA,NA,NA,NA
2017-07-18,"CLE","OAK",NA,NA,NA,NA
2017-07-18,"TOR","DET",NA,NA,NA,NA
2017-07-18,"MIN","HOU",NA,NA,NA,NA
2017-07-18,"TEX","KC",NA,NA,NA,NA
2017-07-18,"TB","LAA",NA,NA,NA,NA
2017-07-18,"ARI","ATL",NA,NA,NA,NA
2017-07-18,"WAS","CIN",NA,NA,NA,NA
2017-07-18,"COL","NYN",NA,NA,NA,NA
2017-07-18,"LAN","MIA",NA,NA,NA,NA
2017-07-18,"PHI","MIL",NA,NA,NA,NA
2017-07-18,"STL","PIT",NA,NA,NA,NA
2017-07-18,"SF","SD",NA,NA,NA,NA
2017-07-19,"CHN","BAL",NA,NA,NA,NA
2017-07-19,"NYA","BOS",NA,NA,NA,NA
2017-07-19,"SEA","CHA",NA,NA,NA,NA
2017-07-19,"CLE","OAK",NA,NA,NA,NA
2017-07-19,"TOR","DET",NA,NA,NA,NA
2017-07-19,"MIN","HOU",NA,NA,NA,NA
2017-07-19,"TEX","KC",NA,NA,NA,NA
2017-07-19,"TB","LAA",NA,NA,NA,NA
2017-07-19,"ARI","ATL",NA,NA,NA,NA
2017-07-19,"WAS","CIN",NA,NA,NA,NA
2017-07-19,"COL","NYN",NA,NA,NA,NA
2017-07-19,"LAN","MIA",NA,NA,NA,NA
2017-07-19,"PHI","MIL",NA,NA,NA,NA
2017-07-19,"STL","PIT",NA,NA,NA,NA
2017-07-19,"SF","SD",NA,NA,NA,NA
2017-07-20,"TEX","BAL",NA,NA,NA,NA
2017-07-20,"TOR","BOS",NA,NA,NA,NA
2017-07-20,"CLE","SF",NA,NA,NA,NA
2017-07-20,"DET","KC",NA,NA,NA,NA
2017-07-20,"SEA","HOU",NA,NA,NA,NA
2017-07-20,"NYA","MIN",NA,NA,NA,NA
2017-07-20,"TB","OAK",NA,NA,NA,NA
2017-07-20,"CHN","ATL",NA,NA,NA,NA
2017-07-20,"WAS","CIN",NA,NA,NA,NA
2017-07-20,"SD","COL",NA,NA,NA,NA
2017-07-20,"PHI","MIA",NA,NA,NA,NA
2017-07-20,"MIL","PIT",NA,NA,NA,NA
2017-07-20,"STL","NYN",NA,NA,NA,NA
2017-07-21,"TEX","BAL",NA,NA,NA,NA
2017-07-21,"TOR","BOS",NA,NA,NA,NA
2017-07-21,"LAN","CHA",NA,NA,NA,NA
2017-07-21,"CLE","SF",NA,NA,NA,NA
2017-07-21,"DET","KC",NA,NA,NA,NA
2017-07-21,"SEA","HOU",NA,NA,NA,NA
2017-07-21,"WAS","LAA",NA,NA,NA,NA
2017-07-21,"NYA","MIN",NA,NA,NA,NA
2017-07-21,"TB","OAK",NA,NA,NA,NA
2017-07-21,"ARI","CIN",NA,NA,NA,NA
2017-07-21,"CHN","ATL",NA,NA,NA,NA
2017-07-21,"SD","COL",NA,NA,NA,NA
2017-07-21,"PHI","MIA",NA,NA,NA,NA
2017-07-21,"MIL","PIT",NA,NA,NA,NA
2017-07-21,"STL","NYN",NA,NA,NA,NA
2017-07-22,"TEX","BAL",NA,NA,NA,NA
2017-07-22,"TOR","BOS",NA,NA,NA,NA
2017-07-22,"LAN","CHA",NA,NA,NA,NA
2017-07-22,"CLE","SF",NA,NA,NA,NA
2017-07-22,"DET","KC",NA,NA,NA,NA
2017-07-22,"SEA","HOU",NA,NA,NA,NA
2017-07-22,"WAS","LAA",NA,NA,NA,NA
2017-07-22,"NYA","MIN",NA,NA,NA,NA
2017-07-22,"TB","OAK",NA,NA,NA,NA
2017-07-22,"ARI","CIN",NA,NA,NA,NA
2017-07-22,"CHN","ATL",NA,NA,NA,NA
2017-07-22,"SD","COL",NA,NA,NA,NA
2017-07-22,"PHI","MIA",NA,NA,NA,NA
2017-07-22,"MIL","PIT",NA,NA,NA,NA
2017-07-22,"STL","NYN",NA,NA,NA,NA
2017-07-23,"TEX","BAL",NA,NA,NA,NA
2017-07-23,"TOR","BOS",NA,NA,NA,NA
2017-07-23,"DET","KC",NA,NA,NA,NA
2017-07-23,"NYA","SEA",NA,NA,NA,NA
2017-07-23,"ARI","CIN",NA,NA,NA,NA
2017-07-23,"ATL","LAN",NA,NA,NA,NA
2017-07-23,"MIL","PIT",NA,NA,NA,NA
2017-07-23,"STL","NYN",NA,NA,NA,NA
2017-07-23,"SD","SF",NA,NA,NA,NA
2017-07-24,"HOU","BAL",NA,NA,NA,NA
2017-07-24,"BOS","LAA",NA,NA,NA,NA
2017-07-24,"CHA","KC",NA,NA,NA,NA
2017-07-24,"TOR","CLE",NA,NA,NA,NA
2017-07-24,"DET","MIN",NA,NA,NA,NA
2017-07-24,"NYA","SEA",NA,NA,NA,NA
2017-07-24,"OAK","NYN",NA,NA,NA,NA
2017-07-24,"TEX","TB",NA,NA,NA,NA
2017-07-24,"WAS","ARI",NA,NA,NA,NA
2017-07-24,"ATL","LAN",NA,NA,NA,NA
2017-07-24,"STL","CHN",NA,NA,NA,NA
2017-07-24,"MIA","CIN",NA,NA,NA,NA
2017-07-24,"PIT","COL",NA,NA,NA,NA
2017-07-24,"MIL","PHI",NA,NA,NA,NA
2017-07-24,"SD","SF",NA,NA,NA,NA
2017-07-25,"HOU","BAL",NA,NA,NA,NA
2017-07-25,"BOS","LAA",NA,NA,NA,NA
2017-07-25,"CHA","KC",NA,NA,NA,NA
2017-07-25,"TOR","CLE",NA,NA,NA,NA
2017-07-25,"DET","MIN",NA,NA,NA,NA
2017-07-25,"NYA","SEA",NA,NA,NA,NA
2017-07-25,"OAK","NYN",NA,NA,NA,NA
2017-07-25,"TEX","TB",NA,NA,NA,NA
2017-07-25,"WAS","ARI",NA,NA,NA,NA
2017-07-25,"ATL","LAN",NA,NA,NA,NA
2017-07-25,"STL","CHN",NA,NA,NA,NA
2017-07-25,"MIA","CIN",NA,NA,NA,NA
2017-07-25,"PIT","COL",NA,NA,NA,NA
2017-07-25,"MIL","PHI",NA,NA,NA,NA
2017-07-25,"SD","SF",NA,NA,NA,NA
2017-07-26,"HOU","BAL",NA,NA,NA,NA
2017-07-26,"BOS","LAA",NA,NA,NA,NA
2017-07-26,"CHA","KC",NA,NA,NA,NA
2017-07-26,"TOR","CLE",NA,NA,NA,NA
2017-07-26,"DET","MIN",NA,NA,NA,NA
2017-07-26,"NYA","SEA",NA,NA,NA,NA
2017-07-26,"OAK","NYN",NA,NA,NA,NA
2017-07-26,"TEX","TB",NA,NA,NA,NA
2017-07-26,"WAS","ARI",NA,NA,NA,NA
2017-07-26,"ATL","LAN",NA,NA,NA,NA
2017-07-26,"STL","CHN",NA,NA,NA,NA
2017-07-26,"MIA","CIN",NA,NA,NA,NA
2017-07-26,"PIT","COL",NA,NA,NA,NA
2017-07-26,"MIL","PHI",NA,NA,NA,NA
2017-07-26,"SD","SF",NA,NA,NA,NA
2017-07-27,"BAL","TB",NA,NA,NA,NA
2017-07-27,"BOS","SEA",NA,NA,NA,NA
2017-07-27,"CHA","CHN",NA,NA,NA,NA
2017-07-27,"KC","DET",NA,NA,NA,NA
2017-07-27,"HOU","PHI",NA,NA,NA,NA
2017-07-27,"MIN","LAN",NA,NA,NA,NA
2017-07-27,"OAK","TOR",NA,NA,NA,NA
2017-07-27,"MIA","TEX",NA,NA,NA,NA
2017-07-27,"ATL","ARI",NA,NA,NA,NA
2017-07-27,"COL","STL",NA,NA,NA,NA
2017-07-27,"NYN","SD",NA,NA,NA,NA
2017-07-27,"PIT","SF",NA,NA,NA,NA
2017-07-28,"BAL","TB",NA,NA,NA,NA
2017-07-28,"BOS","SEA",NA,NA,NA,NA
2017-07-28,"CHA","CHN",NA,NA,NA,NA
2017-07-28,"LAA","CLE",NA,NA,NA,NA
2017-07-28,"KC","DET",NA,NA,NA,NA
2017-07-28,"HOU","PHI",NA,NA,NA,NA
2017-07-28,"MIN","LAN",NA,NA,NA,NA
2017-07-28,"CIN","NYA",NA,NA,NA,NA
2017-07-28,"OAK","TOR",NA,NA,NA,NA
2017-07-28,"MIA","TEX",NA,NA,NA,NA
2017-07-28,"ATL","ARI",NA,NA,NA,NA
2017-07-28,"COL","STL",NA,NA,NA,NA
2017-07-28,"MIL","WAS",NA,NA,NA,NA
2017-07-28,"NYN","SD",NA,NA,NA,NA
2017-07-28,"PIT","SF",NA,NA,NA,NA
2017-07-29,"BAL","TB",NA,NA,NA,NA
2017-07-29,"BOS","SEA",NA,NA,NA,NA
2017-07-29,"CHN","CHA",NA,NA,NA,NA
2017-07-29,"LAA","CLE",NA,NA,NA,NA
2017-07-29,"KC","DET",NA,NA,NA,NA
2017-07-29,"HOU","PHI",NA,NA,NA,NA
2017-07-29,"MIN","LAN",NA,NA,NA,NA
2017-07-29,"CIN","NYA",NA,NA,NA,NA
2017-07-29,"OAK","TOR",NA,NA,NA,NA
2017-07-29,"MIA","TEX",NA,NA,NA,NA
2017-07-29,"ATL","ARI",NA,NA,NA,NA
2017-07-29,"COL","STL",NA,NA,NA,NA
2017-07-29,"MIL","WAS",NA,NA,NA,NA
2017-07-29,"NYN","SD",NA,NA,NA,NA
2017-07-29,"PIT","SF",NA,NA,NA,NA
2017-07-30,"CHN","CHA",NA,NA,NA,NA
2017-07-30,"LAA","CLE",NA,NA,NA,NA
2017-07-30,"TB","NYA",NA,NA,NA,NA
2017-07-30,"OAK","TOR",NA,NA,NA,NA
2017-07-30,"ARI","STL",NA,NA,NA,NA
2017-07-30,"CIN","MIA",NA,NA,NA,NA
2017-07-30,"MIL","WAS",NA,NA,NA,NA
2017-07-30,"NYN","SD",NA,NA,NA,NA
2017-07-31,"BAL","TEX",NA,NA,NA,NA
2017-07-31,"KC","BOS",NA,NA,NA,NA
2017-07-31,"CLE","CHA",NA,NA,NA,NA
2017-07-31,"HOU","DET",NA,NA,NA,NA
2017-07-31,"LAA","TOR",NA,NA,NA,NA
2017-07-31,"MIN","OAK",NA,NA,NA,NA
2017-07-31,"TB","NYA",NA,NA,NA,NA
2017-07-31,"NYN","SEA",NA,NA,NA,NA
2017-07-31,"ARI","STL",NA,NA,NA,NA
2017-07-31,"ATL","PHI",NA,NA,NA,NA
2017-07-31,"CHN","MIL",NA,NA,NA,NA
2017-07-31,"CIN","MIA",NA,NA,NA,NA
2017-07-31,"COL","WAS",NA,NA,NA,NA
2017-07-31,"SF","LAN",NA,NA,NA,NA
2017-07-31,"PIT","SD",NA,NA,NA,NA
2017-08-01,"BAL","TEX",NA,NA,NA,NA
2017-08-01,"KC","BOS",NA,NA,NA,NA
2017-08-01,"CLE","CHA",NA,NA,NA,NA
2017-08-01,"HOU","DET",NA,NA,NA,NA
2017-08-01,"LAA","TOR",NA,NA,NA,NA
2017-08-01,"MIN","OAK",NA,NA,NA,NA
2017-08-01,"TB","NYA",NA,NA,NA,NA
2017-08-01,"NYN","SEA",NA,NA,NA,NA
2017-08-01,"ARI","STL",NA,NA,NA,NA
2017-08-01,"ATL","PHI",NA,NA,NA,NA
2017-08-01,"CHN","MIL",NA,NA,NA,NA
2017-08-01,"CIN","MIA",NA,NA,NA,NA
2017-08-01,"COL","WAS",NA,NA,NA,NA
2017-08-01,"SF","LAN",NA,NA,NA,NA
2017-08-01,"PIT","SD",NA,NA,NA,NA
2017-08-02,"BAL","TEX",NA,NA,NA,NA
2017-08-02,"KC","BOS",NA,NA,NA,NA
2017-08-02,"CLE","CHA",NA,NA,NA,NA
2017-08-02,"HOU","DET",NA,NA,NA,NA
2017-08-02,"LAA","TOR",NA,NA,NA,NA
2017-08-02,"MIN","OAK",NA,NA,NA,NA
2017-08-02,"TB","NYA",NA,NA,NA,NA
2017-08-02,"NYN","SEA",NA,NA,NA,NA
2017-08-02,"ARI","STL",NA,NA,NA,NA
2017-08-02,"ATL","PHI",NA,NA,NA,NA
2017-08-02,"CHN","MIL",NA,NA,NA,NA
2017-08-02,"CIN","MIA",NA,NA,NA,NA
2017-08-02,"COL","WAS",NA,NA,NA,NA
2017-08-02,"SF","LAN",NA,NA,NA,NA
2017-08-02,"PIT","SD",NA,NA,NA,NA
2017-08-03,"KC","BAL",NA,NA,NA,NA
2017-08-03,"CLE","BOS",NA,NA,NA,NA
2017-08-03,"TOR","CHA",NA,NA,NA,NA
2017-08-03,"DET","NYA",NA,NA,NA,NA
2017-08-03,"TB","HOU",NA,NA,NA,NA
2017-08-03,"SF","OAK",NA,NA,NA,NA
2017-08-03,"SEA","TEX",NA,NA,NA,NA
2017-08-03,"ATL","PHI",NA,NA,NA,NA
2017-08-03,"WAS","MIA",NA,NA,NA,NA
2017-08-04,"KC","BAL",NA,NA,NA,NA
2017-08-04,"CLE","BOS",NA,NA,NA,NA
2017-08-04,"TOR","CHA",NA,NA,NA,NA
2017-08-04,"DET","NYA",NA,NA,NA,NA
2017-08-04,"TB","HOU",NA,NA,NA,NA
2017-08-04,"PHI","LAA",NA,NA,NA,NA
2017-08-04,"MIN","SD",NA,NA,NA,NA
2017-08-04,"SF","OAK",NA,NA,NA,NA
2017-08-04,"SEA","TEX",NA,NA,NA,NA
2017-08-04,"ARI","CHN",NA,NA,NA,NA
2017-08-04,"LAN","ATL",NA,NA,NA,NA
2017-08-04,"CIN","PIT",NA,NA,NA,NA
2017-08-04,"NYN","COL",NA,NA,NA,NA
2017-08-04,"WAS","MIA",NA,NA,NA,NA
2017-08-04,"STL","MIL",NA,NA,NA,NA
2017-08-05,"KC","BAL",NA,NA,NA,NA
2017-08-05,"CLE","BOS",NA,NA,NA,NA
2017-08-05,"TOR","CHA",NA,NA,NA,NA
2017-08-05,"DET","NYA",NA,NA,NA,NA
2017-08-05,"TB","HOU",NA,NA,NA,NA
2017-08-05,"PHI","LAA",NA,NA,NA,NA
2017-08-05,"MIN","SD",NA,NA,NA,NA
2017-08-05,"OAK","SF",NA,NA,NA,NA
2017-08-05,"SEA","TEX",NA,NA,NA,NA
2017-08-05,"ARI","CHN",NA,NA,NA,NA
2017-08-05,"LAN","ATL",NA,NA,NA,NA
2017-08-05,"CIN","PIT",NA,NA,NA,NA
2017-08-05,"NYN","COL",NA,NA,NA,NA
2017-08-05,"WAS","MIA",NA,NA,NA,NA
2017-08-05,"STL","MIL",NA,NA,NA,NA
2017-08-06,"DET","BAL",NA,NA,NA,NA
2017-08-06,"CHA","BOS",NA,NA,NA,NA
2017-08-06,"NYA","CLE",NA,NA,NA,NA
2017-08-06,"TB","HOU",NA,NA,NA,NA
2017-08-06,"SEA","KC",NA,NA,NA,NA
2017-08-06,"PHI","LAA",NA,NA,NA,NA
2017-08-06,"TEX","MIN",NA,NA,NA,NA
2017-08-06,"OAK","SF",NA,NA,NA,NA
2017-08-06,"ARI","CHN",NA,NA,NA,NA
2017-08-06,"LAN","ATL",NA,NA,NA,NA
2017-08-06,"CIN","PIT",NA,NA,NA,NA
2017-08-06,"NYN","COL",NA,NA,NA,NA
2017-08-06,"STL","MIL",NA,NA,NA,NA
2017-08-07,"DET","BAL",NA,NA,NA,NA
2017-08-07,"CHA","BOS",NA,NA,NA,NA
2017-08-07,"NYA","CLE",NA,NA,NA,NA
2017-08-07,"TOR","HOU",NA,NA,NA,NA
2017-08-07,"SEA","KC",NA,NA,NA,NA
2017-08-07,"OAK","LAA",NA,NA,NA,NA
2017-08-07,"TEX","MIN",NA,NA,NA,NA
2017-08-07,"MIL","TB",NA,NA,NA,NA
2017-08-07,"ARI","SF",NA,NA,NA,NA
2017-08-07,"MIA","ATL",NA,NA,NA,NA
2017-08-07,"WAS","CHN",NA,NA,NA,NA
2017-08-07,"STL","CIN",NA,NA,NA,NA
2017-08-07,"PHI","COL",NA,NA,NA,NA
2017-08-07,"LAN","NYN",NA,NA,NA,NA
2017-08-07,"SD","PIT",NA,NA,NA,NA
2017-08-08,"DET","BAL",NA,NA,NA,NA
2017-08-08,"CHA","BOS",NA,NA,NA,NA
2017-08-08,"NYA","CLE",NA,NA,NA,NA
2017-08-08,"TOR","HOU",NA,NA,NA,NA
2017-08-08,"SEA","KC",NA,NA,NA,NA
2017-08-08,"OAK","LAA",NA,NA,NA,NA
2017-08-08,"TEX","MIN",NA,NA,NA,NA
2017-08-08,"MIL","TB",NA,NA,NA,NA
2017-08-08,"ARI","SF",NA,NA,NA,NA
2017-08-08,"MIA","ATL",NA,NA,NA,NA
2017-08-08,"WAS","CHN",NA,NA,NA,NA
2017-08-08,"STL","CIN",NA,NA,NA,NA
2017-08-08,"PHI","COL",NA,NA,NA,NA
2017-08-08,"LAN","NYN",NA,NA,NA,NA
2017-08-08,"SD","PIT",NA,NA,NA,NA
2017-08-09,"DET","BAL",NA,NA,NA,NA
2017-08-09,"CHA","BOS",NA,NA,NA,NA
2017-08-09,"NYA","CLE",NA,NA,NA,NA
2017-08-09,"TOR","HOU",NA,NA,NA,NA
2017-08-09,"SEA","KC",NA,NA,NA,NA
2017-08-09,"OAK","LAA",NA,NA,NA,NA
2017-08-09,"TEX","MIN",NA,NA,NA,NA
2017-08-09,"MIL","TB",NA,NA,NA,NA
2017-08-09,"ARI","SF",NA,NA,NA,NA
2017-08-09,"MIA","ATL",NA,NA,NA,NA
2017-08-09,"WAS","CHN",NA,NA,NA,NA
2017-08-09,"STL","CIN",NA,NA,NA,NA
2017-08-09,"PHI","COL",NA,NA,NA,NA
2017-08-09,"LAN","NYN",NA,NA,NA,NA
2017-08-09,"SD","PIT",NA,NA,NA,NA
2017-08-10,"BAL","LAA",NA,NA,NA,NA
2017-08-10,"DET","PIT",NA,NA,NA,NA
2017-08-10,"STL","KC",NA,NA,NA,NA
2017-08-10,"MIL","MIN",NA,NA,NA,NA
2017-08-10,"CHN","SF",NA,NA,NA,NA
2017-08-10,"SD","CIN",NA,NA,NA,NA
2017-08-10,"MIA","WAS",NA,NA,NA,NA
2017-08-11,"BAL","LAA",NA,NA,NA,NA
2017-08-11,"BOS","TB",NA,NA,NA,NA
2017-08-11,"HOU","CHA",NA,NA,NA,NA
2017-08-11,"COL","CLE",NA,NA,NA,NA
2017-08-11,"DET","PIT",NA,NA,NA,NA
2017-08-11,"STL","KC",NA,NA,NA,NA
2017-08-11,"MIL","MIN",NA,NA,NA,NA
2017-08-11,"NYA","TOR",NA,NA,NA,NA
2017-08-11,"SEA","OAK",NA,NA,NA,NA
2017-08-11,"TEX","NYN",NA,NA,NA,NA
2017-08-11,"LAN","ARI",NA,NA,NA,NA
2017-08-11,"PHI","ATL",NA,NA,NA,NA
2017-08-11,"CHN","SF",NA,NA,NA,NA
2017-08-11,"SD","CIN",NA,NA,NA,NA
2017-08-11,"MIA","WAS",NA,NA,NA,NA
2017-08-12,"BAL","LAA",NA,NA,NA,NA
2017-08-12,"BOS","TB",NA,NA,NA,NA
2017-08-12,"HOU","CHA",NA,NA,NA,NA
2017-08-12,"COL","CLE",NA,NA,NA,NA
2017-08-12,"PIT","DET",NA,NA,NA,NA
2017-08-12,"KC","STL",NA,NA,NA,NA
2017-08-12,"MIN","MIL",NA,NA,NA,NA
2017-08-12,"NYA","TOR",NA,NA,NA,NA
2017-08-12,"SEA","OAK",NA,NA,NA,NA
2017-08-12,"TEX","NYN",NA,NA,NA,NA
2017-08-12,"LAN","ARI",NA,NA,NA,NA
2017-08-12,"PHI","ATL",NA,NA,NA,NA
2017-08-12,"CHN","SF",NA,NA,NA,NA
2017-08-12,"SD","CIN",NA,NA,NA,NA
2017-08-12,"MIA","WAS",NA,NA,NA,NA
2017-08-13,"BAL","OAK",NA,NA,NA,NA
2017-08-13,"HOU","CHA",NA,NA,NA,NA
2017-08-13,"CLE","TB",NA,NA,NA,NA
2017-08-13,"PIT","DET",NA,NA,NA,NA
2017-08-13,"KC","STL",NA,NA,NA,NA
2017-08-13,"LAA","SEA",NA,NA,NA,NA
2017-08-13,"MIN","MIL",NA,NA,NA,NA
2017-08-13,"NYA","TOR",NA,NA,NA,NA
2017-08-13,"LAN","ARI",NA,NA,NA,NA
2017-08-13,"SD","CIN",NA,NA,NA,NA
2017-08-13,"MIA","WAS",NA,NA,NA,NA
2017-08-13,"NYN","PHI",NA,NA,NA,NA
2017-08-14,"BAL","OAK",NA,NA,NA,NA
2017-08-14,"BOS","NYA",NA,NA,NA,NA
2017-08-14,"KC","CHA",NA,NA,NA,NA
2017-08-14,"CLE","TB",NA,NA,NA,NA
2017-08-14,"MIN","DET",NA,NA,NA,NA
2017-08-14,"HOU","TEX",NA,NA,NA,NA
2017-08-14,"LAA","SEA",NA,NA,NA,NA
2017-08-14,"PIT","TOR",NA,NA,NA,NA
2017-08-14,"CHN","ARI",NA,NA,NA,NA
2017-08-14,"ATL","STL",NA,NA,NA,NA
2017-08-14,"CIN","MIL",NA,NA,NA,NA
2017-08-14,"COL","MIA",NA,NA,NA,NA
2017-08-14,"SD","LAN",NA,NA,NA,NA
2017-08-14,"NYN","PHI",NA,NA,NA,NA
2017-08-14,"SF","WAS",NA,NA,NA,NA
2017-08-15,"BAL","OAK",NA,NA,NA,NA
2017-08-15,"BOS","NYA",NA,NA,NA,NA
2017-08-15,"KC","CHA",NA,NA,NA,NA
2017-08-15,"CLE","TB",NA,NA,NA,NA
2017-08-15,"MIN","DET",NA,NA,NA,NA
2017-08-15,"HOU","TEX",NA,NA,NA,NA
2017-08-15,"LAA","SEA",NA,NA,NA,NA
2017-08-15,"PIT","TOR",NA,NA,NA,NA
2017-08-15,"CHN","ARI",NA,NA,NA,NA
2017-08-15,"ATL","STL",NA,NA,NA,NA
2017-08-15,"CIN","MIL",NA,NA,NA,NA
2017-08-15,"COL","MIA",NA,NA,NA,NA
2017-08-15,"SD","LAN",NA,NA,NA,NA
2017-08-15,"NYN","PHI",NA,NA,NA,NA
2017-08-15,"SF","WAS",NA,NA,NA,NA
2017-08-16,"BAL","OAK",NA,NA,NA,NA
2017-08-16,"BOS","NYA",NA,NA,NA,NA
2017-08-16,"KC","CHA",NA,NA,NA,NA
2017-08-16,"CLE","TB",NA,NA,NA,NA
2017-08-16,"MIN","DET",NA,NA,NA,NA
2017-08-16,"HOU","TEX",NA,NA,NA,NA
2017-08-16,"LAA","SEA",NA,NA,NA,NA
2017-08-16,"PIT","TOR",NA,NA,NA,NA
2017-08-16,"CHN","ARI",NA,NA,NA,NA
2017-08-16,"ATL","STL",NA,NA,NA,NA
2017-08-16,"CIN","MIL",NA,NA,NA,NA
2017-08-16,"COL","MIA",NA,NA,NA,NA
2017-08-16,"SD","LAN",NA,NA,NA,NA
2017-08-16,"NYN","PHI",NA,NA,NA,NA
2017-08-16,"SF","WAS",NA,NA,NA,NA
2017-08-17,"BAL","SEA",NA,NA,NA,NA
2017-08-17,"DET","TEX",NA,NA,NA,NA
2017-08-17,"HOU","ARI",NA,NA,NA,NA
2017-08-17,"KC","OAK",NA,NA,NA,NA
2017-08-17,"NYN","NYA",NA,NA,NA,NA
2017-08-17,"TB","TOR",NA,NA,NA,NA
2017-08-17,"ATL","COL",NA,NA,NA,NA
2017-08-17,"CIN","CHN",NA,NA,NA,NA
2017-08-17,"SF","MIA",NA,NA,NA,NA
2017-08-17,"PHI","SD",NA,NA,NA,NA
2017-08-18,"BAL","SEA",NA,NA,NA,NA
2017-08-18,"STL","BOS",NA,NA,NA,NA
2017-08-18,"CHA","LAN",NA,NA,NA,NA
2017-08-18,"CLE","MIN",NA,NA,NA,NA
2017-08-18,"DET","TEX",NA,NA,NA,NA
2017-08-18,"HOU","ARI",NA,NA,NA,NA
2017-08-18,"KC","OAK",NA,NA,NA,NA
2017-08-18,"LAA","WAS",NA,NA,NA,NA
2017-08-18,"NYN","NYA",NA,NA,NA,NA
2017-08-18,"TB","TOR",NA,NA,NA,NA
2017-08-18,"ATL","COL",NA,NA,NA,NA
2017-08-18,"CIN","CHN",NA,NA,NA,NA
2017-08-18,"SF","MIA",NA,NA,NA,NA
2017-08-18,"PIT","MIL",NA,NA,NA,NA
2017-08-18,"PHI","SD",NA,NA,NA,NA
2017-08-19,"BAL","SEA",NA,NA,NA,NA
2017-08-19,"STL","BOS",NA,NA,NA,NA
2017-08-19,"CHA","LAN",NA,NA,NA,NA
2017-08-19,"CLE","MIN",NA,NA,NA,NA
2017-08-19,"DET","TEX",NA,NA,NA,NA
2017-08-19,"ARI","HOU",NA,NA,NA,NA
2017-08-19,"KC","OAK",NA,NA,NA,NA
2017-08-19,"LAA","WAS",NA,NA,NA,NA
2017-08-19,"NYA","NYN",NA,NA,NA,NA
2017-08-19,"TB","TOR",NA,NA,NA,NA
2017-08-19,"ATL","COL",NA,NA,NA,NA
2017-08-19,"CIN","CHN",NA,NA,NA,NA
2017-08-19,"SF","MIA",NA,NA,NA,NA
2017-08-19,"PIT","MIL",NA,NA,NA,NA
2017-08-19,"PHI","SD",NA,NA,NA,NA
2017-08-20,"CHA","TEX",NA,NA,NA,NA
2017-08-20,"CLE","MIN",NA,NA,NA,NA
2017-08-20,"ARI","HOU",NA,NA,NA,NA
2017-08-20,"NYA","NYN",NA,NA,NA,NA
2017-08-20,"TB","TOR",NA,NA,NA,NA
2017-08-20,"ATL","COL",NA,NA,NA,NA
2017-08-20,"CIN","CHN",NA,NA,NA,NA
2017-08-20,"PHI","SF",NA,NA,NA,NA
2017-08-20,"STL","PIT",NA,NA,NA,NA
2017-08-20,"WAS","SD",NA,NA,NA,NA
2017-08-21,"LAA","BAL",NA,NA,NA,NA
2017-08-21,"NYA","BOS",NA,NA,NA,NA
2017-08-21,"CHA","TEX",NA,NA,NA,NA
2017-08-21,"CLE","KC",NA,NA,NA,NA
2017-08-21,"LAN","DET",NA,NA,NA,NA
2017-08-21,"OAK","HOU",NA,NA,NA,NA
2017-08-21,"ARI","MIN",NA,NA,NA,NA
2017-08-21,"SEA","TB",NA,NA,NA,NA
2017-08-21,"TOR","CHN",NA,NA,NA,NA
2017-08-21,"CIN","ATL",NA,NA,NA,NA
2017-08-21,"MIL","COL",NA,NA,NA,NA
2017-08-21,"MIA","NYN",NA,NA,NA,NA
2017-08-21,"PHI","SF",NA,NA,NA,NA
2017-08-21,"STL","PIT",NA,NA,NA,NA
2017-08-21,"WAS","SD",NA,NA,NA,NA
2017-08-22,"LAA","BAL",NA,NA,NA,NA
2017-08-22,"NYA","BOS",NA,NA,NA,NA
2017-08-22,"CHA","TEX",NA,NA,NA,NA
2017-08-22,"CLE","KC",NA,NA,NA,NA
2017-08-22,"LAN","DET",NA,NA,NA,NA
2017-08-22,"OAK","HOU",NA,NA,NA,NA
2017-08-22,"ARI","MIN",NA,NA,NA,NA
2017-08-22,"SEA","TB",NA,NA,NA,NA
2017-08-22,"TOR","CHN",NA,NA,NA,NA
2017-08-22,"CIN","ATL",NA,NA,NA,NA
2017-08-22,"MIL","COL",NA,NA,NA,NA
2017-08-22,"MIA","NYN",NA,NA,NA,NA
2017-08-22,"PHI","SF",NA,NA,NA,NA
2017-08-22,"STL","PIT",NA,NA,NA,NA
2017-08-22,"WAS","SD",NA,NA,NA,NA
2017-08-23,"LAA","BAL",NA,NA,NA,NA
2017-08-23,"NYA","BOS",NA,NA,NA,NA
2017-08-23,"CHA","TEX",NA,NA,NA,NA
2017-08-23,"CLE","KC",NA,NA,NA,NA
2017-08-23,"LAN","DET",NA,NA,NA,NA
2017-08-23,"OAK","HOU",NA,NA,NA,NA
2017-08-23,"ARI","MIN",NA,NA,NA,NA
2017-08-23,"SEA","TB",NA,NA,NA,NA
2017-08-23,"TOR","CHN",NA,NA,NA,NA
2017-08-23,"CIN","ATL",NA,NA,NA,NA
2017-08-23,"MIL","COL",NA,NA,NA,NA
2017-08-23,"MIA","NYN",NA,NA,NA,NA
2017-08-23,"PHI","SF",NA,NA,NA,NA
2017-08-23,"STL","PIT",NA,NA,NA,NA
2017-08-23,"WAS","SD",NA,NA,NA,NA
2017-08-24,"OAK","BAL",NA,NA,NA,NA
2017-08-24,"BOS","CLE",NA,NA,NA,NA
2017-08-24,"MIN","CHA",NA,NA,NA,NA
2017-08-24,"TEX","LAA",NA,NA,NA,NA
2017-08-24,"SEA","ATL",NA,NA,NA,NA
2017-08-24,"ARI","NYN",NA,NA,NA,NA
2017-08-24,"LAN","PIT",NA,NA,NA,NA
2017-08-24,"MIL","SF",NA,NA,NA,NA
2017-08-25,"OAK","BAL",NA,NA,NA,NA
2017-08-25,"BOS","CLE",NA,NA,NA,NA
2017-08-25,"MIN","CHA",NA,NA,NA,NA
2017-08-25,"NYA","DET",NA,NA,NA,NA
2017-08-25,"WAS","HOU",NA,NA,NA,NA
2017-08-25,"COL","KC",NA,NA,NA,NA
2017-08-25,"TEX","LAA",NA,NA,NA,NA
2017-08-25,"SEA","ATL",NA,NA,NA,NA
2017-08-25,"TOR","TB",NA,NA,NA,NA
2017-08-25,"ARI","NYN",NA,NA,NA,NA
2017-08-25,"CHN","CIN",NA,NA,NA,NA
2017-08-25,"LAN","PIT",NA,NA,NA,NA
2017-08-25,"MIA","PHI",NA,NA,NA,NA
2017-08-25,"MIL","SF",NA,NA,NA,NA
2017-08-25,"SD","STL",NA,NA,NA,NA
2017-08-26,"OAK","BAL",NA,NA,NA,NA
2017-08-26,"BOS","CLE",NA,NA,NA,NA
2017-08-26,"MIN","CHA",NA,NA,NA,NA
2017-08-26,"NYA","DET",NA,NA,NA,NA
2017-08-26,"WAS","HOU",NA,NA,NA,NA
2017-08-26,"COL","KC",NA,NA,NA,NA
2017-08-26,"TEX","LAA",NA,NA,NA,NA
2017-08-26,"SEA","ATL",NA,NA,NA,NA
2017-08-26,"TOR","TB",NA,NA,NA,NA
2017-08-26,"ARI","NYN",NA,NA,NA,NA
2017-08-26,"CHN","CIN",NA,NA,NA,NA
2017-08-26,"LAN","PIT",NA,NA,NA,NA
2017-08-26,"MIA","PHI",NA,NA,NA,NA
2017-08-26,"MIL","SF",NA,NA,NA,NA
2017-08-26,"SD","STL",NA,NA,NA,NA
2017-08-27,"BOS","CLE",NA,NA,NA,NA
2017-08-27,"MIN","CHA",NA,NA,NA,NA
2017-08-27,"NYA","DET",NA,NA,NA,NA
2017-08-27,"WAS","HOU",NA,NA,NA,NA
2017-08-27,"COL","KC",NA,NA,NA,NA
2017-08-27,"TEX","LAA",NA,NA,NA,NA
2017-08-27,"TOR","TB",NA,NA,NA,NA
2017-08-27,"ARI","NYN",NA,NA,NA,NA
2017-08-27,"CHN","CIN",NA,NA,NA,NA
2017-08-27,"LAN","PIT",NA,NA,NA,NA
2017-08-27,"MIA","PHI",NA,NA,NA,NA
2017-08-27,"SD","STL",NA,NA,NA,NA
2017-08-28,"BAL","BOS",NA,NA,NA,NA
2017-08-28,"DET","CHA",NA,NA,NA,NA
2017-08-28,"KC","CLE",NA,NA,NA,NA
2017-08-28,"HOU","LAA",NA,NA,NA,NA
2017-08-28,"MIN","TOR",NA,NA,NA,NA
2017-08-28,"SEA","NYA",NA,NA,NA,NA
2017-08-28,"TEX","OAK",NA,NA,NA,NA
2017-08-28,"TB","STL",NA,NA,NA,NA
2017-08-28,"SF","ARI",NA,NA,NA,NA
2017-08-28,"COL","ATL",NA,NA,NA,NA
2017-08-28,"CHN","PHI",NA,NA,NA,NA
2017-08-28,"PIT","CIN",NA,NA,NA,NA
2017-08-28,"MIL","LAN",NA,NA,NA,NA
2017-08-28,"SD","MIA",NA,NA,NA,NA
2017-08-28,"NYN","WAS",NA,NA,NA,NA
2017-08-29,"BAL","BOS",NA,NA,NA,NA
2017-08-29,"DET","CHA",NA,NA,NA,NA
2017-08-29,"KC","CLE",NA,NA,NA,NA
2017-08-29,"HOU","LAA",NA,NA,NA,NA
2017-08-29,"MIN","TOR",NA,NA,NA,NA
2017-08-29,"SEA","NYA",NA,NA,NA,NA
2017-08-29,"TEX","OAK",NA,NA,NA,NA
2017-08-29,"TB","STL",NA,NA,NA,NA
2017-08-29,"SF","ARI",NA,NA,NA,NA
2017-08-29,"COL","ATL",NA,NA,NA,NA
2017-08-29,"CHN","PHI",NA,NA,NA,NA
2017-08-29,"PIT","CIN",NA,NA,NA,NA
2017-08-29,"MIL","LAN",NA,NA,NA,NA
2017-08-29,"SD","MIA",NA,NA,NA,NA
2017-08-29,"NYN","WAS",NA,NA,NA,NA
2017-08-30,"BAL","BOS",NA,NA,NA,NA
2017-08-30,"DET","CHA",NA,NA,NA,NA
2017-08-30,"KC","CLE",NA,NA,NA,NA
2017-08-30,"HOU","LAA",NA,NA,NA,NA
2017-08-30,"MIN","TOR",NA,NA,NA,NA
2017-08-30,"SEA","NYA",NA,NA,NA,NA
2017-08-30,"TEX","OAK",NA,NA,NA,NA
2017-08-30,"TB","STL",NA,NA,NA,NA
2017-08-30,"SF","ARI",NA,NA,NA,NA
2017-08-30,"COL","ATL",NA,NA,NA,NA
2017-08-30,"CHN","PHI",NA,NA,NA,NA
2017-08-30,"PIT","CIN",NA,NA,NA,NA
2017-08-30,"MIL","LAN",NA,NA,NA,NA
2017-08-30,"SD","MIA",NA,NA,NA,NA
2017-08-30,"NYN","WAS",NA,NA,NA,NA
2017-08-31,"SEA","BAL",NA,NA,NA,NA
2017-08-31,"BOS","TOR",NA,NA,NA,NA
2017-08-31,"CLE","NYA",NA,NA,NA,NA
2017-08-31,"DET","COL",NA,NA,NA,NA
2017-08-31,"TB","KC",NA,NA,NA,NA
2017-08-31,"OAK","LAA",NA,NA,NA,NA
2017-08-31,"ATL","PHI",NA,NA,NA,NA
2017-08-31,"PIT","CHN",NA,NA,NA,NA
2017-08-31,"MIA","WAS",NA,NA,NA,NA
2017-08-31,"SF","SD",NA,NA,NA,NA
2017-09-01,"SEA","BAL",NA,NA,NA,NA
2017-09-01,"BOS","TOR",NA,NA,NA,NA
2017-09-01,"CHA","MIN",NA,NA,NA,NA
2017-09-01,"CLE","NYA",NA,NA,NA,NA
2017-09-01,"DET","COL",NA,NA,NA,NA
2017-09-01,"TEX","HOU",NA,NA,NA,NA
2017-09-01,"TB","KC",NA,NA,NA,NA
2017-09-01,"OAK","LAA",NA,NA,NA,NA
2017-09-01,"LAN","ARI",NA,NA,NA,NA
2017-09-01,"ATL","PHI",NA,NA,NA,NA
2017-09-01,"PIT","CHN",NA,NA,NA,NA
2017-09-01,"NYN","CIN",NA,NA,NA,NA
2017-09-01,"MIA","WAS",NA,NA,NA,NA
2017-09-01,"STL","MIL",NA,NA,NA,NA
2017-09-01,"SF","SD",NA,NA,NA,NA
2017-09-02,"SEA","BAL",NA,NA,NA,NA
2017-09-02,"BOS","TOR",NA,NA,NA,NA
2017-09-02,"CHA","MIN",NA,NA,NA,NA
2017-09-02,"CLE","NYA",NA,NA,NA,NA
2017-09-02,"DET","COL",NA,NA,NA,NA
2017-09-02,"TEX","HOU",NA,NA,NA,NA
2017-09-02,"TB","KC",NA,NA,NA,NA
2017-09-02,"OAK","LAA",NA,NA,NA,NA
2017-09-02,"LAN","ARI",NA,NA,NA,NA
2017-09-02,"ATL","PHI",NA,NA,NA,NA
2017-09-02,"PIT","CHN",NA,NA,NA,NA
2017-09-02,"NYN","CIN",NA,NA,NA,NA
2017-09-02,"MIA","WAS",NA,NA,NA,NA
2017-09-02,"STL","MIL",NA,NA,NA,NA
2017-09-02,"SF","SD",NA,NA,NA,NA
2017-09-03,"TOR","BAL",NA,NA,NA,NA
2017-09-03,"BOS","NYA",NA,NA,NA,NA
2017-09-03,"CHA","MIN",NA,NA,NA,NA
2017-09-03,"TEX","HOU",NA,NA,NA,NA
2017-09-03,"LAN","ARI",NA,NA,NA,NA
2017-09-03,"ATL","CHN",NA,NA,NA,NA
2017-09-03,"NYN","CIN",NA,NA,NA,NA
2017-09-03,"PHI","MIA",NA,NA,NA,NA
2017-09-03,"WAS","MIL",NA,NA,NA,NA
2017-09-03,"STL","SF",NA,NA,NA,NA
2017-09-04,"TOR","BAL",NA,NA,NA,NA
2017-09-04,"BOS","NYA",NA,NA,NA,NA
2017-09-04,"TB","CHA",NA,NA,NA,NA
2017-09-04,"CLE","DET",NA,NA,NA,NA
2017-09-04,"NYN","HOU",NA,NA,NA,NA
2017-09-04,"KC","MIN",NA,NA,NA,NA
2017-09-04,"LAA","TEX",NA,NA,NA,NA
2017-09-04,"OAK","SEA",NA,NA,NA,NA
2017-09-04,"ARI","COL",NA,NA,NA,NA
2017-09-04,"ATL","CHN",NA,NA,NA,NA
2017-09-04,"CIN","PIT",NA,NA,NA,NA
2017-09-04,"LAN","SD",NA,NA,NA,NA
2017-09-04,"PHI","MIA",NA,NA,NA,NA
2017-09-04,"WAS","MIL",NA,NA,NA,NA
2017-09-04,"STL","SF",NA,NA,NA,NA
2017-09-05,"TOR","BAL",NA,NA,NA,NA
2017-09-05,"BOS","NYA",NA,NA,NA,NA
2017-09-05,"TB","CHA",NA,NA,NA,NA
2017-09-05,"CLE","DET",NA,NA,NA,NA
2017-09-05,"NYN","HOU",NA,NA,NA,NA
2017-09-05,"KC","MIN",NA,NA,NA,NA
2017-09-05,"LAA","TEX",NA,NA,NA,NA
2017-09-05,"OAK","SEA",NA,NA,NA,NA
2017-09-05,"ARI","COL",NA,NA,NA,NA
2017-09-05,"ATL","CHN",NA,NA,NA,NA
2017-09-05,"CIN","PIT",NA,NA,NA,NA
2017-09-05,"LAN","SD",NA,NA,NA,NA
2017-09-05,"PHI","MIA",NA,NA,NA,NA
2017-09-05,"WAS","MIL",NA,NA,NA,NA
2017-09-05,"STL","SF",NA,NA,NA,NA
2017-09-06,"TOR","BAL",NA,NA,NA,NA
2017-09-06,"BOS","NYA",NA,NA,NA,NA
2017-09-06,"TB","CHA",NA,NA,NA,NA
2017-09-06,"CLE","DET",NA,NA,NA,NA
2017-09-06,"NYN","HOU",NA,NA,NA,NA
2017-09-06,"KC","MIN",NA,NA,NA,NA
2017-09-06,"LAA","TEX",NA,NA,NA,NA
2017-09-06,"OAK","SEA",NA,NA,NA,NA
2017-09-06,"ARI","COL",NA,NA,NA,NA
2017-09-06,"ATL","CHN",NA,NA,NA,NA
2017-09-06,"CIN","PIT",NA,NA,NA,NA
2017-09-06,"LAN","SD",NA,NA,NA,NA
2017-09-06,"PHI","MIA",NA,NA,NA,NA
2017-09-06,"WAS","MIL",NA,NA,NA,NA
2017-09-06,"STL","SF",NA,NA,NA,NA
2017-09-07,"NYA","BAL",NA,NA,NA,NA
2017-09-07,"TOR","BOS",NA,NA,NA,NA
2017-09-07,"CLE","CHA",NA,NA,NA,NA
2017-09-07,"KC","DET",NA,NA,NA,NA
2017-09-07,"HOU","SEA",NA,NA,NA,NA
2017-09-07,"LAA","OAK",NA,NA,NA,NA
2017-09-07,"MIN","TB",NA,NA,NA,NA
2017-09-07,"TEX","ATL",NA,NA,NA,NA
2017-09-07,"ARI","LAN",NA,NA,NA,NA
2017-09-07,"CHN","PIT",NA,NA,NA,NA
2017-09-07,"MIL","CIN",NA,NA,NA,NA
2017-09-07,"SF","COL",NA,NA,NA,NA
2017-09-07,"WAS","MIA",NA,NA,NA,NA
2017-09-07,"PHI","NYN",NA,NA,NA,NA
2017-09-07,"STL","SD",NA,NA,NA,NA
2017-09-08,"NYA","BAL",NA,NA,NA,NA
2017-09-08,"TOR","BOS",NA,NA,NA,NA
2017-09-08,"CLE","CHA",NA,NA,NA,NA
2017-09-08,"KC","DET",NA,NA,NA,NA
2017-09-08,"HOU","SEA",NA,NA,NA,NA
2017-09-08,"LAA","OAK",NA,NA,NA,NA
2017-09-08,"MIN","TB",NA,NA,NA,NA
2017-09-08,"TEX","ATL",NA,NA,NA,NA
2017-09-08,"ARI","LAN",NA,NA,NA,NA
2017-09-08,"CHN","PIT",NA,NA,NA,NA
2017-09-08,"MIL","CIN",NA,NA,NA,NA
2017-09-08,"SF","COL",NA,NA,NA,NA
2017-09-08,"WAS","MIA",NA,NA,NA,NA
2017-09-08,"PHI","NYN",NA,NA,NA,NA
2017-09-08,"STL","SD",NA,NA,NA,NA
2017-09-09,"NYA","BAL",NA,NA,NA,NA
2017-09-09,"TOR","BOS",NA,NA,NA,NA
2017-09-09,"CLE","CHA",NA,NA,NA,NA
2017-09-09,"KC","DET",NA,NA,NA,NA
2017-09-09,"HOU","SEA",NA,NA,NA,NA
2017-09-09,"LAA","OAK",NA,NA,NA,NA
2017-09-09,"MIN","TB",NA,NA,NA,NA
2017-09-09,"TEX","ATL",NA,NA,NA,NA
2017-09-09,"ARI","LAN",NA,NA,NA,NA
2017-09-09,"CHN","PIT",NA,NA,NA,NA
2017-09-09,"MIL","CIN",NA,NA,NA,NA
2017-09-09,"SF","COL",NA,NA,NA,NA
2017-09-09,"WAS","MIA",NA,NA,NA,NA
2017-09-09,"PHI","NYN",NA,NA,NA,NA
2017-09-09,"STL","SD",NA,NA,NA,NA
2017-09-10,"CLE","CHA",NA,NA,NA,NA
2017-09-10,"MIN","KC",NA,NA,NA,NA
2017-09-10,"MIA","ATL",NA,NA,NA,NA
2017-09-10,"CHN","PIT",NA,NA,NA,NA
2017-09-10,"CIN","NYN",NA,NA,NA,NA
2017-09-10,"COL","LAN",NA,NA,NA,NA
2017-09-10,"PHI","WAS",NA,NA,NA,NA
2017-09-10,"STL","SD",NA,NA,NA,NA
2017-09-11,"BAL","CLE",NA,NA,NA,NA
2017-09-11,"TB","BOS",NA,NA,NA,NA
2017-09-11,"SF","CHA",NA,NA,NA,NA
2017-09-11,"DET","TOR",NA,NA,NA,NA
2017-09-11,"HOU","OAK",NA,NA,NA,NA
2017-09-11,"MIN","KC",NA,NA,NA,NA
2017-09-11,"LAA","SEA",NA,NA,NA,NA
2017-09-11,"NYA","TEX",NA,NA,NA,NA
2017-09-11,"SD","ARI",NA,NA,NA,NA
2017-09-11,"MIA","ATL",NA,NA,NA,NA
2017-09-11,"MIL","CHN",NA,NA,NA,NA
2017-09-11,"CIN","NYN",NA,NA,NA,NA
2017-09-11,"COL","LAN",NA,NA,NA,NA
2017-09-11,"PHI","WAS",NA,NA,NA,NA
2017-09-11,"PIT","STL",NA,NA,NA,NA
2017-09-12,"BAL","CLE",NA,NA,NA,NA
2017-09-12,"TB","BOS",NA,NA,NA,NA
2017-09-12,"SF","CHA",NA,NA,NA,NA
2017-09-12,"DET","TOR",NA,NA,NA,NA
2017-09-12,"HOU","OAK",NA,NA,NA,NA
2017-09-12,"MIN","KC",NA,NA,NA,NA
2017-09-12,"LAA","SEA",NA,NA,NA,NA
2017-09-12,"NYA","TEX",NA,NA,NA,NA
2017-09-12,"SD","ARI",NA,NA,NA,NA
2017-09-12,"MIA","ATL",NA,NA,NA,NA
2017-09-12,"MIL","CHN",NA,NA,NA,NA
2017-09-12,"CIN","NYN",NA,NA,NA,NA
2017-09-12,"COL","LAN",NA,NA,NA,NA
2017-09-12,"PHI","WAS",NA,NA,NA,NA
2017-09-12,"PIT","STL",NA,NA,NA,NA
2017-09-13,"BAL","CLE",NA,NA,NA,NA
2017-09-13,"TB","BOS",NA,NA,NA,NA
2017-09-13,"SF","CHA",NA,NA,NA,NA
2017-09-13,"DET","TOR",NA,NA,NA,NA
2017-09-13,"HOU","OAK",NA,NA,NA,NA
2017-09-13,"MIN","KC",NA,NA,NA,NA
2017-09-13,"LAA","SEA",NA,NA,NA,NA
2017-09-13,"NYA","TEX",NA,NA,NA,NA
2017-09-13,"SD","ARI",NA,NA,NA,NA
2017-09-13,"MIA","ATL",NA,NA,NA,NA
2017-09-13,"MIL","CHN",NA,NA,NA,NA
2017-09-13,"CIN","NYN",NA,NA,NA,NA
2017-09-13,"COL","LAN",NA,NA,NA,NA
2017-09-13,"PHI","WAS",NA,NA,NA,NA
2017-09-13,"PIT","STL",NA,NA,NA,NA
2017-09-14,"BAL","TOR",NA,NA,NA,NA
2017-09-14,"CHA","KC",NA,NA,NA,NA
2017-09-14,"DET","CLE",NA,NA,NA,NA
2017-09-14,"NYA","TB",NA,NA,NA,NA
2017-09-14,"SEA","TEX",NA,NA,NA,NA
2017-09-14,"COL","ARI",NA,NA,NA,NA
2017-09-14,"LAN","SF",NA,NA,NA,NA
2017-09-14,"PIT","MIL",NA,NA,NA,NA
2017-09-15,"BAL","TOR",NA,NA,NA,NA
2017-09-15,"OAK","BOS",NA,NA,NA,NA
2017-09-15,"CHA","KC",NA,NA,NA,NA
2017-09-15,"DET","CLE",NA,NA,NA,NA
2017-09-15,"HOU","LAA",NA,NA,NA,NA
2017-09-15,"SD","MIN",NA,NA,NA,NA
2017-09-15,"NYA","TB",NA,NA,NA,NA
2017-09-15,"SEA","TEX",NA,NA,NA,NA
2017-09-15,"COL","ARI",NA,NA,NA,NA
2017-09-15,"ATL","WAS",NA,NA,NA,NA
2017-09-15,"NYN","CHN",NA,NA,NA,NA
2017-09-15,"CIN","STL",NA,NA,NA,NA
2017-09-15,"LAN","SF",NA,NA,NA,NA
2017-09-15,"MIA","PHI",NA,NA,NA,NA
2017-09-15,"PIT","MIL",NA,NA,NA,NA
2017-09-16,"BAL","TOR",NA,NA,NA,NA
2017-09-16,"OAK","BOS",NA,NA,NA,NA
2017-09-16,"CHA","KC",NA,NA,NA,NA
2017-09-16,"DET","CLE",NA,NA,NA,NA
2017-09-16,"HOU","LAA",NA,NA,NA,NA
2017-09-16,"SD","MIN",NA,NA,NA,NA
2017-09-16,"NYA","TB",NA,NA,NA,NA
2017-09-16,"SEA","TEX",NA,NA,NA,NA
2017-09-16,"COL","ARI",NA,NA,NA,NA
2017-09-16,"ATL","WAS",NA,NA,NA,NA
2017-09-16,"NYN","CHN",NA,NA,NA,NA
2017-09-16,"CIN","STL",NA,NA,NA,NA
2017-09-16,"LAN","SF",NA,NA,NA,NA
2017-09-16,"MIA","PHI",NA,NA,NA,NA
2017-09-16,"PIT","MIL",NA,NA,NA,NA
2017-09-17,"BAL","NYA",NA,NA,NA,NA
2017-09-17,"OAK","BOS",NA,NA,NA,NA
2017-09-17,"CHA","DET",NA,NA,NA,NA
2017-09-17,"KC","CLE",NA,NA,NA,NA
2017-09-17,"HOU","LAA",NA,NA,NA,NA
2017-09-17,"TOR","MIN",NA,NA,NA,NA
2017-09-17,"SEA","TEX",NA,NA,NA,NA
2017-09-17,"COL","ARI",NA,NA,NA,NA
2017-09-17,"ATL","WAS",NA,NA,NA,NA
2017-09-17,"NYN","CHN",NA,NA,NA,NA
2017-09-17,"CIN","STL",NA,NA,NA,NA
2017-09-17,"MIA","PHI",NA,NA,NA,NA
2017-09-18,"BAL","NYA",NA,NA,NA,NA
2017-09-18,"BOS","TB",NA,NA,NA,NA
2017-09-18,"CHA","DET",NA,NA,NA,NA
2017-09-18,"KC","CLE",NA,NA,NA,NA
2017-09-18,"SEA","HOU",NA,NA,NA,NA
2017-09-18,"TEX","LAA",NA,NA,NA,NA
2017-09-18,"TOR","MIN",NA,NA,NA,NA
2017-09-18,"OAK","PHI",NA,NA,NA,NA
2017-09-18,"ARI","SF",NA,NA,NA,NA
2017-09-18,"NYN","ATL",NA,NA,NA,NA
2017-09-18,"STL","CHN",NA,NA,NA,NA
2017-09-18,"PIT","CIN",NA,NA,NA,NA
2017-09-18,"SD","COL",NA,NA,NA,NA
2017-09-18,"LAN","WAS",NA,NA,NA,NA
2017-09-18,"MIL","MIA",NA,NA,NA,NA
2017-09-19,"BAL","NYA",NA,NA,NA,NA
2017-09-19,"BOS","TB",NA,NA,NA,NA
2017-09-19,"CHA","DET",NA,NA,NA,NA
2017-09-19,"KC","CLE",NA,NA,NA,NA
2017-09-19,"SEA","HOU",NA,NA,NA,NA
2017-09-19,"TEX","LAA",NA,NA,NA,NA
2017-09-19,"TOR","MIN",NA,NA,NA,NA
2017-09-19,"OAK","PHI",NA,NA,NA,NA
2017-09-19,"ARI","SF",NA,NA,NA,NA
2017-09-19,"NYN","ATL",NA,NA,NA,NA
2017-09-19,"STL","CHN",NA,NA,NA,NA
2017-09-19,"PIT","CIN",NA,NA,NA,NA
2017-09-19,"SD","COL",NA,NA,NA,NA
2017-09-19,"LAN","WAS",NA,NA,NA,NA
2017-09-19,"MIL","MIA",NA,NA,NA,NA
2017-09-20,"BAL","NYA",NA,NA,NA,NA
2017-09-20,"BOS","TB",NA,NA,NA,NA
2017-09-20,"CHA","DET",NA,NA,NA,NA
2017-09-20,"KC","CLE",NA,NA,NA,NA
2017-09-20,"SEA","HOU",NA,NA,NA,NA
2017-09-20,"TEX","LAA",NA,NA,NA,NA
2017-09-20,"TOR","MIN",NA,NA,NA,NA
2017-09-20,"OAK","PHI",NA,NA,NA,NA
2017-09-20,"ARI","SF",NA,NA,NA,NA
2017-09-20,"NYN","ATL",NA,NA,NA,NA
2017-09-20,"STL","CHN",NA,NA,NA,NA
2017-09-20,"PIT","CIN",NA,NA,NA,NA
2017-09-20,"SD","COL",NA,NA,NA,NA
2017-09-20,"LAN","WAS",NA,NA,NA,NA
2017-09-20,"MIL","MIA",NA,NA,NA,NA
2017-09-21,"BOS","BAL",NA,NA,NA,NA
2017-09-21,"OAK","DET",NA,NA,NA,NA
2017-09-21,"MIN","NYA",NA,NA,NA,NA
2017-09-21,"ARI","SD",NA,NA,NA,NA
2017-09-21,"LAN","PHI",NA,NA,NA,NA
2017-09-21,"NYN","MIA",NA,NA,NA,NA
2017-09-21,"MIL","PIT",NA,NA,NA,NA
2017-09-22,"BOS","BAL",NA,NA,NA,NA
2017-09-22,"CHA","HOU",NA,NA,NA,NA
2017-09-22,"CLE","LAA",NA,NA,NA,NA
2017-09-22,"OAK","DET",NA,NA,NA,NA
2017-09-22,"KC","TOR",NA,NA,NA,NA
2017-09-22,"MIN","NYA",NA,NA,NA,NA
2017-09-22,"TEX","SEA",NA,NA,NA,NA
2017-09-22,"CHN","TB",NA,NA,NA,NA
2017-09-22,"ARI","SD",NA,NA,NA,NA
2017-09-22,"WAS","ATL",NA,NA,NA,NA
2017-09-22,"STL","CIN",NA,NA,NA,NA
2017-09-22,"COL","SF",NA,NA,NA,NA
2017-09-22,"LAN","PHI",NA,NA,NA,NA
2017-09-22,"NYN","MIA",NA,NA,NA,NA
2017-09-22,"MIL","PIT",NA,NA,NA,NA
2017-09-23,"BOS","BAL",NA,NA,NA,NA
2017-09-23,"CHA","HOU",NA,NA,NA,NA
2017-09-23,"CLE","LAA",NA,NA,NA,NA
2017-09-23,"OAK","DET",NA,NA,NA,NA
2017-09-23,"KC","TOR",NA,NA,NA,NA
2017-09-23,"MIN","NYA",NA,NA,NA,NA
2017-09-23,"TEX","SEA",NA,NA,NA,NA
2017-09-23,"CHN","TB",NA,NA,NA,NA
2017-09-23,"ARI","SD",NA,NA,NA,NA
2017-09-23,"WAS","ATL",NA,NA,NA,NA
2017-09-23,"STL","CIN",NA,NA,NA,NA
2017-09-23,"COL","SF",NA,NA,NA,NA
2017-09-23,"LAN","PHI",NA,NA,NA,NA
2017-09-23,"NYN","MIA",NA,NA,NA,NA
2017-09-23,"MIL","PIT",NA,NA,NA,NA
2017-09-24,"TB","BAL",NA,NA,NA,NA
2017-09-24,"CHA","HOU",NA,NA,NA,NA
2017-09-24,"CLE","LAA",NA,NA,NA,NA
2017-09-24,"MIN","DET",NA,NA,NA,NA
2017-09-24,"KC","TOR",NA,NA,NA,NA
2017-09-24,"TEX","SEA",NA,NA,NA,NA
2017-09-24,"WAS","ATL",NA,NA,NA,NA
2017-09-24,"CHN","MIL",NA,NA,NA,NA
2017-09-24,"STL","CIN",NA,NA,NA,NA
2017-09-24,"COL","SD",NA,NA,NA,NA
2017-09-24,"LAN","PHI",NA,NA,NA,NA
2017-09-25,"TB","BAL",NA,NA,NA,NA
2017-09-25,"BOS","CIN",NA,NA,NA,NA
2017-09-25,"KC","CHA",NA,NA,NA,NA
2017-09-25,"CLE","SEA",NA,NA,NA,NA
2017-09-25,"MIN","DET",NA,NA,NA,NA
2017-09-25,"LAA","HOU",NA,NA,NA,NA
2017-09-25,"NYA","TOR",NA,NA,NA,NA
2017-09-25,"TEX","OAK",NA,NA,NA,NA
2017-09-25,"MIA","ARI",NA,NA,NA,NA
2017-09-25,"PHI","ATL",NA,NA,NA,NA
2017-09-25,"CHN","MIL",NA,NA,NA,NA
2017-09-25,"COL","SD",NA,NA,NA,NA
2017-09-25,"SF","LAN",NA,NA,NA,NA
2017-09-25,"WAS","NYN",NA,NA,NA,NA
2017-09-25,"STL","PIT",NA,NA,NA,NA
2017-09-26,"TB","BAL",NA,NA,NA,NA
2017-09-26,"BOS","CIN",NA,NA,NA,NA
2017-09-26,"KC","CHA",NA,NA,NA,NA
2017-09-26,"CLE","SEA",NA,NA,NA,NA
2017-09-26,"MIN","DET",NA,NA,NA,NA
2017-09-26,"LAA","HOU",NA,NA,NA,NA
2017-09-26,"NYA","TOR",NA,NA,NA,NA
2017-09-26,"TEX","OAK",NA,NA,NA,NA
2017-09-26,"MIA","ARI",NA,NA,NA,NA
2017-09-26,"PHI","ATL",NA,NA,NA,NA
2017-09-26,"CHN","MIL",NA,NA,NA,NA
2017-09-26,"COL","SD",NA,NA,NA,NA
2017-09-26,"SF","LAN",NA,NA,NA,NA
2017-09-26,"WAS","NYN",NA,NA,NA,NA
2017-09-26,"STL","PIT",NA,NA,NA,NA
2017-09-27,"TB","BAL",NA,NA,NA,NA
2017-09-27,"BOS","CIN",NA,NA,NA,NA
2017-09-27,"KC","CHA",NA,NA,NA,NA
2017-09-27,"CLE","SEA",NA,NA,NA,NA
2017-09-27,"MIN","DET",NA,NA,NA,NA
2017-09-27,"LAA","HOU",NA,NA,NA,NA
2017-09-27,"NYA","TOR",NA,NA,NA,NA
2017-09-27,"TEX","OAK",NA,NA,NA,NA
2017-09-27,"MIA","ARI",NA,NA,NA,NA
2017-09-27,"PHI","ATL",NA,NA,NA,NA
2017-09-27,"CHN","MIL",NA,NA,NA,NA
2017-09-27,"COL","SD",NA,NA,NA,NA
2017-09-27,"SF","LAN",NA,NA,NA,NA
2017-09-27,"WAS","NYN",NA,NA,NA,NA
2017-09-27,"STL","PIT",NA,NA,NA,NA
2017-09-28,"TOR","BOS",NA,NA,NA,NA
2017-09-28,"LAA","CHA",NA,NA,NA,NA
2017-09-28,"HOU","TEX",NA,NA,NA,NA
2017-09-28,"SEA","OAK",NA,NA,NA,NA
2017-09-28,"SF","ARI",NA,NA,NA,NA
2017-09-28,"ATL","NYN",NA,NA,NA,NA
2017-09-28,"CHN","STL",NA,NA,NA,NA
2017-09-28,"MIA","COL",NA,NA,NA,NA
2017-09-28,"SD","LAN",NA,NA,NA,NA
2017-09-28,"WAS","PHI",NA,NA,NA,NA
2017-09-29,"BAL","PIT",NA,NA,NA,NA
2017-09-29,"TOR","BOS",NA,NA,NA,NA
2017-09-29,"LAA","CHA",NA,NA,NA,NA
2017-09-29,"MIN","CLE",NA,NA,NA,NA
2017-09-29,"DET","KC",NA,NA,NA,NA
2017-09-29,"HOU","TEX",NA,NA,NA,NA
2017-09-29,"TB","NYA",NA,NA,NA,NA
2017-09-29,"SEA","OAK",NA,NA,NA,NA
2017-09-29,"SF","ARI",NA,NA,NA,NA
2017-09-29,"ATL","NYN",NA,NA,NA,NA
2017-09-29,"CHN","STL",NA,NA,NA,NA
2017-09-29,"CIN","MIL",NA,NA,NA,NA
2017-09-29,"MIA","COL",NA,NA,NA,NA
2017-09-29,"SD","LAN",NA,NA,NA,NA
2017-09-29,"WAS","PHI",NA,NA,NA,NA
2017-09-30,"BAL","PIT",NA,NA,NA,NA
2017-09-30,"TOR","BOS",NA,NA,NA,NA
2017-09-30,"LAA","CHA",NA,NA,NA,NA
2017-09-30,"MIN","CLE",NA,NA,NA,NA
2017-09-30,"DET","KC",NA,NA,NA,NA
2017-09-30,"HOU","TEX",NA,NA,NA,NA
2017-09-30,"TB","NYA",NA,NA,NA,NA
2017-09-30,"SEA","OAK",NA,NA,NA,NA
2017-09-30,"SF","ARI",NA,NA,NA,NA
2017-09-30,"ATL","NYN",NA,NA,NA,NA
2017-09-30,"CHN","STL",NA,NA,NA,NA
2017-09-30,"CIN","MIL",NA,NA,NA,NA
2017-09-30,"MIA","COL",NA,NA,NA,NA
2017-09-30,"SD","LAN",NA,NA,NA,NA
2017-09-30,"WAS","PHI",NA,NA,NA,NA
2017-10-01,"HOU","BOS",NA,NA,NA,NA
2017-10-01,"LAA","CHA",NA,NA,NA,NA
2017-10-01,"MIN","CLE",NA,NA,NA,NA
2017-10-01,"DET","KC",NA,NA,NA,NA
2017-10-01,"TB","NYA",NA,NA,NA,NA
2017-10-01,"OAK","TEX",NA,NA,NA,NA
2017-10-01,"ATL","MIA",NA,NA,NA,NA
2017-10-01,"CHN","STL",NA,NA,NA,NA
2017-10-01,"CIN","MIL",NA,NA,NA,NA
2017-10-01,"PIT","WAS",NA,NA,NA,NA
2017-10-02,"BAL","TB",NA,NA,NA,NA
2017-10-02,"HOU","BOS",NA,NA,NA,NA
2017-10-02,"CHA","CLE",NA,NA,NA,NA
2017-10-02,"DET","MIN",NA,NA,NA,NA
2017-10-02,"ARI","KC",NA,NA,NA,NA
2017-10-02,"SEA","LAA",NA,NA,NA,NA
2017-10-02,"TOR","NYA",NA,NA,NA,NA
2017-10-02,"OAK","TEX",NA,NA,NA,NA
2017-10-02,"ATL","MIA",NA,NA,NA,NA
2017-10-02,"CIN","CHN",NA,NA,NA,NA
2017-10-02,"LAN","COL",NA,NA,NA,NA
2017-10-02,"MIL","STL",NA,NA,NA,NA
2017-10-02,"NYN","PHI",NA,NA,NA,NA
2017-10-02,"PIT","WAS",NA,NA,NA,NA
2017-10-02,"SD","SF",NA,NA,NA,NA
2017-10-03,"BAL","TB",NA,NA,NA,NA
2017-10-03,"HOU","BOS",NA,NA,NA,NA
2017-10-03,"CHA","CLE",NA,NA,NA,NA
2017-10-03,"DET","MIN",NA,NA,NA,NA
2017-10-03,"ARI","KC",NA,NA,NA,NA
2017-10-03,"SEA","LAA",NA,NA,NA,NA
2017-10-03,"TOR","NYA",NA,NA,NA,NA
2017-10-03,"OAK","TEX",NA,NA,NA,NA
2017-10-03,"ATL","MIA",NA,NA,NA,NA
2017-10-03,"CIN","CHN",NA,NA,NA,NA
2017-10-03,"LAN","COL",NA,NA,NA,NA
2017-10-03,"MIL","STL",NA,NA,NA,NA
2017-10-03,"NYN","PHI",NA,NA,NA,NA
2017-10-03,"PIT","WAS",NA,NA,NA,NA
2017-10-03,"SD","SF",NA,NA,NA,NA
2017-10-04,"BAL","TB",NA,NA,NA,NA
2017-10-04,"HOU","BOS",NA,NA,NA,NA
2017-10-04,"CHA","CLE",NA,NA,NA,NA
2017-10-04,"DET","MIN",NA,NA,NA,NA
2017-10-04,"ARI","KC",NA,NA,NA,NA
2017-10-04,"SEA","LAA",NA,NA,NA,NA
2017-10-04,"TOR","NYA",NA,NA,NA,NA
2017-10-04,"OAK","TEX",NA,NA,NA,NA
2017-10-04,"ATL","MIA",NA,NA,NA,NA
2017-10-04,"CIN","CHN",NA,NA,NA,NA
2017-10-04,"LAN","COL",NA,NA,NA,NA
2017-10-04,"MIL","STL",NA,NA,NA,NA
2017-10-04,"NYN","PHI",NA,NA,NA,NA
2017-10-04,"PIT","WAS",NA,NA,NA,NA
2017-10-04,"SD","SF",NA,NA,NA,NA
