Role,fullname,Date,POS,Team,MLBId,Fielding.Petition
SP1,Felix Hernandez,2017-04-04,SP,NYA,433587,NO
SP2,Kenta Maeda,2017-04-08,SP,NYA,628317,NO
SP3,C.C. Sabathia,2017-04-05,SP,NYA,282332,NO
SP4,Chad Kuhl,2017-04-08,SP,NYA,641771,NO
SP5,Mike Fiers,2017-04-05,SP,NYA,571666,NO
CLOSER,Bruce Rondon,NA,RP,NYA,541652,NO
RP1,Edwin Diaz,NA,RP,NYA,621242,NO
RP2,Sean Doolittle,NA,RP,NYA,448281,NO
RP3,Adam Warren,NA,RP,NYA,476589,NO
RP4,David Robertson,NA,RP,NYA,502085,NO
RP5,Xavier Cedeno,NA,RP,NYA,458584,NO
RP6,Chaz Roe,NA,RP,NYA,475054,NO
RP7,Sergio Romo,NA,RP,NYA,489265,NO
#1,Yasiel Puig,NA,RF,NYA,624577,NO
#2,Joe Panik,NA,2B,NYA,605412,NO
#3,Brian McCann,NA,CA,NYA,435263,NO
#4,Aaron Judge,NA,LF,NYA,592450,NO
#5,Aledmys Diaz,NA,SS,NYA,649557,NO
#6,Brett Gardner,NA,CF,NYA,458731,NO
#7,Gregory Bird,NA,1B,NYA,595885,NO
#8,Jurickson Profar,NA,3B,NYA,595777,NO
#9,Carlos Beltran,NA,DH,NYA,136860,NO
Bench,Matt Adams,NA,1B,NYA,571431,NO
Bench,Jarrett Parker,NA,LF,NYA,592620,NO
Bench,Michael Taylor,NA,CF,NYA,572191,NO
SP1,Matt Moore,2017-04-08,SP,TB,519043,NO
SP2,Wade Miley,2017-04-05,SP,TB,489119,NO
SP3,Kyle Gibson,2017-04-07,SP,TB,502043,NO
SP4,Matt Andriese,2017-04-05,SP,TB,542882,NO
SP5,Jered Weaver,2017-04-05,SP,TB,450308,NO
CLOSER,Alex Colome,NA,RP,TB,517008,NO
RP1,Carl Edwards Jr.,NA,RP,TB,605218,NO
RP2,Ty Blach,NA,RP,TB,621389,NO
RP3,Josh Smoker,NA,RP,TB,519294,NO
RP4,Enny Romero,NA,RP,TB,544836,NO
RP5,Chase Whitley,NA,RP,TB,595032,NO
RP6,Andrew Bellatti,NA,RP,TB,571479,NO
#1,Corey Dickerson,NA,LF,TB,572816,NO
#2,Kevin Kiermaier,NA,CF,TB,595281,NO
#3,Evan Longoria,NA,3B,TB,446334,NO
#4,Brad Miller,NA,1B,TB,543543,NO
#5,Tim Beckham,NA,DH,TB,542921,NO
#6,Mikie Mahtook,NA,RF,TB,543484,NO
#7,Kolten Wong,NA,2B,TB,543939,NO
#8,Curt Casali,NA,CA,TB,592200,NO
#9,Erick Aybar,NA,SS,TB,430947,NO
Bench,Justin Smoak,NA,1B,TB,475253,NO
Bench,Austin Romine,NA,CA,TB,519222,NO
Bench,Nick Franklin,NA,1B,TB,545338,NO
Bench,Daniel Robertson,NA,LF,TB,543706,NO
SP1,Madison Bumgarner,2017-04-04,SP,SF,518516,NO
SP2,Johnny Cueto,2017-04-07,SP,SF,456501,NO
SP3,Jeff Samardzija,2017-04-05,SP,SF,502188,NO
SP4,Dan Straily,2017-04-08,SP,SF,573185,NO
SP5,Jose Berrios,2017-04-05,SP,SF,621244,NO
CLOSER,Mark Melancon,NA,RP,SF,453343,NO
RP1,Cory Gearrin,NA,RP,SF,518715,NO
RP2,Fernando Abad,NA,RP,SF,472551,NO
RP3,Joaquin Benoit,NA,RP,SF,276542,NO
RP4,Vidal Nuno,NA,RP,SF,573064,NO
RP5,Hansel Robles,NA,RP,SF,570663,NO
#1,Steven Souza,NA,RF,SF,519306,NO
#2,Brandon Belt,NA,1B,SF,474832,NO
#3,Brandon Crawford,NA,SS,SF,543063,NO
#4,Hunter Pence,NA,RF,SF,452254,NO
#5,Buster Posey,NA,CA,SF,457763,NO
#6,Jay Bruce,NA,LF,SF,457803,NO
#7,Brandon Phillips,NA,2B,SF,408252,NO
#8,Johnny Cueto,NA,P,SF,456501,NO
#9,Emilio Bonifacio,NA,3B,SF,466988,NO
Bench,Brock Holt,NA,3B,SF,571788,NO
Bench,Phil Gosselin,NA,1B,SF,594838,NO
Bench,Paulo Orlando,NA,RF,SF,449181,NO
Bench,Denard Span,NA,CF,SF,452655,NO
SP1,Carlos Martinez,2017-04-04,SP,STL,593372,NO
SP2,Lance Lynn,2017-04-08,SP,STL,458681,NO
SP3,Mike Leake,2017-04-05,SP,STL,502190,NO
SP4,Michael Wacha,2017-04-05,SP,STL,608379,NO
SP5,Hyun-Jin Ryu,2017-04-05,SP,STL,547943,NO
CLOSER,Sammy Solis,NA,RP,STL,519301,NO
RP1,Brett Cecil,NA,RP,STL,446399,NO
RP2,Dustin McGowan,NA,RP,STL,430661,NO
RP3,Kevin Siegrist,NA,RP,STL,543779,NO
RP4,Miguel Socolovich,NA,RP,STL,462515,NO
RP5,Seung-hwan Oh,NA,RP,STL,493200,NO
RP6,Matt Bowman,NA,RP,STL,621199,
#1,Matt Carpenter,NA,1B,STL,572761,NO
#2,Gerardo Parra,NA,LF,STL,467827,NO
#3,Brian Dozier,NA,2B,STL,572821,NO
#4,Randal Grichuk,NA,CF,STL,545341,NO
#5,Stephen Piscotty,NA,RF,STL,572039,NO
#6,Eduardo Nunez,NA,3B,STL,456488,NO
#7,Yadier Molina,NA,CA,STL,425877,NO
#8,Zack Cozart,NA,SS,STL,446359,NO
#9,Lance Lynn,NA,P,STL,458681,NO
Bench,Greg Garcia,NA,2B,STL,594824,NO
Bench,Jedd Gyorko,NA,3B,STL,576397,NO
Bench,Byung-ho Park,NA,1B,STL,666560,NO
Bench,Josh Reddick,NA,LF,STL,502210,NO
Bench,Chris Stewart,NA,CA,STL,455755,NO
SP1,Zack Greinke,2017-04-04,SP,ARI,425844,NO
SP2,Shelby Miller,2017-04-08,SP,ARI,571946,NO
SP3,Robbie Ray,2017-04-07,SP,ARI,592662,NO
SP4,Patrick Corbin,2017-04-05,SP,ARI,571578,NO
SP5,Archie Bradley,2017-04-05,SP,ARI,605151,NO
CLOSER,Fernando Rodney,NA,RP,ARI,407845,NO
RP1,Tyler Clippard,NA,RP,ARI,461325,NO
RP2,Fernando Salas,NA,RP,ARI,477569,NO
RP3,Andrew Chafin,NA,RP,ARI,605177,NO
RP4,Michael Feliz,NA,RP,ARI,593140,NO
RP5,Liam Hendriks,NA,RP,ARI,521230,NO
RP6,Randall Delgado,NA,RP,ARI,517414,NO
#1,Cameron Maybin,NA,LF,ARI,457727,NO
#2,A.J. Pollock,NA,CF,ARI,572041,NO
#3,Paul Goldschmidt,NA,1B,ARI,502671,NO
#4,Jake Lamb,NA,3B,ARI,571875,NO
#5,Welington Castillo,NA,CA,ARI,456078,NO
#6,David Peralta,NA,RF,ARI,444482,NO
#7,Brandon Drury,NA,2B,ARI,592273,NO
#8,Chris Owings,NA,SS,ARI,572008,NO
#9,Robbie Ray,NA,P,ARI,592662,NO
Bench,Jeff Mathis,NA,LF,ARI,425772,NO
Bench,Nick Ahmed,NA,CA,ARI,605113,NO
Bench,Mitch Haniger,NA,CA,ARI,571745,NO
Bench,Chris Herrmann,NA,SS,ARI,543302,NO
SP1,Jon Lester,2017-04-04,SP,CHN,452657,NO
SP2,Gerrit Cole,2017-04-07,SP,CHN,543037,NO
SP3,Kyle Hendricks,2017-04-05,SP,CHN,543294,NO
SP4,Edinson Volquez,2017-04-08,SP,CHN,450172,NO
SP5,Kendall Graveman,2017-04-05,SP,CHN,608665,NO
CLOSER,Cody Allen,NA,RP,CHN,592102,NO
RP1,Mike Montgomery,NA,RP,CHN,543557,NO
RP2,David Phelps,NA,RP,CHN,475479,NO
RP3,Edubray Ramos,NA,RP,CHN,591693,NO
RP4,Hector Rondon,NA,RP,CHN,444468,NO
RP5,Marc Rzepczynski,NA,RP,CHN,519240,NO
RP6,A.J. Schugel,NA,RP,CHN,519263,NO
RP7,Pedro Strop,NA,RP,CHN,467008,NO
#1,Ben Zobrist,NA,RF,CHN,450314,NO
#2,Kris Bryant,NA,LF,CHN,592178,NO
#3,Anthony Rizzo,NA,1B,CHN,519203,NO
#4,Dexter Fowler,NA,CF,CHN,451594,NO
#5,Addison Russell,NA,SS,CHN,608365,NO
#6,Stephen Vogt,NA,CA,CHN,519390,NO
#7,Jean Segura,NA,2B,CHN,516416,NO
#8,Ronald Torreyes,NA,3B,CHN,591720,NO
#9,Gerrit Cole,NA,P,CHN,543037,NO
Bench,Austin Barnes,NA,CA,CHN,608627,NO
Bench,A.J. Ellis,NA,CA,CHN,454560,NO
Bench,Matt Szczur,NA,LF,CHN,519333,NO
Bench,Albert Almora,NA,SS,CHN,546991,NO
SP1,Dallas Keuchel,2017-04-04,SP,HOU,572971,NO
SP2,Chris Sale,2017-04-07,SP,HOU,519242,NO
SP3,Lance McCullers,2017-04-08,SP,HOU,621121,NO
SP4,Adam Conley,2017-04-05,SP,HOU,543045,NO
SP5,A.J. Griffin,2017-04-05,SP,HOU,456167,NO
CLOSER,Ken Giles,NA,RP,HOU,571704,NO
RP1,Will Harris,NA,RP,HOU,501789,NO
RP2,Joe Smith,NA,RP,HOU,501925,NO
RP3,Jandel Gustave,NA,RP,HOU,594311,NO
RP4,Chris Devenski,NA,RP,HOU,606965,NO
RP5,Brad Peacock,NA,RP,HOU,502748,NO
RP6,Bryan Morris,NA,RP,HOU,457768,NO
RP7,Kevin Chapman,NA,RP,HOU,502087,NO
#1,Adeiny Hechavarria,NA,SS,HOU,588751,NO
#2,Jose Altuve,NA,2B,HOU,514888,NO
#3,George Springer,NA,RF,HOU,543807,NO
#4,Yulieski Gurriel,NA,1B,HOU,493329,NO
#5,J.T. Realmuto,NA,CA,HOU,592663,NO
#6,Jason Heyward,NA,CF,HOU,518792,NO
#7,Evan Gattis,NA,DH,HOU,594828,NO
#8,Marwin Gonzalez,NA,3B,HOU,503556,NO
#9,Jake Marisnick,NA,LF,HOU,545350,NO
Bench,Pedro Alvarez,NA,3B,HOU,476883,NO
Bench,Nick Hundley,NA,CA,HOU,460026,NO
Bench,Marwin Gonzalez,NA,3B,HOU,503556,NO
SP1,Colin Moran,NA,LF,HOU,592567,NO
SP2,Matt Shoemaker,2017-04-07,SP,LAA,533167,NO
SP3,Hector Santiago,2017-04-08,SP,LAA,502327,NO
SP4,Tyler Skaggs,2017-04-05,SP,LAA,572140,NO
CLOSER,Cam Bedrosian,2017-04-05,RP,LAA,592135,NO
RP1,Jake McGee,NA,RP,LAA,459429,NO
RP2,Michael Ynoa,NA,RP,LAA,573589,NO
RP3,Jose Alvarez,NA,RP,LAA,501625,NO
RP4,Oliver Drake,NA,RP,LAA,543118,NO
RP5,Reyes Moronta,NA,RP,LAA,606625,NO
RP6,Thyago Vieira,NA,RP,LAA,600986,NO
RP7,Deolis Guerra,NA,RP,LAA,500610,NO
#1,Cliff Pennington,NA,2B,LAA,460060,NO
#2,Kole Calhoun,NA,RF,LAA,594777,NO
#3,Mike Trout,NA,CF,LAA,545361,NO
#4,Albert Pujols,NA,DH,LAA,405395,NO
#5,Adrian Gonzalez,NA,1B,LAA,408236,NO
#6,Avisail Garcia,NA,LF,LAA,541645,NO
#7,Jefry Marte,NA,3B,LAA,527043,NO
#8,Andrelton Simmons,NA,SS,LAA,592743,NO
#9,Jett Bandy,NA,CA,LAA,542908,NO
Bench,C.J. Cron,NA,1B,LAA,543068,NO
Bench,Eduardo Escobar,NA,SS,LAA,500871,NO
Bench,Rene Rivera,NA,LF,LAA,425784,NO
Bench,Mason Williams,NA,CF,LAA,592863,NO
SP1,Rich Hill,2017-04-04,SP,OAK,448179,NO
SP2,Sean Manaea,2017-04-07,SP,OAK,640455,NO
SP3,Luis Perdomo,2017-04-08,SP,OAK,606131,NO
SP4,Raul Alcantara,2017-04-05,SP,OAK,593417,NO
SP5,Dylan Covey,2017-04-05,SP,OAK,592229,NO
CLOSER,John Axford,NA,RP,OAK,446099,NO
RP1,Ryan Madson,NA,RP,OAK,425492,NO
RP2,Greg Holland,NA,RP,OAK,518813,NO
RP3,Daniel Coulombe,NA,RP,OAK,543056,NO
RP4,Dario Alvarez,NA,RP,OAK,516714,NO
RP5,Dillon Overton,NA,RP,OAK,592614,NO
RP6,Bobby Wahl,NA,RP,OAK,592833,NO
#1,Carlos Gomez,NA,CF,OAK,460576,NO
#2,Jed Lowrie,NA,2B,OAK,476704,NO
#3,Mike Napoli,NA,1B,OAK,435063,NO
#4,Danny Valencia,NA,3B,OAK,502143,NO
#5,Ryon Healy,NA,DH,OAK,592387,NO
#6,Travis Jankowski,NA,RF,OAK,608671,NO
#7,Miguel Montero,NA,CA,OAK,471083,NO
#8,Delino DeShields Jr.,NA,LF,OAK,592261,NO
#9,Ivan De Jesus Jr,NA,SS,OAK,474443,NO
Bench,Billy Burns,NA,CF,OAK,542993,NO
Bench,Ben Gamel,NA,LF,OAK,592325,NO
Bench,Max Muncy,NA,1B,OAK,571970,NO
Bench,Josh Phegley,NA,CA,OAK,572033,NO
SP1,Hisashi Iwakuma,2017-04-04,SP,SEA,547874,NO
SP2,Ricky Nolasco,2017-04-07,SP,SEA,445060,NO
SP3,Michael Pineda,2017-04-08,SP,SEA,501381,NO
SP4,Nate Karns,2017-04-05,SP,SEA,501992,NO
SP5,Chris Lee,2017-04-05,SP,SEA,595296,NO
CLOSER,Brandon Kintzler,NA,RP,SEA,445213,NO
RP1,Jason Grilli,NA,RP,SEA,276351,NO
RP2,Nick Vincent,NA,RP,SEA,543883,NO
RP3,Juan Nicasio,NA,RP,SEA,504379,NO
RP4,Evan Scribner,NA,RP,SEA,519267,NO
RP5,Drew Storen,NA,RP,SEA,519322,NO
RP6,Blake Parker,NA,RP,SEA,453284,NO
#1,Leonys Martin,NA,CF,SEA,547982,NO
#2,Eddie Rosario,NA,LF,SEA,592696,NO
#3,Robinson Cano,NA,2B,SEA,429664,NO
#4,Chase Headley,NA,3B,SEA,452104,NO
#5,Logan Morrison,NA,1B,SEA,489149,NO
#6,Joey Gallo,NA,DH,SEA,608336,NO
#7,Jesus Sucre,NA,CA,SEA,491696,NO
#8,Guillermo Heredia,NA,RF,SEA,628338,NO
#9,Ketel Marte,NA,SS,SEA,606466,NO
Bench,Luis Sardinas,NA,3B,SEA,596143,NO
Bench,Chris Iannetta,NA,CA,SEA,455104,NO
Bench,Boog Powell,NA,1B,SEA,621471,NO
Bench,Chris Taylor,NA,SS,SEA,621035,NO
SP1,Yu Darvish,2017-04-04,SP,TEX,506433,NO
SP2,Jose Quintana,2017-04-07,SP,TEX,500779,NO
SP3,Gio Gonzalez,2017-04-05,SP,TEX,461829,NO
SP4,Daniel Norris,2017-04-05,SP,TEX,596057,NO
CLOSER,Nate Jones,NA,RP,TEX,518858,NO
RP1,Dellin Betances,NA,RP,TEX,476454,NO
RP2,Corey Knebel,NA,RP,TEX,608349,NO
RP3,Tony Barnette,NA,RP,TEX,501817,NO
RP4,Alex Claudio,NA,RP,TEX,592222,NO
RP5,Shane Greene,NA,RP,TEX,572888,NO
RP6,Sam Dyson,NA,RP,TEX,473879,NO
#1,Kyle Seager,NA,3B,TEX,572122,NO
#2,Yoenis Cespedes,NA,LF,TEX,493316,NO
#3,Nelson Cruz,NA,DH,TEX,443558,NO
#4,Edwin Encarnacion,NA,1B,TEX,429665,NO
#5,Rougned Odor,NA,2B,TEX,596059,NO
#6,Jonathan Lucroy,NA,CA,TEX,518960,NO
#7,Nomar Mazara,NA,RF,TEX,608577,NO
#8,Ender Inciarte,NA,CF,TEX,542255,NO
#9,Jose Iglesias,NA,SS,TEX,578428,NO
Bench,Robinson Chirinos,NA,CA,TEX,455139,NO
Bench,Andres Blanco,NA,2B,TEX,433217,NO
Bench,Austin Jackson,NA,LF,TEX,457706,NO
Bench,Ryan Rua,NA,1B,TEX,607387,NO
Bench,Steve Pearce,NA,LF,TEX,456665,NO
SP1,Bartolo Colon,2017-04-07,SP,CHA,112526,NO
SP2,Miguel Gonzalez,2017-04-05,SP,CHA,456068,NO
SP3,R.A. Dickey,2017-04-05,SP,CHA,285079,NO
SP4,James Shields,2017-04-05,SP,CHA,448306,NO
CLOSER,Tony Cingrani,NA,RP,CHA,571561,NO
RP1,Dan Jennings,NA,RP,CHA,543359,NO
RP2,Neil Ramirez,NA,RP,CHA,519166,NO
RP3,Jake Petricka,NA,RP,CHA,502593,NO
RP4,Tom Wilhelmsen,NA,RP,CHA,452666,NO
RP5,Jumbo Diaz,NA,RP,CHA,471822,NO
RP6,Oliver Perez,NA,RP,CHA,424144,NO
RP7,Kirby Yates,NA,RP,CHA,489446,NO
#1,Adam Eaton,NA,CF,CHA,594809,NO
#2,Tyler Saladino,NA,2B,CHA,573135,NO
#3,Jose Abreu,NA,1B,CHA,547989,NO
#4,Eric Thames,NA,DH,CHA,519346,NO
#5,Brandon Moss,NA,LF,CHA,461235,NO
#6,Tim Anderson,NA,SS,CHA,641313,NO
#7,Omar Narvaez,NA,CA,CHA,553882,NO
#8,Trevor Plouffe,NA,3B,CHA,461858,NO
#9,Jairo Beras,NA,RF,CHA,620440,NO
Bench,Jarrod Saltalamacchia,NA,CA,CHA,457454,NO
Bench,Leury Garcia,NA,2B,CHA,544725,NO
Bench,Yolmer Sanchez,NA,2B,CHA,570560,NO
Bench,Matt Davidson,NA,3B,CHA,571602,NO
SP1,Corey Kluber,2017-04-04,SP,CLE,446372,NO
SP2,Carlos Carrasco,2017-04-07,SP,CLE,471911,NO
SP3,Danny Salazar,2017-04-05,SP,CLE,517593,NO
SP4,Trevor Bauer,2017-04-05,SP,CLE,545333,NO
SP5,Josh Tomlin,2017-04-08,SP,CLE,458708,NO
CLOSER,Dan Otero,NA,RP,CLE,519096,NO
RP1,Neftali Feliz,NA,RP,CLE,491703,NO
RP2,Jim Johnson,NA,RP,CLE,462382,NO
RP3,Erasmo Ramirez,NA,RP,CLE,541640,NO
RP4,Eric O'Flaherty,NA,RP,CLE,447714,NO
RP5,Zach McAllister,NA,RP,CLE,502083,NO
RP6,Trevor Cahill,NA,RP,CLE,502239,NO
#1,Carlos Santana,NA,1B,CLE,467793,NO
#2,Francisco Lindor,NA,SS,CLE,596019,NO
#3,Nolan Arenado,NA,3B,CLE,571448,NO
#4,Matt Holliday,NA,DH,CLE,407812,NO
#5,Michael Brantley,NA,LF,CLE,488726,NO
#6,Jose Ramirez,NA,RF,CLE,608070,NO
#7,Javier Baez,NA,2B,CLE,595879,NO
#8,Anthony Recker,NA,CA,CLE,489232,NO
#9,Tyler Naquin,NA,CF,CLE,571980,NO
Bench,Roberto Perez,NA,CA,CLE,547379,NO
Bench,Abraham Almonte,NA,CF,CLE,501659,NO
Bench,Franklin Gutierrez,NA,LF,CLE,429711,NO
Bench,Jesus Aguilar,NA,1B,CLE,542583,NO
SP1,Matt Boyd,2017-04-07,SP,DET,571510,NO
SP2,Michael Fulmer,2017-04-08,SP,DET,605242,NO
SP3,Ubaldo Jimenez,2017-04-05,SP,DET,434622,NO
SP4,Jordan Zimmerman,2017-04-05,SP,DET,519455,NO
SP5,Lucas Harrell,2017-04-05,SP,DET,449173,NO
CLOSER,Ryan Pressly,NA,RP,DET,519151,NO
RP1,Alex Wilson,NA,RP,DET,543935,NO
RP2,Justin Wilson,NA,RP,DET,458677,NO
RP3,Mike Dunn,NA,RP,DET,445197,NO
RP4,Anibal Sanchez,NA,RP,DET,434671,NO
RP5,Nick Maronde,NA,RP,DET,543488,NO
RP6,Corey Littrell,NA,RP,DET,592511,NO
#1,Elvis Andrus,NA,SS,DET,462101,NO
#2,Justin Upton,NA,LF,DET,457708,NO
#3,Miguel Cabrera,NA,1B,DET,408234,NO
#4,Victor Martinez,NA,DH,DET,400121,NO
#5,Todd Frazier,NA,3B,DET,453943,NO
#6,Brandon Guyer,NA,RF,DET,446386,NO
#7,Tyler Collins,NA,CF,DET,607385,NO
#8,Stuart Turner,NA,CA,DET,642156,NO
#9,Chris Bostick,NA,2B,DET,607471,NO
Bench,Anthony Gose,NA,CF,DET,543238,NO
Bench,Alex Avila,NA,CA,DET,488671,NO
Bench,Andrew Romine,NA,2B,DET,461865,NO
Bench,Michael Bourn,NA,LF,DET,456422,NO
SP1,Danny Duffy,2017-04-04,SP,KC,518633,NO
SP2,Jason Hammel,2017-04-07,SP,KC,434628,NO
SP3,Jason Vargas,2017-04-08,SP,KC,450306,NO
SP4,Brandon McCarthy,2017-04-05,SP,KC,435221,NO
SP5,Tommy Milone,2017-04-05,SP,KC,543548,NO
CLOSER,Adam Ottavino,NA,RP,KC,493603,NO
RP1,Mike Minor,NA,RP,KC,501985,NO
RP2,George Kontos,NA,RP,KC,502004,NO
RP3,Joakim Soria,NA,RP,KC,465657,NO
RP4,Matthew Strahm,NA,RP,KC,621381,NO
RP5,Alec Mills,NA,RP,KC,621219,NO
RP6,Tyrell Jenkins,NA,RP,KC,592433,NO
#1,Yunel Escobar,NA,3B,KC,488862,NO
#2,Alex Gordon,NA,LF,KC,460086,NO
#3,Adam Jones,NA,CF,KC,430945,NO
#4,Travis Shaw,NA,1B,KC,543768,NO
#5,Salvador Perez,NA,CA,KC,521692,NO
#6,Chris Young,NA,DH,KC,455759,NO
#7,Jarrod Dyson,NA,RF,KC,502481,NO
#8,Alcides Escobar,NA,SS,KC,444876,NO
#9,Raul Mondesi,NA,2B,KC,609275,NO
Bench,Kennys Vargas,NA,1B,KC,573627,NO
Bench,Cheslor Cuthbert,NA,3B,KC,596144,NO
Bench,Whit Merrifield,NA,2B,KC,593160,NO
Bench,Tuffy Gosewisch,NA,CA,KC,488912,NO
SP1,Ervin Santana,2017-04-04,SP,MIN,429722,NO
SP2,Antonio Senzatela,2017-04-07,SP,MIN,622608,NO
SP3,Phil Hughes,2017-04-08,SP,MIN,461833,NO
SP4,Adalberto Mejia,2017-04-05,SP,MIN,606167,NO
CLOSER,J.P. Howell,NA,RP,MIN,434442,NO
RP1,Chasen Shreve,NA,RP,MIN,592741,NO
RP2,Tyler Duffey,NA,RP,MIN,608648,NO
RP3,Michael Tonkin,NA,RP,MIN,543859,NO
RP4,Scott Oberg,NA,RP,MIN,623184,NO
RP5,Taylor Rogers,NA,RP,MIN,573124,NO
RP6,Blake Wood,NA,RP,MIN,502028,NO
RP7,Marcos Molina,NA,RP,MIN,622506,NO
#1,Joe Mauer,NA,1B,MIN,408045,NO
#2,Francisco Cervelli,NA,CA,MIN,465041,NO
#3,Matt Joyce,NA,LF,MIN,459964,NO
#4,Miguel Sano,NA,3B,MIN,593934,NO
#5,Max Kepler,NA,RF,MIN,596146,NO
#6,Jhonny Peralta,NA,SS,MIN,425509,NO
#7,Jorge Polanco,NA,2B,MIN,593871,NO
#8,Robbie Grossman,NA,DH,MIN,543257,NO
#9,Danny Santana,NA,CF,MIN,542454,NO
Bench,Allen Cordoba,NA,SS,MIN,642707,NO
Bench,Cory Spangenberg,NA,2B,MIN,605486,NO
Bench,Reymond Fuentes,NA,RF,MIN,571681,NO
Bench,Carlos E. Perez,NA,CA,MIN,542208,NO
SP1,Stephen Strasburg,2017-04-04,SP,BAL,544931,NO
SP2,Kevin Gausman,2017-04-08,SP,BAL,592332,NO
SP3,James Paxton,2017-04-05,SP,BAL,572020,NO
SP4,Jesse Chavez,2017-04-05,SP,BAL,445926,NO
SP5,Yovani Gallardo,2017-04-05,SP,BAL,451596,NO
CLOSER,Zach Britton,NA,RP,BAL,502154,NO
RP1,Mychal Givens,NA,RP,BAL,571710,NO
RP2,Brad Brach,NA,RP,BAL,542960,NO
RP3,Darren O'Day,NA,RP,BAL,503285,NO
RP4,Jhan Marinez,NA,RP,BAL,501697,NO
RP5,Matt Belisle,NA,RP,BAL,279571,NO
RP6,Junichi Tazawa,NA,RP,BAL,547749,NO
RP7,Jarred Cosart,NA,RP,BAL,543054,NO
#1,Hyun-soo Kim,NA,LF,BAL,547957,NO
#2,Matt Wieters,NA,CA,BAL,446308,NO
#3,Justin Turner,NA,3B,BAL,457759,NO
#4,Mark Trumbo,NA,DH,BAL,444432,NO
#5,Wil Myers,NA,1B,BAL,571976,NO
#6,Andrew McCutchen,NA,RF,BAL,457705,NO
#7,Byron Buxton,NA,CF,BAL,621439,NO
#8,Jonathan Schoop,NA,2B,BAL,570731,NO
#9,J.J. Hardy,NA,SS,BAL,429666,NO
Bench,Mike Zunino,NA,CA,BAL,572287,NO
Bench,Joey Rickard,NA,LF,BAL,572073,NO
Bench,Adam Lind,NA,1B,BAL,452252,NO
SP1,Rick Porcello,2017-04-04,SP,BOS,519144,NO
SP2,Cole Hamels,2017-04-08,SP,BOS,430935,NO
SP3,Steven Wright,2017-04-05,SP,BOS,453214,NO
SP4,Eduardo Rodriguez,2017-04-05,SP,BOS,593958,NO
SP5,Henry Owens,2017-04-05,SP,BOS,596064,NO
CLOSER,Craig Kimbrel,NA,RP,BOS,518886,NO
RP1,Joe Kelly,NA,RP,BOS,523260,NO
RP2,Matt Barnes,NA,RP,BOS,598264,NO
RP3,Robbie Ross,NA,RP,BOS,543726,NO
RP4,Heath Hembree,NA,RP,BOS,592390,NO
RP5,Tommy Layne,NA,RP,BOS,518927,NO
RP6,Ben Taylor,NA,RP,BOS,664701,NO
#1,Dustin Pedroia,NA,2B,BOS,456030,NO
#2,Andrew Benintendi,NA,LF,BOS,643217,NO
#3,Kendrys Morales,NA,1B,BOS,434778,NO
#4,Pablo Sandoval,NA,3B,BOS,467055,NO
#5,Jackie Bradley Jr.,NA,CF,BOS,598265,NO
#6,Sandy Leon,NA,DH,BOS,506702,NO
#7,Christian Vazquez,NA,CA,BOS,543877,NO
#8,Marco Hernandez,NA,SS,BOS,593523,NO
#9,Jacoby Ellsbury,NA,RF,BOS,453056,NO
Bench,Mookie Betts,NA,RF,BOS,605141,NO
Bench,Xander Bogaerts,NA,SS,BOS,593428,NO
Bench,Hanley Ramirez,NA,1B,BOS,434670,NO
Bench,Deven Marrero,NA,3B,BOS,571918,NO
SP1,Marcus Stroman,2017-04-04,SP,TOR,573186,NO
SP2,Marco Estrada,2017-04-07,SP,TOR,462136,NO
SP3,J.A. Happ,2017-04-08,SP,TOR,457918,NO
SP4,Francisco Liriano,2017-04-05,SP,TOR,434538,NO
SP5,Aaron Sanchez,2017-04-05,SP,TOR,592717,NO
CLOSER,Joe Biagini,NA,RP,TOR,607352,NO
RP1,Danny Farquhar,NA,RP,TOR,543144,NO
RP2,Aaron Loup,NA,RP,TOR,571901,NO
RP3,Ryan Tepera,NA,RP,TOR,572193,NO
RP4,Ben Rowen,NA,RP,TOR,594985,NO
RP5,Chad Girodo,NA,RP,TOR,643325,NO
RP6,Ryan Borucki,NA,RP,TOR,621366,NO
#1,Devon Travis,NA,DH,TOR,581527,NO
#2,John Jaso,NA,1B,TOR,444379,NO
#3,Josh Donaldson,NA,3B,TOR,518626,NO
#4,Jose Bautista,NA,RF,TOR,430832,NO
#5,Troy Tulowitzki,NA,SS,TOR,453064,NO
#6,Russell Martin,NA,CA,TOR,431145,NO
#7,Kevin Pillar,NA,CF,TOR,607680,NO
#8,Ezequiel Carrera,NA,LF,TOR,485567,NO
#9,Ryan Goins,NA,2B,TOR,572365,NO
Bench,Darwin Barney,NA,2B,TOR,446381,NO
Bench,Darrell Ceciliani,NA,RF,TOR,571553,NO
Bench,Chris Colabello,NA,1B,TOR,499624,NO
Bench,Josh Thole,NA,CA,TOR,489365,NO
SP1,Jon Gray,2017-04-04,SP,COL,592351,NO
SP2,Tyler Chatwood,2017-04-07,SP,COL,543022,NO
SP3,Tyler Anderson,2017-04-08,SP,COL,542881,NO
SP4,Kyle Freeland,2017-04-05,SP,COL,607536,NO
SP5,Eddie Butler,2017-04-05,SP,COL,572750,NO
CLOSER,Tony Watson,,RP,COL,453265,NO
RP1,A.J. Ramos,,RP,COL,573109,NO
RP2,Bud Norris,,RP,COL,502032,NO
RP3,German Marquez,,RP,COL,608566,NO
RP4,Jordan Lyles,,RP,COL,543475,NO
RP5,Brian Ellington,,RP,COL,623395,NO
RP6,Jorge De La Rosa,,RP,COL,407822,NO
RP7,Chase De Jong,,RP,COL,608328,NO
#1,D.J. LeMahieu,,2B,COL,518934,NO
#2,Trevor Story,,SS,COL,596115,NO
#3,Carlos Gonzalez,,RF,COL,471865,NO
#4,Ryan Zimmerman,,1B,COL,475582,NO
#5,Willson Contreras,,CA,COL,575929,NO
#6,Jose Reyes,,3B,COL,408314,NO
#7,Jayson Werth,,LF,COL,150029,NO
#8,Cristhian Adames,,SS,COL,542436,NO
#9,Eddie Butler,,P,COL,572750,NO
Bench,Mike Tauchman,,CF,COL,643565,NO
Bench,Stephen Cardullo,,1B,COL,506924,NO
Bench,Dustin Garneau,,CA,COL,572863,NO
Bench,Ben Paulsen,,1B,COL,572019,NO
SP1,Clayton Kershaw,2017-04-04,SP,LAN,477132,NO
SP2,Masahiro Tanaka,2017-04-07,SP,LAN,547888,NO
SP3,Ian Kennedy,2017-04-08,SP,LAN,453178,NO
SP4,Tom Koehler,2017-04-05,SP,LAN,543408,NO
SP5,Zach Lee,2017-04-05,SP,LAN,545346,NO
CLOSER,Andrew Miller,,RP,LAN,453192,NO
RP1,Luis Avilan,,RP,LAN,501593,NO
RP2,Koji Uehara,,RP,LAN,493157,NO
RP3,Ross Stripling,,RP,LAN,548389,NO
RP4,Grant Dayton,,RP,LAN,594795,NO
RP5,Carlos Frias,,RP,LAN,516910,NO
RP6,Travis Wood,,RP,LAN,475243,NO
#1,Joc Pederson,,CF,LAN,592626,NO
#2,Corey Seager,,SS,LAN,608369,NO
#3,Khris Davis,,LF,LAN,501981,NO
#4,Eric Hosmer,,1B,LAN,543333,NO
#5,Matt Kemp,,RF,LAN,461314,NO
#6,Yasmani Grandal,,CA,LAN,518735,NO
#7,Danny Espinosa,,3B,LAN,457787,NO
#8,Howie Kendrick,,2B,LAN,435062,NO
#9,Masahiro Tanaka,,SP,LAN,547888,NO
Bench,Shin-Soo Choo,,RF,LAN,425783,NO
Bench,Kike Hernandez,,SS,LAN,571771,NO
Bench,Mark Reynolds,,1B,LAN,448602,NO
Bench,Aaron Hicks,,LF,LAN,543305,NO
Bench,Drew Butera,,CA,LAN,460077,NO
SP1,Jeremy Hellickson,2017-04-04,SP,SD,476451,NO
SP2,Jake Odorizzi,2017-04-07,SP,SD,543606,NO
SP3,Dylan Bundy,2017-04-08,SP,SD,605164,NO
SP4,Zack Wheeler,2017-04-05,SP,SD,554430,NO
SP5,Matt Cain,2017-04-05,SP,SD,430912,NO
CLOSER,Francisco Rodriguez,,RP,SD,408061,NO
RP1,Ryan Buchter,,RP,SD,488748,NO
RP2,Brandon Maurer,,RP,SD,543506,NO
RP3,Boone Logan,,RP,SD,457429,NO
RP4,Ryan Dull,,RP,SD,623430,NO
RP5,Alex Wood,,RP,SD,622072,NO
RP6,Jose Ramirez,,RP,SD,542432,NO
#1,Marcus Semien,,SS,SD,543760,NO
#2,Yangervis Solarte,,3B,SD,500208,NO
#3,Hunter Renfroe,,RF,SD,592669,NO
#4,Paulo Orlando,,CF,SD,449181,NO
#5,Chris Davis,,1B,SD,448801,NO
#6,Logan Forsythe,,2B,SD,523253,NO
#7,Gregory Polanco,,LF,SD,570256,NO
#8,Juan Centeno,,CA,SD,518542,NO
#9,Jake Odorizzi,,P,SD,543606,NO
Bench,Ben Revere,,LF,SD,519184,NO
Bench,Alexi Amarista,,2B,SD,506560,NO
Bench,Mark Canha,,3B,SD,592192,NO
Bench,Adam Rosales,,2B,SD,489267,NO
Bench,Christian Bethancourt,,CA,SD,542194,NO
SP1,Jhoulys Chacin,2017-04-04,SP,CIN,468504,NO
SP2,Brandon Finnegan,2017-04-08,SP,CIN,605232,NO
SP3,Andrew Triggs,2017-04-05,SP,CIN,592811,NO
SP4,Rookie Davis,2017-04-05,SP,CIN,606959,NO
SP5,Amir Garrett,2017-04-05,SP,CIN,607237,NO
CLOSER,Raisel Iglesias,,RP,CIN,628452,NO
RP1,Michael Lorenzen,,RP,CIN,547179,NO
RP2,Kyle Barraclough,,RP,CIN,607457,NO
RP3,Justin Grimm,,RP,CIN,518748,NO
RP4,Tony Sipp,,RP,CIN,448609,NO
RP5,Wandy Peralta,,RP,CIN,593974,NO
RP6,Cody Reed,,RP,CIN,642003,NO
RP7,Robert Stephenson,,RP,CIN,596112,NO
#1,Cesar Hernandez,,2B,CIN,514917,NO
#2,Jose Peraza,,SS,CIN,606299,NO
#3,Joey Votto,,1B,CIN,458015,NO
#4,Adam Duvall,,LF,CIN,594807,NO
#5,Scott Schebler,,RF,CIN,594988,NO
#6,Billy Hamilton,,CF,CIN,571740,NO
#7,Eugenio Suarez,,3B,CIN,553993,NO
#8,Tucker Barnhart,,CA,CIN,571466,NO
#9,Brandon Finnegan,,P,CIN,605232,NO
Bench,Austin Hedges,,CA,CIN,595978,NO
Bench,Patrick Kivlehan,,OF,CIN,623182,NO
Bench,Steve Selsky,,RF,CIN,592731,NO
Bench,Arismendy Alcantara,,3B,CIN,570489,NO
SP1,Junior Guerra,2017-04-04,SP,MIL,448855,NO
SP2,Zach Davies,2017-04-07,SP,MIL,605200,NO
SP3,Wily Peralta,2017-04-08,SP,MIL,503449,NO
SP4,Jimmy Nelson,2017-04-05,SP,MIL,519076,NO
SP5,Chase Anderson,2017-04-05,SP,MIL,502624,NO
CLOSER,Carlos Torres,,RP,MIL,448614,NO
RP1,Jacob Barnes,,RP,MIL,606930,NO
RP2,Jeremy Jeffress,,RP,MIL,502026,NO
RP3,Miguel Diaz,,RP,MIL,622766,NO
RP4,Taylor Jungmann,,RP,MIL,543380,NO
RP5,Brent Suter,,RP,MIL,608718,NO
RP6,Tyler Cravy,,RP,MIL,572788,NO
#1,Jonathan Villar,,2B,MIL,542340,NO
#2,Keon Broxton,,CF,MIL,542979,NO
#3,Ryan Braun,,LF,MIL,460075,NO
#4,Domingo Santana,,RF,MIL,570267,NO
#5,Chris Carter,,1B,MIL,474892,NO
#6,Hernan Perez,,3B,MIL,541650,NO
#7,Orlando Arcia,,SS,MIL,606115,NO
#8,Martin Maldonado,,CA,MIL,455117,NO
#9,Zach Davies,,P,MIL,605200,NO
Bench,Kirk Nieuwenhuis,,CF,MIL,543590,NO
Bench,Scooter Gennett,,2B,MIL,571697,NO
Bench,Rymer Liriano,,RF,MIL,542642,NO
Bench,Yadiel Rivera,,2B,MIL,592680,NO
Bench,Blake Swihart,,CA,MIL,596119,NO
SP1,Jameson Taillon,2017-04-04,SP,PIT,592791,NO
SP2,Alex Cobb,2017-04-07,SP,PIT,502171,NO
SP3,Ivan Nova,2017-04-05,SP,PIT,467100,NO
SP4,Derek Holland,2017-04-08,SP,PIT,502706,NO
SP5,Tyler Glasnow,2017-04-05,SP,PIT,607192,NO
CLOSER,Kelvin Herrera,,RP,PIT,516969,NO
RP1,Luke Gregerson,,RP,PIT,502381,NO
RP2,Dan Altavilla,,RP,PIT,656186,NO
RP3,Chris Young,,RP,PIT,432934,NO
RP4,Trevor Williams,,RP,PIT,592866,NO
RP5,J.J. Hoover,,RP,PIT,543331,NO
RP6,Austin Pruitt,,RP,PIT,643493,NO
#1,Rajai Davis,,CF,PIT,434658,NO
#2,Adam Frazier,,LF,PIT,624428,NO
#3,Melky Cabrera,,DH,PIT,466320,NO
#4,Josh Bell,,1B,PIT,605137,NO
#5,Michael Saunders,,RF,PIT,459431,NO
#6,David Freese,,3B,PIT,501896,NO
#7,Josh Harrison,,2B,PIT,543281,NO
#8,Derek Norris,,CA,PIT,519083,NO
#9,Jordy Mercer,,SS,PIT,474568,NO
Bench,Mitch Moreland,,1B,PIT,519048,NO
Bench,Alen Hanson,,2B,PIT,593700,NO
Bench,Jon Jay,,CF,PIT,445055,NO
Bench,Carlos Ruiz,,CA,PIT,434563,NO
SP1,Jharel Cotton,2017-04-04,SP,ATL,605194,NO
SP2,Taijuan Walker,2017-04-08,SP,ATL,592836,NO
SP3,Mike Foltynewicz,2017-04-05,SP,ATL,592314,NO
SP4,Clay Buchholz,2017-04-05,SP,ATL,453329,NO
SP5,Aaron Blair,2017-04-05,SP,ATL,594760,NO
CLOSER,Wade Davis,,RP,ATL,451584,NO
RP1,Brad Hand,,RP,ATL,543272,NO
RP2,Pat Neshek,,RP,ATL,450212,NO
RP3,Arodys Vizcaino,,RP,ATL,527055,NO
RP4,Mauricio Cabrera,,RP,ATL,606291,NO
RP5,Jared Hughes,,RP,ATL,453172,NO
RP6,Ian Krol,,RP,ATL,571871,NO
#1,Dansby Swanson,,SS,ATL,621020,NO
#2,Lorenzo Cain,,CF,ATL,456715,NO
#3,Ryan Schimpf,,2B,ATL,572114,NO
#4,Freddie Freeman,,1B,ATL,518692,NO
#5,Marcell Ozuna,,CF,ATL,542303,NO
#6,Mike Moustakas,,3B,ATL,519058,NO
#7,Nick Markakis,,RF,ATL,455976,NO
#8,Taijuan Walker,,P,ATL,592836,NO
#9,Taijuan Walker,2017-04-07,SP,ATL,592836,NO
Bench,Nori Aoki,,LF,ATL,493114,NO
Bench,Jace Peterson,,2B,ATL,607054,NO
Bench,Tomas Telis,,CA,ATL,542513,NO
Bench,Aaron Hill,,2B,ATL,431094,NO
Bench,Angel Pagan,,CF,ATL,434636,NO
SP1,Justin Verlander,2017-04-04,SP,MIA,434378,NO
SP2,Jake Arrieta,2017-04-08,SP,MIA,453562,NO
SP3,Julio Teheran,2017-04-05,SP,MIA,527054,NO
SP4,John Lackey,2017-04-05,SP,MIA,407793,NO
SP5,Wei-Yin Chen,2017-04-05,SP,MIA,612672,NO
CLOSER,Aroldis Chapman,,RP,MIA,547973,NO
RP1,Kenley Jansen,,RP,MIA,445276,NO
RP2,Derek Law,,RP,MIA,571882,NO
RP3,Jose Urena,,RP,MIA,570632,NO
RP4,Carlos Estevez,,RP,MIA,608032,NO
RP5,Yusmeiro Petit,,RP,MIA,433589,NO
RP6,Kevin Quackenbush,,RP,MIA,534812,NO
#1,Dee Gordon,,2B,MIA,543829,NO
#2,Starling Marte,,CF,MIA,516782,NO
#3,Christian Yelich,,LF,MIA,592885,NO
#4,Carlos Correa,,SS,MIA,621043,NO
#5,Giancarlo Stanton,,RF,MIA,519317,NO
#6,Nick Castellanos,,3B,MIA,592206,NO
#7,Gary Sanchez,,CA,MIA,596142,NO
#8,Justin Bour,,1B,MIA,571506,NO
#9,Jake Arrieta,,SP,MIA,453562,NO
Bench,Derek Dietrich,,2B,MIA,518618,NO
Bench,James McCann,,CA,MIA,543510,NO
Bench,Miguel Rojas,,SS,MIA,500743,NO
Bench,Dixon Machado,,SS,MIA,553988,NO
Bench,Tony Wolters,,CA,MIA,547172,NO
SP1,Noah Syndergaard,2017-04-04,SP,NYN,592789,NO
SP2,Jacob deGrom,2017-04-08,SP,NYN,594798,NO
SP3,Matt Harvey,2017-04-05,SP,NYN,518774,NO
SP4,Robert Gsellman,2017-04-05,SP,NYN,607229,NO
CLOSER,Addison Reed,,RP,NYN,592665,NO
RP1,Hunter Strickland,,RP,NYN,519326,NO
RP2,Jerry Blevins,,RP,NYN,460283,NO
RP3,Antonio Bastardo,,RP,NYN,455374,NO
RP4,Jose Torres,,RP,NYN,600526,NO
RP5,Rafael Montero,,RP,NYN,606160,NO
RP6,Josh Edgin,,RP,NYN,572831,NO
RP7,Sean Gilmartin,,RP,NYN,543219,NO
#1,Asdrubal Cabrera,,SS,NYN,452678,NO
#2,Travis d'Arnaud,,CA,NYN,518595,NO
#3,Lucas Duda,,1B,NYN,446263,NO
#4,Seth Smith,,RF,NYN,452234,NO
#5,Yonder Alonso,,3B,NYN,475174,NO
#6,Curtis Granderson,,CF,NYN,434158,NO
#7,Yasmany Tomas,,LF,NYN,630111,NO
#8,Neil Walker,,2B,NYN,435522,NO
#9,Jacob deGrom,,SP,NYN,594798,NO
Bench,Ichiro Suzuki,,RF,NYN,400085,NO
Bench,Geovany Soto,,CA,NYN,434567,NO
Bench,Michael Conforto,,LF,NYN,624424,NO
Bench,Matt Reynolds,,SS,NYN,608703,NO
Bench,Wilmer Flores,,SS,NYN,527038,NO
SP1,Aaron Nola,2017-04-04,SP,PHI,605400,NO
SP2,Jerad Eickhoff,2017-04-07,SP,PHI,595191,NO
SP3,Vincent Velasquez,2017-04-08,SP,PHI,592826,NO
SP4,Brett Oberholtzer,2017-04-05,SP,PHI,519085,NO
SP5,Adam Morgan,,SP,PHI,605388,NO
CLOSER,Jeanmar Gomez,,RP,PHI,491646,NO
RP1,Brad Ziegler,,RP,PHI,446899,NO
RP2,Hector Neris,,RP,PHI,593576,NO
RP3,Bryan Shaw,,RP,PHI,543766,NO
RP4,Andrew Bailey,,RP,PHI,457732,NO
RP5,Dalier Hinojosa,,RP,PHI,648737,NO
RP6,Alec Asher,,RP,PHI,594742,NO
RP7,Michael Mariot,,RP,PHI,592527,NO
#1,Freddy Galvis,,SS,PHI,520471,NO
#2,Starlin Castro,,2B,PHI,516770,NO
#3,Odubel Herrera,,CF,PHI,546318,NO
#4,Maikel Franco,,3B,PHI,596748,NO
#5,Tommy Joseph,,1B,PHI,571830,NO
#6,Jason Castro,,CA,PHI,488771,NO
#7,Cody Asche,,LF,PHI,605125,NO
#8,Aaron Altherr,,RF,PHI,571437,NO
#9,Jerad Eickhoff,,SP,PHI,595191,NO
Bench,Andrew Knapp,,CA,PHI,595284,NO
Bench,Darin Ruf,,1B,PHI,573131,NO
Bench,Taylor Featherston,,2B,PHI,605227,NO
Bench,Cameron Rupp,,CA,PHI,519237,NO
SP1,Chris Archer,2017-04-04,SP,WAS,502042,NO
SP2,Tanner Roark,2017-04-07,SP,WAS,543699,NO
SP3,Max Scherzer,2017-04-05,SP,WAS,453286,NO
SP4,Adam Wainwright,2017-04-08,SP,WAS,425794,NO
SP5,Brett Anderson,2017-04-05,SP,WAS,474463,NO
CLOSER,Felipe Rivero,,RP,WAS,553878,NO
RP1,Matt Bush,,RP,WAS,456713,NO
RP2,Daniel Hudson,,RP,WAS,543339,NO
RP3,Jonathan Broxton,,RP,WAS,455009,NO
RP4,Blake Treinen,,RP,WAS,595014,NO
RP5,Tim Collins,,RP,WAS,525768,NO
RP6,Shawn Kelley,,RP,WAS,518875,NO
#1,Kyle Schwarber,,LF,WAS,656941,NO
#2,Bryce Harper,,RF,WAS,547180,NO
#3,Daniel Murphy,,1B,WAS,502517,NO
#4,Manny Machado,,3B,WAS,592518,NO
#5,Ian Kinsler,,2B,WAS,435079,NO
#6,Charlie Blackmon,,CF,WAS,453568,NO
#7,Trea Turner,,SS,WAS,607208,NO
#8,Yan Gomes,,CA,WAS,543228,NO
#9,Tanner Roark,,SP,WAS,543699,NO
Bench,Anthony Rendon,,2B,WAS,543685,NO
Bench,Stephen Drew,,SS,WAS,452220,NO
Bench,Wilmer Difo,,2B,WAS,594694,NO
Bench,Kurt Suzuki,,CA,WAS,435559,NO
Bench,Matt den Dekker,,LF,WAS,544925,NO
