"FullName","MLBId","Team","Start","Relief","Rest_days"
"Fernando Abad","472551","SF",0,0,Inf
"A.J. Achter","592091","MIN",0,0,Inf
"Austin Adams","542866","LAA",0,0,Inf
"Timothy Adleman","534947","NYA",0,0,Inf
"Matt Albers","458006","FA",0,0,Inf
"Al Alburquerque","456379","MIA",0,0,Inf
"Scott Alexander","518397","STL",0,0,Inf
"Cody Allen","592102","CHN",0,2,Inf
"Jose Alvarez","501625","LAA",0,2,1
"Alexi Amarista","506560","SD",0,0,Inf
"Cody Anderson","594736","SD",0,0,Inf
"Tyler Anderson","542881","COL",1,0,Inf
"Chase Anderson","502624","MIL",0,0,Inf
"Matt Andriese","542882","TB",1,0,Inf
"Dustin Antolin","542884","TOR",0,0,Inf
"Elvis Araujo","542587","PHI",0,0,Inf
"Chris Archer","502042","WAS",0,0,1
"Shawn Armstrong","542888","CLE",0,2,Inf
"Jake Arrieta","453562","MIA",1,0,Inf
"Luis Avilan","501593","LAN",0,1,0
"John Axford","446099","OAK",0,0,Inf
"Pedro Baez","520980","LAN",0,0,Inf
"Andrew Bailey","457732","PHI",0,1,1
"John Barbato","592127","MIN",0,0,Inf
"Johnny Barbato","592127","MIN",0,0,Inf
"Matt Barnes","598264","BOS",0,2,Inf
"Jacob Barnes","606930","MIL",0,1,0
"Tony Barnette","501817","TEX",0,1,1
"Kyle Barraclough","607457","CIN",0,2,1
"Jake Barrett","545332","ARI",0,0,Inf
"Chris Bassitt","605135","PIT",0,0,Inf
"Antonio Bastardo","455374","NYN",0,1,Inf
"Trevor Bauer","545333","CLE",0,0,Inf
"Cam Bedrosian","592135","LAA",0,1,Inf
"Matt Belisle","279571","BAL",0,3,1
"Joaquin Benoit","276542","SF",0,1,2
"Christian Bergman","548357","PIT",0,0,Inf
"Jose Berrios","621244","SF",0,0,Inf
"Dellin Betances","476454","TEX",0,0,0
"Christian Bethancourt","542194","SD",0,3,Inf
"Chad Bettis","518452","COL",0,0,Inf
"Joseph Biagini","607352","TOR",0,3,Inf
"Aaron Blair","594760","ATL",0,0,Inf
"Joe Blanton","430599","BAL",0,3,Inf
"Michael Blazek","518468","MIL",0,0,Inf
"Richard Bleier","542947","NYA",0,0,Inf
"Jerry Blevins","460283","NYN",0,3,Inf
"Mike Bolsinger","502211","LAN",0,0,Inf
"Wilfredo Boscan","517448","PIT",0,0,Inf
"Buddy Boshers","542953","BAL",0,0,Inf
"Matthew Bowman","621199","STL",0,3,Inf
"Brad Boxberger","502202","TB",0,0,Inf
"Matt Boyd","571510","DET",0,0,0
"Blaine Boyer","430641","BAL",0,0,Inf
"Brad Brach","542960","BAL",0,3,Inf
"Silvino Bracho","611093","MIN",0,0,Inf
"Archie Bradley","605151","ARI",0,1,Inf
"Craig Breslow","444520","LAN",0,2,Inf
"Zach Britton","502154","BAL",0,2,1
"Mike Broadway","458678","SF",0,0,Inf
"Jonathan Broxton","455009","WAS",0,1,Inf
"Clay Buchholz","453329","ATL",0,0,Inf
"Ryan Buchter","488748","SD",0,2,Inf
"Madison Bumgarner","518516","SF",0,0,2
"Dylan Bundy","605164","SD",1,0,Inf
"Enrique Burgos","542609","ARI",0,0,Inf
"Matthew Buschmann","501936","ARI",0,0,Inf
"Matt Bush","456713","WAS",0,1,1
"Eddie Butler","572750","COL",0,0,Inf
"Trevor Cahill","502239","CLE",1,0,0
"Matt Cain","430912","SD",1,0,Inf
"Arquimedes Caminero","491708","PIT",0,0,Inf
"Leonel Campos","599998","TB",0,0,Inf
"Chris Capuano","425626","CHA",0,0,Inf
"Carlos Carrasco","471911","CLE",0,0,0
"Scott Carroll","453222","BAL",0,0,Inf
"Andrew Cashner","488768","WAS",0,0,Inf
"Santiago Casilla","433586","CLE",0,3,Inf
"Miguel Castro","612434","MIA",0,0,Inf
"Brett Cecil","446399","STL",0,2,2
"Xavier Cedeno","458584","NYA",0,1,0
"Hunter Cervenka","543017","ATL",0,0,Inf
"Luis Cessa","570666","NYA",0,0,Inf
"Jhoulys Chacin","468504","CIN",0,0,1
"Jhoulys Chacin","468504","CIN",0,0,1
"Andrew Chafin","605177","ARI",0,1,0
"Joba Chamberlain","501955","SD",0,0,Inf
"Aroldis Chapman","547973","MIA",0,1,Inf
"J.T. Chargois","608638","ATL",0,0,Inf
"Tyler Chatwood","543022","COL",0,0,0
"Jesse Chavez","445926","BAL",1,0,Inf
"Wei-Yin Chen","612672","MIA",1,0,Inf
"Tony Cingrani","571561","CHA",0,2,Inf
"Steve Cishek","518553","SEA",0,0,Inf
"Alex Claudio","592222","TEX",0,2,0
"Michael Clevinger","605182","COL",0,0,Inf
"Tyler Clippard","461325","ARI",0,1,2
"Phil Coke","457435","NYA",0,0,Inf
"Gerrit Cole","543037","CHN",0,0,0
"Louis Coleman","488786","LAN",0,0,Inf
"Josh Collmenter","518567","ARI",0,1,Inf
"Alex Colome","517008","TB",0,3,Inf
"Bartolo Colon","112526","CHA",0,0,0
"Adam Conley","543045","HOU",0,0,Inf
"Patrick Corbin","571578","ARI",1,0,Inf
"Jarred Cosart","543054","BAL",0,2,Inf
"Caleb Cotham","571584","ARI",0,0,Inf
"Daniel Coulombe","543056","OAK",0,0,0
"Tyler Cravy","572788","MIL",0,0,Inf
"Kyle Crockett","641490","COL",0,0,Inf
"Johnny Cueto","456501","SF",0,0,0
"William Cuevas","571035","BOS",0,0,Inf
"Zac Curtis","657205","ARI",0,0,Inf
"Justin Wilson","458677","DET",0,2,Inf
"Tyler Danish","641501","PIT",0,0,Inf
"John Danks","433579","FA",0,0,Inf
"Yu Darvish","506433","TEX",0,0,1
"Zachary Davies","605200","MIL",0,0,Inf
"Wade Davis","451584","ATL",0,3,Inf
"Rubby de la Rosa","523989","ARI",0,0,Inf
"Jorge de la Rosa","407822","COL",0,4,Inf
"Pat Dean","534737","MIN",0,0,Inf
"Jacob deGrom","594798","NYN",1,0,Inf
"Steve Delabar","447755","CIN",0,0,Inf
"Randall Delgado","517414","ARI",0,4,Inf
"Anthony DeSclafani","543101","CIN",0,0,Inf
"Ross Detwiler","446321","BAL",0,0,Inf
"Christopher Devenski","606965","HOU",0,1,Inf
"Scott Diamond","539438","TOR",0,0,Inf
"Jumbo Diaz","471822","CHA",0,2,0
"Dayan Diaz","500765","BAL",0,0,Inf
"Edwin Diaz","621242","NYA",0,2,0
"R.A. Dickey","285079","CHA",0,0,Inf
"Jake Diekman","518617","ATL",0,0,Inf
"Sean Doolittle","448281","NYA",0,2,2
"Felix Doubront","467094","ARI",0,0,Inf
"Kyle Drabek","475138","ARI",0,0,Inf
"Oliver Drake","543118","LAA",0,1,0
"Brian Duensing","488846","CHN",0,0,Inf
"Tyler Duffey","608648","MIN",0,2,Inf
"Danny Duffy","518633","KC",0,0,1
"Zach Duke","435043","KC",0,0,Inf
"Ryan Dull","623430","SD",0,1,1
"Mike Dunn","445197","DET",0,3,0
"Sam Dyson","473879","TEX",0,1,1
"Carl Edwards Jr.","605218","TB",0,3,Inf
"Cody Ege","643297","STL",0,0,Inf
"Jerad Eickhoff","595191","PHI",0,0,1
"Roenis Elias","606273","BOS",0,0,Inf
"Brian Ellington","623395","COL",0,0,0
"Nathan Eovaldi","543135","PIT",0,0,Inf
"Robbie Erlin","572362","SD",0,0,Inf
"Edwin Escobar","546276","OAK",0,0,Inf
"Carlos Estevez","608032","MIA",0,5,1
"Marco Estrada","462136","TOR",0,0,1
"Dana Eveland","445968","PIT",0,0,Inf
"Jeurys Familia","544727","NYA",0,0,Inf
"Buck Farmer","571656","DET",0,0,Inf
"Danny Farquhar","543144","TOR",0,3,1
"Andrew Faulkner","605226","TEX",0,0,Inf
"Scott Feldman","444857","HOU",1,0,Inf
"Michael Feliz","593140","ARI",0,3,Inf
"Neftali Feliz","491703","CLE",0,4,Inf
"Jose Fernandez","605228","MIA",0,0,Inf
"Josh Fields","451661","TEX",0,1,Inf
"Casey Fien","502272","ARI",0,3,Inf
"Casey Fien","502272","ARI",0,3,Inf
"Mike Fiers","571666","NYA",1,0,Inf
"Brandon Finnegan","605232","CIN",1,0,Inf
"Doug Fister","450729","SF",0,0,Inf
"Kendry Flores","572309","COL",0,0,Inf
"Gavin Floyd","425856","CLE",0,0,Inf
"Brian Flynn","543169","CIN",0,0,Inf
"Mike Foltynewicz","592314","ATL",1,0,Inf
"Sam Freeman","518693","MIL",0,0,Inf
"Christian Friedrich","543184","BAL",0,0,Inf
"Michael Fulmer","605242","DET",1,0,Inf
"Yovani Gallardo","451596","BAL",1,0,Inf
"John Gant","607231","PIT",0,0,Inf
"Yimi Garcia","554340","LAN",0,0,Inf
"Luis Garcia","472610","PHI",0,0,Inf
"Jaime Garcia","448802","STL",0,0,Inf
"Ryan Garton","623439","TB",0,0,Inf
"Kevin Gausman","592332","BAL",1,0,Inf
"Cory Gearrin","518715","SF",0,2,0
"Dillon Gee","518716","PIT",0,0,Inf
"Steve Geltz","544993","TB",0,0,Inf
"Gonzalez Germen","542674","COL",0,0,Inf
"Kyle Gibson","502043","TB",0,0,0
"Ken Giles","571704","HOU",0,4,Inf
"Sean Gilmartin","543219","NYN",0,0,Inf
"Chad Girodo","643325","TOR",0,0,Inf
"Mychal Givens","571710","BAL",0,1,Inf
"Zack Godley","643327","ARI",0,0,Inf
"Erik Goeddel","592340","NYN",0,0,Inf
"David Goforth","592341","MIL",0,0,Inf
"Jeanmar Gomez","491646","PHI",0,2,Inf
"Miguel Gonzalez","456068","CHA",0,0,Inf
"Gio Gonzalez","461829","TEX",0,0,Inf
"Chi Chi Gonzalez","592346","OAK",0,0,Inf
"Nicholas Goody","580792","MIN",0,0,Inf
"Tom Gorzelanny","452733","CLE",0,0,Inf
"J.R. Graham","543242","MIN",0,0,Inf
"Kendall Graveman","608665","CHN",1,0,Inf
"Jonathan Gray","592351","COL",0,0,1
"Jon Gray","592351","COL",0,0,1
"Sonny Gray","543243","OAK",0,0,Inf
"Chad Green","643338","NYA",0,0,Inf
"Shane Greene","572888","TEX",0,2,0
"Luke Gregerson","502381","PIT",0,3,1
"Zack Greinke","425844","ARI",0,0,2
"A.J. Griffin","456167","HOU",1,0,Inf
"Jason Grilli","276351","SEA",0,3,Inf
"Jason Grilli","276351","SEA",0,3,Inf
"Justin Grimm","518748","CIN",0,1,Inf
"Mayckol Guaipe","515052","SEA",0,0,Inf
"Javy Guerra","457915","WAS",0,0,Inf
"Deolis Guerra","500610","LAA",0,0,1
"Junior Guerra","448855","MIL",0,0,1
"Tayron Guerrero","594027","PIT",0,0,Inf
"Jason Gurka","543261","COL",0,0,Inf
"Jeremy Guthrie","425386","SD",0,0,Inf
"Jesse Hahn","534910","OAK",0,1,Inf
"David Hale","571735","COL",0,0,Inf
"Cody Hall","595235","ARI",0,0,Inf
"Cole Hamels","430935","BOS",1,0,Inf
"Jason Hammel","434628","KC",0,0,Inf
"Brad Hand","543272","ATL",0,2,1
"J.A. Happ","457918","TOR",1,0,Inf
"Blaine Hardy","543278","DET",0,2,Inf
"Will Harris","501789","HOU",0,0,0
"Matt Harvey","518774","NYN",0,0,Inf
"Chris Hatcher","501822","LAN",0,3,Inf
"Drew Hayes","502457","CIN",0,0,Inf
"Andrew Heaney","571760","LAA",0,0,Inf
"Jeremy Hellickson","476451","SD",0,0,1
"Heath Hembree","592390","BOS",0,2,1
"Jim Henderson","449104","NYN",0,0,Inf
"Kyle Hendricks","543294","CHN",0,0,Inf
"Liam Hendriks","521230","ARI",0,0,0
"David Hernandez","456696","CLE",0,0,Inf
"Felix Hernandez","433587","NYA",0,0,2
"Kelvin Herrera","516969","PIT",0,1,Inf
"Keith Hessler","594857","NYA",0,0,Inf
"Keith Hessler","594857","NYA",0,0,Inf
"Chris Heston","518790","NYA",0,0,Inf
"Rich Hill","448179","OAK",0,0,1
"Dalier Hinojosa","648737","PHI",0,0,Inf
"Luke Hochevar","460024","PHI",0,0,Inf
"Derek Holland","502706","PIT",1,0,Inf
"J.J. Hoover","543331","PIT",0,4,Inf
"J.P. Howell","434442","MIN",0,2,Inf
"Daniel Hudson","543339","WAS",0,2,1
"David Huff","453307","LAA",0,0,Inf
"Phil Hughes","461833","MIN",1,0,Inf
"Jared Hughes","453172","ATL",0,3,Inf
"Tommy Hunter","488984","SF",0,3,Inf
"Drew Hutchison","571800","PIT",0,0,Inf
"Raisel Iglesias","628452","CIN",0,3,Inf
"Hisashi Iwakuma","547874","SEA",0,0,1
"Edwin Jackson","429719","SD",0,0,Inf
"Luke Jackson","592426","SD",0,0,Inf
"Kenley Jansen","445276","MIA",0,1,Inf
"Jeremy Jeffress","502026","MIL",0,1,0
"Tyrell Jenkins","592433","KC",0,0,Inf
"Dan Jennings","543359","CHA",0,2,Inf
"Kevin Jepsen","448178","MIN",0,0,Inf
"Ubaldo Jimenez","434622","DET",1,0,Inf
"Jim Johnson","462382","CLE",0,0,1
"Erik Johnson","605304","BAL",0,0,Inf
"Steve Johnson","489002","SEA",0,0,Inf
"Nate Jones","518858","TEX",0,1,Inf
"Taylor Jungmann","543380","MIL",0,0,1
"Tommy Kahnle","592454","CHA",0,3,Inf
"Nate Karns","501992","SEA",0,1,Inf
"Scott Kazmir","431148","LAN",0,0,Inf
"Keone Kela","605309","TEX",0,0,Inf
"Shawn Kelley","518875","WAS",0,2,Inf
"Casey Kelly","543391","MIA",0,0,Inf
"Joe Kelly","523260","BOS",0,2,Inf
"Ian Kennedy","453178","LAN",1,0,Inf
"Logan Kensing","434137","DET",0,0,Inf
"Clayton Kershaw","477132","LAN",0,0,1
"Dallas Keuchel","572971","HOU",0,0,1
"Dean Kiekhefer","518883","STL",0,0,Inf
"Craig Kimbrel","518886","BOS",0,1,1
"Brandon Kintzler","445213","SEA",0,4,Inf
"Michael Kirkman","457779","PIT",0,0,Inf
"Michael Kirkman","457779","PIT",0,0,Inf
"Phil Klein","607309","TEX",0,0,Inf
"Corey Kluber","446372","CLE",0,0,1
"Corey Knebel","608349","TEX",0,1,0
"Tom Koehler","543408","LAN",0,0,Inf
"George Kontos","502004","KC",0,2,1
"Erik Kratz","456124","FA",0,0,Inf
"Ian Krol","571871","ATL",0,1,1
"John Lackey","407793","MIA",0,0,Inf
"Tyler Ladendorf","502285","TEX",0,0,Inf
"John Lamb","543424","MIN",0,0,Inf
"Mat Latos","502009","TB",0,0,Inf
"Derek Law","571882","MIA",0,2,1
"Tommy Layne","518927","BOS",0,2,1
"Mike Leake","502190","STL",1,0,Inf
"Zach Lee","545346","LAN",0,0,Inf
"Arnold Leon","504186","TOR",0,0,Inf
"Dominic Leone","608678","ARI",0,1,Inf
"Jon Lester","452657","CHN",0,0,2
"Colby Lewis","407890","CHA",0,0,Inf
"Adam Liberatore","571893","SD",0,0,Inf
"Pat Light","572990","BOS",0,0,Inf
"Tim Lincecum","453311","WAS",0,0,Inf
"Francisco Liriano","434538","TOR",1,0,Inf
"Kyle Lobstein","543456","PIT",0,0,Inf
"Jeff Locke","502046","SEA",0,0,Inf
"Boone Logan","457429","SD",0,2,Inf
"Javier Lopez","425657","SF",0,0,Inf
"Aaron Loup","571901","TOR",0,2,Inf
"Mark Lowe","450275","DET",0,0,Inf
"Cory Luebke","458537","BAL",0,0,Inf
"Jordan Lyles","543475","COL",0,0,1
"Tyler Lyons","544928","KC",0,0,Inf
"Ryan Madson","425492","OAK",0,0,0
"Kenta Maeda","628317","NYA",0,0,0
"Greg Mahle","657670","LAA",0,0,Inf
"Sean Manaea","640455","OAK",0,0,0
"Seth Maness","595307","BAL",0,0,Inf
"Jeff Manship","453249","MIA",0,0,Inf
"Jhan Marinez","501697","BAL",0,2,Inf
"Jhan Marinez","501697","BAL",0,2,Inf
"Matt Marksberry","621408","ATL",0,0,Inf
"Evan Marshall","605359","LAA",0,0,Inf
"Cody Martin","592533","SEA",0,0,Inf
"Carlos Martinez","593372","STL",0,0,2
"Nick Martinez","607259","TEX",0,0,Inf
"Brian Matusz","451085","MIA",0,0,Inf
"Steven Matz","571927","NYN",0,0,Inf
"Brandon Maurer","543506","SD",0,3,Inf
"Trevor May","543507","MIN",0,0,Inf
"Vin Mazzaro","476570","SF",0,0,Inf
"Zach McAllister","502083","CLE",0,1,0
"Lance McCullers","621121","HOU",1,0,Inf
"T.J. McFarland","519008","BAL",0,0,Inf
"Jake McGee","459429","LAA",0,1,1
"Dustin McGowan","430661","STL",0,1,0
"Collin McHugh","543521","HOU",0,0,Inf
"Kris Medlen","450665","STL",0,0,Inf
"Mark Melancon","453343","SF",0,1,Inf
"Timothy Melville","543532","CLE",0,0,Inf
"Daniel Mengden","596043","OAK",0,0,Inf
"Ryan Merritt","607320","CLE",0,0,Inf
"Alex Meyer","543542","MIN",0,0,Inf
"Wade Miley","489119","TB",0,0,Inf
"Shelby Miller","571946","ARI",1,0,Inf
"Justin Miller","502522","TEX",0,0,Inf
"Andrew Miller","453192","LAN",0,0,0
"Alec Mills","621219","KC",0,0,Inf
"Tommy Milone","543548","KC",0,1,Inf
"Rafael Montero","606160","NYN",0,1,1
"Mike Montgomery","543557","CHN",0,2,Inf
"Matt Moore","519043","TB",1,0,2
"Franklin Morales","462985","CHA",0,0,Inf
"Adam Morgan","605388","PHI",0,2,Inf
"Mike Morin","573046","LAA",0,0,Inf
"AJ Morris","571963","WAS",0,0,Inf
"Bryan Morris","457768","HOU",0,0,Inf
"Charlie Morton","450203","TEX",1,0,Inf
"Jon Moscot","621209","CIN",0,0,Inf
"Jason Motte","435400","COL",0,0,Inf
"Peter Moylan","493247","BAL",0,4,Inf
"Conor Mullee","571969","NYA",0,0,Inf
"Colton Murray","605396","PHI",0,0,Inf
"Chris Narveson","429780","NYA",0,0,Inf
"Zachary Neal","594943","SEA",0,0,Inf
"Jimmy Nelson","519076","MIL",1,0,Inf
"Hector Neris","593576","PHI",0,1,1
"Pat Neshek","450212","ATL",0,0,1
"Juan Nicasio","504379","SEA",0,2,Inf
"Justin Nicolino","592593","MIA",0,0,Inf
"Jon Niese","477003","WAS",0,0,Inf
"Aaron Nola","605400","PHI",0,0,Inf
"Ricky Nolasco","445060","SEA",0,0,0
"Bud Norris","502032","COL",0,1,0
"Daniel Norris","596057","TEX",0,0,Inf
"Ivan Nova","467100","PIT",1,0,Inf
"Vidal Nuno","573064","SF",0,0,0
"Darren O'Day","503285","BAL",0,1,Inf
"Eric O'Flaherty","447714","CLE",0,3,0
"Ryan O'Rourke","594951","CIN",0,0,Inf
"Sean O'Sullivan","457711","BOS",0,0,Inf
"Scott Oberg","623184","MIN",0,1,1
"Brett Oberholtzer","519085","PHI",0,0,Inf
"Jake Odorizzi","543606","SD",0,0,0
"Alexi Ogando","468396","TB",0,0,Inf
"Nefi Ogando","596331","LAA",0,0,Inf
"Seung Oh","493200","STL",0,1,Inf
"Seung Oh","493200","STL",0,1,Inf
"Ross Ohlendorf","456027","NYA",0,0,Inf
"Steven Okert","595345","MIL",0,0,Inf
"Tyler Olson","621397","BAL",0,0,Inf
"Josh Osich","592612","SF",0,0,Inf
"Roberto Osuna","532077","TOR",0,0,Inf
"Dan Otero","519096","CLE",0,2,0
"Henry Owens","596064","BOS",0,0,Inf
"Jonathan Papelbon","449097","NYA",0,0,Inf
"Bobby Parnell","458730","DET",0,0,Inf
"Spencer Patton","607359","ATL",0,0,Inf
"James Paxton","572020","BAL",1,0,Inf
"Jake Peavy","408241","SD",0,0,Inf
"Mike Pelfrey","460059","DET",0,0,Inf
"Ariel Pena","516414","TEX",0,0,Inf
"Wily Peralta","503449","MIL",1,0,Inf
"Joel Peralta","407908","FA",0,0,Inf
"Luis Perdomo","606131","OAK",1,0,Inf
"Williams Perez","554234","ATL",0,0,Inf
"Martin Perez","527048","NYA",1,0,Inf
"Oliver Perez","424144","CHA",0,1,Inf
"Glen Perkins","450282","NYA",0,0,Inf
"Yusmeiro Petit","433589","MIA",0,3,Inf
"Jake Petricka","502593","CHA",0,0,0
"Josh Phegley","572033","OAK",0,0,Inf
"David Phelps","475479","CHN",0,0,0
"Branden Pinder","572038","CHA",0,0,Inf
"Michael Pineda","501381","SEA",1,0,Inf
"Drew Pomeranz","519141","MIN",0,0,Inf
"Rick Porcello","519144","BOS",0,0,1
"Ryan Pressly","519151","DET",0,3,Inf
"David Price","456034","BOS",0,0,Inf
"Matt Purke","545357","TEX",0,0,Inf
"Zach Putnam","474029","CHN",0,2,Inf
"Kevin Quackenbush","534812","MIA",0,0,Inf
"Chad Qualls","430589","COL",0,0,Inf
"Jose Quintana","500779","TEX",0,0,0
"Jose Ramirez","542432","SD",0,1,0
"Noe Ramirez","598287","BOS",0,0,Inf
"Neil Ramirez","519166","CHA",0,2,Inf
"J.C. Ramirez","500724","ARI",0,2,Inf
"Neil Ramirez","519166","CHA",0,2,Inf
"Neil Ramirez","519166","CHA",0,2,Inf
"Erasmo Ramirez","541640","CLE",0,0,1
"A.J. Ramos","573109","COL",0,0,0
"Cesar Ramos","459987","NYA",0,0,Inf
"Anthony Ranaudo","519168","CHA",0,0,Inf
"Cory Rasmus","474284","BAL",0,0,Inf
"Robbie Ray","592662","ARI",0,0,0
"Colin Rea","607067","TB",0,0,Inf
"Addison Reed","592665","NYN",0,2,1
"Clayton Richard","453385","CHN",1,0,Inf
"Garrett Richards","572070","LAA",0,0,1
"Felipe Rivero","553878","WAS",0,3,Inf
"Tanner Roark","543699","WAS",1,0,Inf
"David Robertson","502085","NYA",0,0,Inf
"Hansel Robles","570663","SF",0,1,2
"Fernando Rodney","407845","ARI",0,2,Inf
"Carlos Rodon","607074","CHA",0,0,Inf
"Eduardo Rodriguez","593958","BOS",0,0,Inf
"Francisco Rodriguez","408061","SD",0,2,Inf
"Fernando Rodriguez","451775","TEX",0,0,Inf
"Chaz Roe","475054","NYA",0,2,0
"Taylor Rogers","573124","MIN",0,3,Inf
"Enny Romero","544836","TB",0,1,0
"Sergio Romo","489265","NYA",0,1,Inf
"Hector Rondon","444468","CHN",0,1,0
"Trevor Rosenthal","572096","ARI",0,0,Inf
"Robbie Ross","543726","BOS",0,0,Inf
"Tyson Ross","475115","SD",0,0,Inf
"Joe Ross","605452","TEX",0,0,Inf
"Chris Rusin","543734","COL",0,0,Inf
"James Russell","460701","PHI",0,0,Inf
"Kyle Ryan","594986","DET",0,0,Inf
"Marc Rzepczynski","519240","CHN",0,1,0
"CC Sabathia","282332","NYA",1,0,Inf
"Fernando Salas","477569","ARI",0,1,0
"Danny Salazar","517593","CLE",1,0,Inf
"Chris Sale","519242","HOU",0,0,0
"Jeff Samardzija","502188","SF",0,0,Inf
"Keyvius Sampson","572102","ARI",0,0,Inf
"Anibal Sanchez","434671","DET",0,0,0
"Aaron Sanchez","592717","TOR",0,0,Inf
"Ervin Santana","429722","MIN",0,0,1
"Hector Santiago","502327","LAA",1,0,Inf
"Warwick Saupold","599683","DET",0,0,Inf
"Rob Scahill","543746","MIA",0,0,Inf
"Max Scherzer","453286","WAS",1,0,Inf
"A.J. Schugel","519263","CHN",0,0,Inf
"Luis Severino","622663","NYA",1,0,Inf
"Bryan Shaw","543766","PHI",0,1,1
"James Shields","448306","CHA",0,0,Inf
"Matt Shoemaker","533167","LAA",0,0,0
"Chasen Shreve","592741","MIN",0,1,1
"J.B. Shuck","543776","NYA",0,0,Inf
"Kevin Siegrist","543779","STL",0,1,2
"Alfredo Simon","430580","FA",0,0,Inf
"Tony Sipp","448609","CIN",0,1,1
"Carson Smith","605476","BOS",0,0,Inf
"Josh Smith","595001","BAL",0,0,Inf
"Joe Smith","501925","HOU",0,2,0
"Will Smith","519293","MIL",0,0,Inf
"Drew Smyly","592767","ATL",0,0,Inf
"Blake Snell","605483","MIA",0,0,Inf
"Sammy Solis","519301","STL",0,3,0
"Layne Somsen","643550","CHA",0,0,Inf
"Joakim Soria","465657","KC",0,3,Inf
"Robert Stephenson","596112","CIN",0,0,1
"Drew Storen","519322","SEA",0,3,Inf
"Dan Straily","573185","SF",1,0,Inf
"Stephen Strasburg","544931","BAL",0,0,1
"Chris Stratton","608717","SF",0,0,Inf
"Huston Street","434718","LAA",0,0,Inf
"Hunter Strickland","519326","NYN",0,3,1
"Ross Stripling","548389","LAN",0,1,0
"Marcus Stroman","573186","TOR",0,0,Inf
"Pedro Strop","467008","CHN",0,3,2
"Daniel Stumpf","621385","PHI",0,0,Inf
"Tyler Sturdevant","573188","TB",0,0,Inf
"Albert Suarez","544150","SF",0,0,Inf
"Eric Surkamp","474668","MIA",0,0,Inf
"Anthony Swarzak","461872","NYA",0,0,Inf
"Noah Syndergaard","592789","NYN",0,0,1
"Jameson Taillon","592791","PIT",0,0,1
"Masahiro Tanaka","547888","LAN",0,0,0
"Junichi Tazawa","547749","BAL",0,3,Inf
"Julio Teheran","527054","MIA",1,0,Inf
"Ruben Tejada","514913","STL",0,0,Inf
"Ryan Tepera","572193","TOR",0,1,1
"Tyler Thornburg","592804","LAN",0,0,Inf
"Matt Thornton","407819","SD",0,0,Inf
"Chris Tillman","501957","PIT",0,0,Inf
"Shawn Tolleson","474521","PIT",0,0,Inf
"Ashur Tolliver","572208","BAL",0,0,Inf
"Josh Tomlin","458708","CLE",1,0,Inf
"Michael Tonkin","543859","MIN",0,0,Inf
"Carlos Torres","448614","MIL",0,1,0
"Blake Treinen","595014","WAS",0,5,Inf
"Andrew Triggs","592811","CIN",0,0,Inf
"Nicholas Tropeano","607374","LAA",0,0,Inf
"Chin-hui Tsao","425835","LAN",0,0,Inf
"Koji Uehara","493157","LAN",0,1,0
"Jose Urena","570632","MIA",0,0,Inf
"Julio Urias","628711","MIN",0,0,Inf
"Cesar Vargas","570714","SD",0,0,Inf
"Vincent Velasquez","592826","PHI",1,0,Inf
"Pat Venditte","519381","TOR",0,0,Inf
"Yordano Ventura","570649","KC",0,0,Inf
"Drew VerHagen","572403","MIN",0,0,Inf
"Justin Verlander","434378","MIA",0,0,1
"Logan Verrett","548337","NYN",0,0,Inf
"Carlos Villanueva","453646","TEX",0,0,Inf
"Nick Vincent","543883","SEA",0,1,1
"Arodys Vizcaino","527055","ATL",0,1,1
"Ryan Vogelsong","285064","SD",0,0,Inf
"Edinson Volquez","450172","CHN",1,0,Inf
"Michael Wacha","608379","STL",0,0,Inf
"Tyler Wagner","621281","STL",0,0,Inf
"Adam Wainwright","425794","WAS",1,0,Inf
"Taijuan Walker","592836","ATL",1,0,Inf
"Chien-Ming Wang","425426","KC",0,0,Inf
"Adam Warren","476589","NYA",0,1,2
"Tony Watson","453265","COL",0,2,Inf
"Jered Weaver","450308","TB",0,0,Inf
"Daniel Webb","543900","TB",0,0,Inf
"Ryan Webb","444436","TEX",0,0,Inf
"Ryan Weber","543901","ATL",0,0,Inf
"Jeffrey Wendelken","605525","OAK",0,0,Inf
"Tom Wilhelmsen","452666","CHA",0,3,0
"Tyler Wilson","592869","BAL",0,1,Inf
"Alex Wilson","543935","DET",0,1,0
"Daniel Winkler","595465","ATL",0,0,Inf
"Matt Wisler","605538","NYA",0,0,Inf
"Chris Withrow","519437","ATL",0,0,Inf
"Nick Wittgren","621295","BAL",0,2,Inf
"Travis Wood","475243","LAN",0,2,0
"Blake Wood","502028","MIN",0,3,Inf
"Alex Wood","622072","SD",0,0,1
"Vance Worley","474699","BAL",0,0,Inf
"Mike Wright","605541","BAL",0,0,Inf
"Steven Wright","453214","BOS",1,0,Inf
"Daniel Wright","642229","CIN",0,0,Inf
"Kirby Yates","489446","CHA",0,0,Inf
"Chris Young","432934","PIT",0,1,Inf
"Brad Ziegler","446899","PHI",0,3,Inf
"Jordan Zimmermann","519455","DET",0,0,Inf
"Tony Zych","543964","TEX",0,0,Inf
"Ryan Williams","657123","SEA",0,0,Inf
"Vicente Campos","553883","SD",0,0,Inf
"Parker Bridwell","592170","CHN",0,0,Inf
"Tyler Matzek","554431","COL",0,0,Inf
"Bo Schultz","544759","LAA",0,0,Inf
"Adam Wilk","573244","TB",0,0,Inf
"Mauricio Cabrera","606291","ATL",0,0,Inf
"Joe Musgrove","605397","PHI",0,0,Inf
"David Buchanan","571527","BAL",0,0,Inf
"Chad Oberacker","594947","ARI",0,0,Inf
"Chris Jones","518854","LAA",0,0,Inf
"Manny Banuelos","544365","BOS",0,0,Inf
"Cody Reed","642003","CIN",0,2,Inf
"Chad Kuhl","641771","NYA",0,0,Inf
"Raudel Lazo","612272","HOU",0,0,Inf
"Anthony Vasquez","457786","ATL",0,0,Inf
"Kyle Kendrick","452718","BAL",0,0,Inf
"Odrisamer Despaigne","628333","NYA",0,0,Inf
"Brent Suter","608718","MIL",0,1,0
"Jeff Ferrell","594815","FA",0,0,Inf
"A.J. Cole","595918","NYA",0,0,Inf
"Nelson Gonzalez","516685","COL",0,0,Inf
"Lucas Harrell","449173","DET",0,0,Inf
"Michael Lorenzen","547179","CIN",0,2,1
"R.J. Alvarez","571439","LAA",0,0,Inf
"Justin Marks","476123","TB",0,0,Inf
"Matt Garza","490063","MIL",0,0,Inf
"Chris Beck","571476","LAA",0,0,Inf
"Paul Clemens","518560","MIA",0,0,Inf
"Joseph Colon","571572","CLE",0,0,Inf
"Joel De La Cruz","503444","ATL",0,0,Inf
"Jose Dominguez","523848","SD",0,0,Inf
"Seth Lugo","607625","NYN",0,0,Inf
"Daniel Robertson","543706","TB",0,0,Inf
"Michael Ynoa","573589","LAA",0,1,0
"Dylan Floro","571670","TB",0,0,Inf
"Severino Gonzalez","605894","PHI",0,0,Inf
"T.J. House","543334","NYA",0,0,Inf
"Jose Leclerc","600917","CHA",0,2,Inf
"Kyle Lohse","346798","TEX",0,0,Inf
"Brandon McCarthy","435221","KC",0,0,Inf
"Bruce Rondon","541652","NYA",0,2,2
"Ty Blach","621389","TB",0,0,0
"Jonathan Holder","656547","NYA",0,3,Inf
"Austin Pruitt","643493","PIT",0,3,Inf
"Dan Altavilla","656186","PIT",0,4,Inf
"Dario Alvarez","516714","OAK",0,0,0
"Grant Dayton","594795","LAN",0,1,0
"Greg Holland","518813","OAK",0,4,Inf
"Bryan Mitchell","571951","NYA",0,2,Inf
"Adam Ottavino","493603","KC",0,4,Inf
"Blake Parker","453284","SEA",0,4,Inf
"Evan Scribner","519267","SEA",0,2,Inf
"Alex Cobb","502171","PIT",1,0,Inf
"Jharel Cotton","605194","ATL",0,0,1
"Chase De Jong","608328","COL",0,1,Inf
"Miguel Diaz","622766","MIL",0,1,0
"Josh Edgin","572831","NYN",0,2,Inf
"Jandel Gustave","594311","HOU",0,2,Inf
"Justin Haley","595234","BOS",0,1,Inf
"Mike Minor","501985","KC",0,3,1
"Frankie Montas","593423","NYA",0,1,Inf
"James Pazos","572021","SD",0,4,Inf
"Brad Peacock","502748","HOU",0,1,1
"Joely Rodriguez","570257","PHI",0,2,Inf
"Robby Scott","582494","BOS",0,3,Inf
"Josh Smoker","519294","TB",0,2,Inf
"Matt Strahm","621381","KC",0,2,Inf
"Jose Torres","600526","NYN",0,3,Inf
"Rookie Davis","606959","CIN",0,0,Inf
"Koda Glover","606983","BAL",0,3,Inf
"Lance Lynn","458681","STL",0,0,0
"Ariel Miranda","664641","BAL",0,0,Inf
"Wandy Peralta","593974","CIN",0,2,Inf
"Edubray Ramos","591693","CHN",0,1,0
"Antonio Senzatela","622608","MIN",0,0,Inf
"Tyler Skaggs","572140","LAA",0,0,Inf
"Miguel Socolovich","462515","STL",0,0,0
"Craig Stammen","489334","CLE",0,3,Inf
"Samuel Tuivailala","592815","STL",0,2,Inf
"Raul Alcantara","593417","OAK",1,0,Inf
"Brett Anderson","474463","WAS",1,0,Inf
"Kyle Freeland","607536","COL",1,0,Inf
"Amir Garrett","607237","CIN",1,0,Inf
"Donnie Hart","643354","BAL",0,1,Inf
"Wade LeBlanc","453281","TOR",0,1,Inf
"Dillon Overton","592614","OAK",0,1,Inf
"Hyun-Jin Ryu","547943","STL",1,0,Inf
"Ben Taylor","664701","BOS",0,1,Inf
"Jason Vargas","450306","KC",1,0,Inf
"Zack Wheeler","554430","SD",1,0,Inf
