GameDate,FirstName,LastName,Team,LW,,,,,,,,,PA,AB,R,H,1B,2B,3B,HR,RBI,SAC,SF,HBP,BB,K,SB,CS,GIDP,HFC,GB,FB,LD,POPU,BH,IFH,OUTS,,,,,,,
4/24/2016,Nick,Ahmed,ARI,-0.60,,,,,,,,,6,4,0,0,0,0,0,0,0,1,0,0,1,1,0,0,0,0,0,2,1,1,,0,4,,,,,,,
4/30/2016,Nick,Ahmed,ARI,-0.82,,,,,,,,,3,3,0,0,0,0,0,0,0,0,0,0,0,1,0,0,0,0,2,0,0,0,,0,3,,,,,,,
4/24/2016,Welington,Castillo,ARI,2.71,,,,,,,,,7,5,2,3,2,0,0,1,3,0,0,0,2,1,1,0,0,0,1,0,3,0,,0,2,,,,,,,
4/29/2016,Welington,Castillo,ARI,-0.36,,,,,,,,,4,4,0,1,1,0,0,0,0,0,0,0,0,1,0,0,0,0,0,2,1,0,,0,3,,,,,,,
4/30/2016,Welington,Castillo,ARI,-0.48,,,,,,,,,4,4,0,1,0,1,0,0,0,0,0,0,0,1,0,0,1,0,1,2,0,0,,0,3,,,,,,,
4/6/2016,Brandon,Drury,ARI,-0.36,,,,,,,,,4,4,0,1,1,0,0,0,0,0,0,0,0,1,0,0,0,0,2,0,1,0,,1,3,,,,,,,
4/9/2016,Brandon,Drury,ARI,1.01,,,,,,,,,3,3,0,2,1,1,0,0,1,0,0,0,0,0,0,0,0,0,0,1,2,0,,0,1,,,,,,,
4/10/2016,Brandon,Drury,ARI,-1.00,,,,,,,,,4,4,0,0,0,0,0,0,0,0,0,0,0,0,0,0,0,0,4,0,0,0,,0,4,,,,,,,
4/13/2016,Brandon,Drury,ARI,-0.89,,,,,,,,,4,4,0,1,1,0,0,0,0,0,0,0,0,0,0,1,0,0,1,1,2,0,,0,3,,,,,,,
4/14/2016,Brandon,Drury,ARI,-1.15,,,,,,,,,4,4,0,0,0,0,0,0,0,0,0,0,0,2,0,0,0,0,2,0,0,0,,0,4,,,,,,,
4/16/2016,Brandon,Drury,ARI,0.68,,,,,,,,,5,3,0,1,0,1,0,0,1,0,1,1,0,2,0,0,0,0,0,2,0,0,,0,2,,,,,,,
4/17/2016,Brandon,Drury,ARI,1.92,,,,,,,,,4,4,2,2,0,0,1,1,2,0,0,0,0,0,0,0,0,0,0,3,1,1,,0,2,,,,,,,
4/18/2016,Brandon,Drury,ARI,-1.28,,,,,,,,,3,3,0,0,0,0,0,0,0,0,0,0,0,1,0,0,1,0,1,1,0,1,,0,3,,,,,,,
4/20/2016,Brandon,Drury,ARI,0.93,,,,,,,,,4,3,0,2,2,0,0,0,0,0,0,0,1,1,0,0,0,0,1,0,1,0,,0,1,,,,,,,
4/22/2016,Brandon,Drury,ARI,-0.29,,,,,,,,,5,5,0,2,2,0,0,0,1,0,0,0,0,0,0,0,1,0,3,1,1,0,,0,3,,,,,,,
4/24/2016,Brandon,Drury,ARI,0.99,,,,,,,,,7,7,1,3,1,2,0,0,0,0,0,0,0,1,0,0,0,0,1,4,1,1,,0,4,,,,,,,
4/25/2016,Brandon,Drury,ARI,-0.02,,,,,,,,,5,5,1,2,1,1,0,0,0,0,0,0,0,1,0,0,1,0,3,0,1,0,,0,3,,,,,,,
4/27/2016,Brandon,Drury,ARI,0.58,,,,,,,,,4,4,1,1,0,0,0,1,2,0,0,0,0,1,0,0,0,0,1,1,1,1,,0,3,,,,,,,
4/28/2016,Brandon,Drury,ARI,1.70,,,,,,,,,4,4,2,2,0,1,0,1,1,0,0,0,0,0,0,0,0,0,1,3,0,2,,0,2,,,,,,,
4/29/2016,Brandon,Drury,ARI,-0.90,,,,,,,,,3,3,0,0,0,0,0,0,0,0,0,0,0,2,0,0,0,0,0,1,0,1,,0,3,,,,,,,
4/30/2016,Brandon,Drury,ARI,0.58,,,,,,,,,4,4,1,1,0,0,0,1,2,0,0,0,0,1,0,0,0,0,2,1,0,0,,0,3,,,,,,,
4/4/2016,Paul Edward,Goldschmidt,ARI,-0.82,,,,,,,,,5,4,0,0,0,0,0,0,0,0,0,0,1,2,0,0,0,0,2,0,0,0,,0,4,,,,,,,
4/24/2016,Paul,Goldschmidt,ARI,3.22,,,,,,,,,7,4,3,2,0,0,0,2,3,0,0,0,3,1,0,0,0,0,0,3,0,1,,0,2,,,,,,,
4/30/2016,Paul,Goldschmidt,ARI,0.35,,,,,,,,,4,4,0,2,2,0,0,0,0,0,0,0,0,1,0,0,0,0,0,1,2,0,,0,2,,,,,,,
4/10/2016,Phil David,Gosselin,ARI,-0.82,,,,,,,,,3,3,0,0,0,0,0,0,0,0,0,0,0,1,0,0,0,0,2,0,0,0,,0,3,,,,,,,
4/17/2016,Christopher,Herrmann,ARI,-1.53,,,,,,,,,4,4,0,0,0,0,0,0,0,0,0,0,0,1,0,0,1,0,1,1,1,0,,0,4,,,,,,,
4/17/2016,Christopher Scott,Owings,ARI,-0.90,,,,,,,,,4,4,0,1,1,0,0,0,0,0,0,0,0,2,0,0,1,0,1,0,1,0,,0,3,,,,,,,
4/20/2016,Christopher Scott,Owings,ARI,-0.82,,,,,,,,,3,3,0,0,0,0,0,0,0,0,0,0,0,1,0,0,0,0,0,1,1,0,,0,3,,,,,,,
4/21/2016,Christopher Scott,Owings,ARI,1.02,,,,,,,,,4,4,1,2,2,0,0,0,0,0,0,0,0,0,2,0,0,0,2,0,1,0,1,0,2,,,,,,,
4/24/2016,Christopher,Owings,ARI,0.20,,,,,,,,,4,4,0,1,0,0,1,0,1,0,0,0,0,1,0,0,0,0,1,1,1,0,,0,3,,,,,,,
4/30/2016,Christopher,Owings,ARI,0.41,,,,,,,,,3,1,0,0,0,0,0,0,0,0,0,0,2,0,0,0,0,0,0,1,0,0,,0,1,,,,,,,
4/24/2016,Senger,Peralta,ARI,-0.42,,,,,,,,,5,5,0,1,0,1,0,0,1,0,0,0,0,3,0,0,0,0,1,1,0,0,,0,4,,,,,,,
4/30/2016,Senger,Peralta,ARI,-1.00,,,,,,,,,4,4,0,0,0,0,0,0,0,0,0,0,0,0,0,0,0,0,3,1,0,0,,0,4,,,,,,,
4/24/2016,Jean,Segura,ARI,-1.26,,,,,,,,,7,7,0,1,1,0,0,0,1,0,0,0,0,3,0,0,0,0,4,0,0,0,,0,6,,,,,,,
4/30/2016,Jean,Segura,ARI,-0.36,,,,,,,,,4,4,1,1,1,0,0,0,0,0,0,0,0,1,0,0,0,0,3,0,0,0,,0,3,,,,,,,
4/16/2016,Yasmany,Tomas,ARI,0.90,,,,,,,,,6,6,2,3,2,1,0,0,0,0,0,0,0,1,0,0,0,0,2,1,2,0,,0,3,,,,,,,
4/30/2016,Yasmany,Tomas,ARI,-0.88,,,,,,,,,4,3,0,0,0,0,0,0,0,0,0,0,1,0,0,0,1,0,1,2,0,0,,0,3,,,,,,,
4/17/2016,Rickie,Weeks,ARI,0.13,,,,,,,,,3,2,0,0,0,0,0,0,0,0,0,0,1,0,1,0,0,0,1,1,0,1,,0,2,,,,,,,
4/19/2016,Daniel Alejandro,Castro,ATL,-0.61,,,,,,,,,5,5,1,1,1,0,0,0,0,0,0,0,0,1,0,0,0,0,2,0,1,0,,0,4,,,,,,,
4/20/2016,Daniel Alejandro,Castro,ATL,0.47,,,,,,,,,5,5,1,2,2,0,0,0,2,0,0,0,0,0,1,0,0,0,3,1,1,0,,0,3,,,,,,,
4/21/2016,Daniel Alejandro,Castro,ATL,-0.35,,,,,,,,,5,5,0,1,0,1,0,0,1,0,0,0,0,2,0,0,0,0,1,1,1,0,,0,4,,,,,,,
4/22/2016,Daniel Alejandro,Castro,ATL,-0.03,,,,,,,,,5,4,1,1,1,0,0,0,0,0,0,0,1,1,0,0,0,0,2,1,0,1,,1,3,,,,,,,
4/23/2016,Daniel,Castro,ATL,0.35,,,,,,,,,4,4,0,2,2,0,0,0,0,0,0,0,0,1,0,0,0,0,3,0,0,0,,0,2,,,,,,,
4/8/2016,Tyler,Flowers,ATL,0.29,,,,,,,,,4,3,0,1,1,0,0,0,1,0,0,0,1,0,0,0,0,0,0,2,1,0,,0,2,,,,,,,
4/21/2016,Tyler,Flowers,ATL,-0.36,,,,,,,,,4,4,0,1,1,0,0,0,0,0,0,0,0,1,0,0,0,0,2,0,1,0,,0,3,,,,,,,
4/23/2016,Freddie,Freeman,ATL,0.61,,,,,,,,,4,4,0,2,1,1,0,0,1,0,0,0,0,2,0,0,0,0,0,0,2,0,,0,2,,,,,,,
4/4/2016,Adonis,Garcia,ATL,1.16,,,,,,,,,4,3,1,1,0,0,0,1,2,0,0,0,1,1,0,0,0,0,1,1,0,0,,0,2,,,,,,,
4/20/2016,Kelly,Johnson,ATL,-1.40,,,,,,,,,5,5,0,0,0,0,0,0,0,0,0,0,0,2,0,0,0,0,2,1,0,0,,0,5,,,,,,,
4/4/2016,Nicholas,Markakis,ATL,-0.57,,,,,,,,,4,3,0,0,0,0,0,0,0,0,0,0,1,2,0,0,0,0,0,1,0,1,,0,3,,,,,,,
4/14/2016,Jace Ryan,Peterson,ATL,-0.11,,,,,,,,,3,3,1,1,1,0,0,0,0,0,0,0,0,1,0,0,0,0,0,1,1,0,,0,2,,,,,,,
4/24/2016,Jace,Peterson,ATL,-0.11,,,,,,,,,3,3,1,1,1,0,0,0,0,0,0,0,0,1,0,0,0,0,0,1,1,0,,0,2,,,,,,,
4/28/2016,Jace,Peterson,ATL,0.67,,,,,,,,,4,1,2,0,0,0,0,0,0,0,0,0,3,1,0,0,0,0,0,0,0,0,,0,1,,,,,,,
4/15/2016,Robert,Stubbs,ATL,-1.22,,,,,,,,,4,4,0,0,0,0,0,0,0,0,0,0,0,3,0,0,0,0,1,0,0,0,,0,4,,,,,,,
4/16/2016,Pedro Manuel,Alvarez,BAL,0.22,,,,,,,,,4,3,0,1,1,0,0,0,1,0,0,0,1,1,0,0,0,0,1,0,1,0,,0,2,,,,,,,
4/20/2016,Pedro Manuel,Alvarez,BAL,-1.07,,,,,,,,,4,4,0,0,0,0,0,0,0,0,0,0,0,1,0,0,0,0,2,1,0,0,,0,4,,,,,,,
4/30/2016,Pedro,Alvarez,BAL,2.09,,,,,,,,,5,5,1,3,1,1,0,1,2,0,0,0,0,1,0,0,0,0,1,3,0,0,,1,2,,,,,,,
4/4/2016,Christopher,Davis,BAL,-0.16,,,,,,,,,5,3,1,0,0,0,0,0,0,0,0,0,2,1,0,0,0,0,0,2,0,1,,0,3,,,,,,,
4/20/2016,Christopher,Davis,BAL,0.22,,,,,,,,,4,3,0,1,1,0,0,0,1,0,0,0,1,1,0,0,0,0,0,1,1,0,,0,2,,,,,,,
4/30/2016,Christopher,Davis,BAL,1.09,,,,,,,,,5,4,0,2,1,1,0,0,2,0,0,0,1,0,0,0,0,0,0,1,2,0,,0,2,,,,,,,
4/30/2016,James,Hardy,BAL,-1.40,,,,,,,,,5,5,0,0,0,0,0,0,0,0,0,0,0,2,0,0,0,0,1,0,2,0,,0,5,,,,,,,
4/30/2016,Adam,Jones,BAL,0.63,,,,,,,,,5,4,2,2,1,1,0,0,1,0,0,1,0,0,0,0,1,0,3,1,0,0,,0,2,,,,,,,
4/7/2016,Caleb,Joseph,BAL,-0.82,,,,,,,,,3,3,0,0,0,0,0,0,0,0,0,0,0,1,0,0,0,0,0,0,2,0,,0,3,,,,,,,
4/20/2016,Caleb,Joseph,BAL,-0.10,,,,,,,,,4,4,1,1,0,1,0,0,0,0,0,0,0,2,0,0,0,0,1,0,1,0,,0,3,,,,,,,
4/30/2016,Hyun,Kim,BAL,1.01,,,,,,,,,4,4,1,3,2,1,0,0,0,0,0,0,0,0,0,0,1,0,2,0,2,0,,0,1,,,,,,,
4/4/2016,Manny Arturo,Machado,BAL,-0.61,,,,,,,,,5,5,1,1,1,0,0,0,0,0,0,0,0,1,0,0,0,0,2,1,1,1,,0,4,,,,,,,
4/20/2016,Manny Arturo,Machado,BAL,1.67,,,,,,,,,5,3,1,2,1,1,0,0,1,0,0,0,2,0,0,0,0,0,1,0,2,0,,0,1,,,,,,,
4/30/2016,Manny,Machado,BAL,0.17,,,,,,,,,5,5,1,2,2,0,0,0,0,0,0,0,0,0,0,0,0,0,3,1,1,0,,1,3,,,,,,,
4/27/2016,Nolan,Reimold,BAL,-0.24,,,,,,,,,3,2,1,0,0,0,0,0,0,0,0,0,1,1,0,0,0,0,0,0,1,0,,0,2,,,,,,,
4/4/2016,Joey Mark,Rickard,BAL,0.69,,,,,,,,,4,4,1,2,1,1,0,0,0,0,0,0,0,1,0,0,0,0,0,0,3,0,,0,2,,,,,,,
4/20/2016,Joey Mark,Rickard,BAL,1.15,,,,,,,,,5,5,1,3,2,1,0,0,0,0,0,0,0,1,0,0,0,0,2,1,1,0,,2,2,,,,,,,
4/4/2016,Jonathan Jezus,Schoop,BAL,0.63,,,,,,,,,4,3,0,1,0,1,0,0,0,0,0,0,1,0,0,0,0,0,0,3,0,1,,0,2,,,,,,,
4/8/2016,Jonathan Jezus,Schoop,BAL,0.83,,,,,,,,,3,3,1,1,0,0,0,1,1,0,0,0,0,1,0,0,0,0,0,2,0,0,,0,2,,,,,,,
4/23/2016,Jonathan,Schoop,BAL,0.35,,,,,,,,,4,4,0,2,2,0,0,0,0,0,0,0,0,1,0,0,0,0,1,0,2,0,,0,2,,,,,,,
4/30/2016,Jonathan,Schoop,BAL,1.23,,,,,,,,,4,3,1,1,0,0,0,1,1,0,0,0,1,0,0,0,0,0,0,2,1,0,,0,2,,,,,,,
4/4/2016,Mark,Trumbo,BAL,1.89,,,,,,,,,5,5,0,4,4,0,0,0,0,0,0,0,0,0,1,0,0,0,3,1,1,0,,0,1,,,,,,,
4/20/2016,Mark,Trumbo,BAL,-1.21,,,,,,,,,4,4,0,1,1,0,0,0,0,0,0,0,0,0,0,0,2,0,3,1,0,1,,1,3,,,,,,,
4/30/2016,Mark,Trumbo,BAL,-0.36,,,,,,,,,4,4,0,1,1,0,0,0,1,0,0,0,0,1,0,0,0,0,1,1,1,0,,0,3,,,,,,,
4/25/2016,Matthew,Wieters,BAL,-0.11,,,,,,,,,3,3,0,1,1,0,0,0,0,0,0,0,0,1,0,0,0,0,0,0,2,0,,0,2,,,,,,,
4/30/2016,Matthew,Wieters,BAL,-0.82,,,,,,,,,5,4,1,0,0,0,0,0,0,0,0,0,1,2,0,0,0,0,0,1,1,0,,0,4,,,,,,,
4/5/2016,Markus Lynn,Betts,BOS,0.58,,,,,,,,,5,5,1,2,1,0,0,1,2,0,0,0,0,1,0,0,1,0,1,2,1,0,,0,3,,,,,,,
4/16/2016,Markus Lynn,Betts,BOS,-1.07,,,,,,,,,4,4,0,0,0,0,0,0,0,0,0,0,0,1,0,0,0,0,0,3,0,1,,0,4,,,,,,,
4/30/2016,Markus,Betts,BOS,0.74,,,,,,,,,5,5,0,2,1,1,0,0,3,0,0,0,0,1,1,0,0,0,2,2,0,0,,1,3,,,,,,,
4/5/2016,Xander Jan,Bogaerts,BOS,-1.32,,,,,,,,,5,5,0,0,0,0,0,0,0,0,0,0,0,1,0,0,0,0,2,2,0,0,,0,5,,,,,,,
4/30/2016,Xander,Bogaerts,BOS,-0.03,,,,,,,,,5,4,0,1,1,0,0,0,0,0,0,0,1,1,0,0,0,0,3,0,0,0,,0,3,,,,,,,
4/16/2016,Jackie,Bradley Jr.,BOS,-0.04,,,,,,,,,3,3,1,1,1,0,0,0,0,0,0,0,0,0,0,0,0,0,3,0,0,0,,1,2,,,,,,,
4/30/2016,Jackie,Bradley Jr.,BOS,3.17,,,,,,,,,4,3,2,3,0,1,2,0,3,0,0,0,1,0,0,0,0,0,0,0,3,0,,0,0,,,,,,,
4/9/2016,Rusney,Castillo,BOS,0.76,,,,,,,,,4,4,1,2,1,1,0,0,0,0,0,0,0,0,0,0,0,0,3,1,0,0,,0,2,,,,,,,
4/17/2016,Ryan,Hanigan,BOS,-0.49,,,,,,,,,4,3,0,0,0,0,0,0,0,0,0,0,1,1,0,0,0,0,0,1,1,0,,0,3,,,,,,,
4/17/2016,Marco Antonio,Hernandez,BOS,0.84,,,,,,,,,3,2,1,1,1,0,0,0,0,0,0,0,1,0,1,0,0,0,0,0,2,0,,0,1,,,,,,,
4/30/2016,Brock,Holt,BOS,0.75,,,,,,,,,5,4,2,2,2,0,0,0,1,0,0,0,1,0,0,0,0,0,3,1,0,0,,1,2,,,,,,,
4/27/2016,David,Ortiz,BOS,1.90,,,,,,,,,5,5,2,3,0,3,0,0,2,0,0,0,0,0,0,0,0,0,1,3,1,0,,0,2,,,,,,,
4/28/2016,David,Ortiz,BOS,-1.15,,,,,,,,,4,4,0,0,0,0,0,0,0,0,0,0,0,2,0,0,0,0,2,0,0,0,,0,4,,,,,,,
4/30/2016,David,Ortiz,BOS,1.94,,,,,,,,,4,3,1,2,1,0,0,1,1,0,0,0,1,0,0,0,0,0,1,1,1,0,,0,1,,,,,,,
4/5/2016,Dustin,Pedroia,BOS,-0.67,,,,,,,,,5,4,1,0,0,0,0,0,0,0,0,0,1,0,0,0,0,0,1,3,0,1,,0,4,,,,,,,
4/30/2016,Dustin,Pedroia,BOS,-0.74,,,,,,,,,5,4,0,0,0,0,0,0,0,0,0,0,1,1,0,0,0,0,2,1,0,1,,0,4,,,,,,,
4/25/2016,Rick,Porcello,BOS,-0.04,,,,,,,,,3,3,0,1,1,0,0,0,0,0,0,0,0,0,0,0,0,0,2,0,0,0,1,0,2,,,,,,,
4/5/2016,Hanley,Ramirez,BOS,0.68,,,,,,,,,5,4,1,2,2,0,0,0,0,0,0,0,1,1,0,0,0,0,2,1,0,0,,0,2,,,,,,,
4/27/2016,Hanley,Ramirez,BOS,-0.06,,,,,,,,,4,4,0,1,1,0,0,0,1,0,0,0,0,1,1,0,0,0,1,1,1,1,,0,3,,,,,,,
4/30/2016,Hanley,Ramirez,BOS,-0.11,,,,,,,,,5,4,1,1,1,0,0,0,0,0,0,0,1,2,0,0,0,0,0,1,1,0,,0,3,,,,,,,
4/18/2016,Josh Alan,Rutledge,BOS,0.23,,,,,,,,,3,3,0,1,0,1,0,0,1,0,0,0,0,1,0,0,0,0,1,0,1,0,,0,2,,,,,,,
4/16/2016,Travis,Shaw,BOS,0.42,,,,,,,,,4,4,0,2,2,0,0,0,1,0,0,0,0,0,0,0,0,0,2,1,1,0,,0,2,,,,,,,
4/30/2016,Travis,Shaw,BOS,0.02,,,,,,,,,5,5,1,2,2,0,0,0,0,0,0,0,0,2,0,0,0,0,2,1,0,0,,0,3,,,,,,,
4/9/2016,Blake Aubry,Swihart,BOS,0.74,,,,,,,,,4,2,1,1,1,0,0,0,1,0,1,0,1,0,0,0,0,0,1,1,1,0,,0,1,,,,,,,
4/30/2016,Christian,Vazquez,BOS,-0.69,,,,,,,,,5,5,1,1,1,0,0,0,0,0,0,0,0,2,0,0,0,0,2,1,0,0,,0,4,,,,,,,
4/17/2016,Christopher,Young,BOS,-1.22,,,,,,,,,4,4,0,0,0,0,0,0,0,0,0,0,0,3,0,0,0,0,1,0,0,0,,0,4,,,,,,,
4/14/2016,Jose Dariel,Abreu,CHA,0.14,,,,,,,,,4,3,0,1,1,0,0,0,1,0,0,0,1,2,0,0,0,0,0,0,1,0,,0,2,,,,,,,
4/30/2016,Jose,Abreu,CHA,-0.29,,,,,,,,,5,5,1,2,2,0,0,0,2,0,0,0,0,0,0,0,1,0,3,0,2,0,,0,3,,,,,,,
4/13/2016,Alex,Avila,CHA,-1.07,,,,,,,,,4,4,0,0,0,0,0,0,0,0,0,0,0,1,0,0,0,0,3,0,0,0,,0,4,,,,,,,
4/20/2016,Alex,Avila,CHA,-0.23,,,,,,,,,3,3,1,1,0,1,0,0,0,0,0,0,0,1,0,0,1,0,1,1,0,0,,0,2,,,,,,,
4/21/2016,Alex,Avila,CHA,0.47,,,,,,,,,3,2,0,1,1,0,0,0,0,0,0,0,1,1,0,0,0,0,0,0,1,0,,0,1,,,,,,,
4/23/2016,Alex,Avila,CHA,1.12,,,,,,,,,3,1,0,1,1,0,0,0,0,0,0,0,2,0,0,0,0,0,1,0,0,0,,1,0,,,,,,,
4/30/2016,Melky,Cabrera,CHA,-1.32,,,,,,,,,5,5,0,0,0,0,0,0,0,0,0,0,0,1,0,0,0,0,2,2,0,2,,0,5,,,,,,,
4/14/2016,Adam,Eaton,CHA,0.36,,,,,,,,,5,5,1,2,1,1,0,0,0,0,0,0,0,2,0,0,0,0,1,2,0,0,,0,3,,,,,,,
4/30/2016,Adam,Eaton,CHA,0.04,,,,,,,,,5,4,1,1,1,0,0,0,1,0,0,0,1,0,0,0,0,0,2,1,0,0,1,0,3,,,,,,,
4/14/2016,Todd,Frazier,CHA,-0.77,,,,,,,,,4,4,0,0,0,0,0,0,0,0,0,0,0,1,1,0,0,0,2,1,0,0,,0,4,,,,,,,
4/30/2016,Todd,Frazier,CHA,0.98,,,,,,,,,5,4,1,1,0,0,0,1,2,0,0,0,1,0,0,0,0,0,2,2,0,1,,0,3,,,,,,,
4/25/2016,Avisail,Garcia,CHA,0.69,,,,,,,,,4,4,1,2,1,1,0,0,0,0,0,0,0,1,0,0,0,0,2,1,0,0,,0,2,,,,,,,
4/26/2016,Avisail,Garcia,CHA,2.14,,,,,,,,,5,3,3,2,1,0,0,1,2,0,1,0,1,0,0,0,0,0,2,1,1,0,,0,1,,,,,,,
4/28/2016,Avisail,Garcia,CHA,1.00,,,,,,,,,4,3,0,2,2,0,0,0,0,0,0,0,1,0,0,0,0,0,2,0,1,0,,1,1,,,,,,,
4/30/2016,Austin,Jackson,CHA,-0.44,,,,,,,,,4,4,0,1,1,0,0,0,1,0,0,0,0,2,0,0,0,0,1,0,1,0,,0,3,,,,,,,
4/14/2016,Brett,Lawrie,CHA,-0.75,,,,,,,,,4,4,0,1,1,0,0,0,0,0,0,0,0,0,0,0,1,0,4,0,0,0,,1,3,,,,,,,
4/30/2016,Brett,Lawrie,CHA,1.46,,,,,,,,,4,3,2,1,0,0,0,1,1,0,0,0,1,1,1,0,0,0,1,1,0,0,,0,2,,,,,,,
4/30/2016,Dioner,Navarro,CHA,-0.44,,,,,,,,,4,4,1,1,1,0,0,0,0,0,0,0,0,2,0,0,0,0,1,1,0,0,,0,3,,,,,,,
4/22/2016,Tyler,Saladino,CHA,-0.75,,,,,,,,,3,3,0,0,0,0,0,0,0,0,0,0,0,0,0,0,0,0,2,1,0,0,,0,3,,,,,,,
4/30/2016,Tyler,Saladino,CHA,-1.28,,,,,,,,,3,3,0,0,0,0,0,0,0,0,0,0,0,1,0,0,1,0,1,0,1,0,,0,3,,,,,,,
4/13/2016,Gerald,Sands,CHA,0.43,,,,,,,,,4,4,1,1,0,0,0,1,2,0,0,0,0,3,0,0,0,0,0,1,0,0,,0,3,,,,,,,
4/30/2016,Gerald,Sands,CHA,0.35,,,,,,,,,4,4,1,2,2,0,0,0,0,0,0,0,0,1,0,0,0,0,2,0,1,0,,0,2,,,,,,,
4/4/2016,Kris,Bryant,CHN,-0.24,,,,,,,,,5,3,2,0,0,0,0,0,1,0,0,0,2,2,0,0,0,0,1,0,0,0,,0,3,,,,,,,
4/29/2016,Dexter,Fowler,CHN,0.16,,,,,,,,,4,2,1,0,0,0,0,0,0,0,0,0,2,0,0,0,0,0,1,0,0,0,,0,2,,,,,,,
4/29/2016,Jason,Heyward,CHN,-0.49,,,,,,,,,4,3,1,0,0,0,0,0,0,0,0,0,1,1,0,0,0,0,1,1,0,1,,0,3,,,,,,,
4/28/2016,Tommy,La Stella,CHN,1.21,,,,,,,,,4,2,1,1,0,1,0,0,1,0,0,0,2,0,0,0,0,0,0,2,0,1,,0,1,,,,,,,
4/4/2016,Anthony Vincent,Rizzo,CHN,0.62,,,,,,,,,5,3,1,1,1,0,0,0,1,0,0,0,2,0,0,0,0,0,1,1,1,1,,0,2,,,,,,,
4/29/2016,Anthony,Rizzo,CHN,0.29,,,,,,,,,4,3,1,1,1,0,0,0,1,0,0,0,1,0,0,0,0,0,1,0,2,0,,0,2,,,,,,,
4/29/2016,David,Ross,CHN,-0.75,,,,,,,,,4,4,0,1,1,0,0,0,1,0,0,0,0,0,0,0,1,0,1,2,1,1,,0,3,,,,,,,
4/29/2016,Addison,Russell,CHN,-0.42,,,,,,,,,4,3,0,0,0,0,0,0,0,0,0,0,1,0,0,0,0,0,0,3,0,0,,0,3,,,,,,,
4/29/2016,Jorge,Soler,CHN,-0.11,,,,,,,,,3,3,0,1,1,0,0,0,0,0,0,0,0,1,0,0,0,0,0,1,1,0,,0,2,,,,,,,
4/26/2016,Ronald,Torreyes,CHN,0.67,,,,,,,,,3,3,0,2,2,0,0,0,0,0,0,0,0,0,0,0,0,0,2,0,1,0,,0,1,,,,,,,
4/27/2016,Ronald,Torreyes,CHN,-0.75,,,,,,,,,3,3,0,0,0,0,0,0,0,0,0,0,0,0,0,0,0,0,1,2,0,0,,0,3,,,,,,,
4/29/2016,Benjamin,Zobrist,CHN,0.29,,,,,,,,,4,3,1,1,1,0,0,0,0,0,0,0,1,0,0,0,0,0,1,1,1,1,,0,2,,,,,,,
4/30/2016,Tucker,Barnhart,CIN,-0.42,,,,,,,,,4,3,0,0,0,0,0,0,0,0,0,0,1,0,0,0,0,0,1,1,1,0,,0,3,,,,,,,
4/30/2016,Jay,Bruce,CIN,-0.49,,,,,,,,,4,3,0,0,0,0,0,0,0,0,0,1,0,1,0,0,0,0,2,0,0,0,,0,3,,,,,,,
4/27/2016,Zachary,Cozart,CIN,1.29,,,,,,,,,4,4,2,2,1,0,0,1,1,0,0,0,0,1,0,0,0,0,1,2,0,0,,1,2,,,,,,,
4/29/2016,Zachary,Cozart,CIN,-1.07,,,,,,,,,4,4,0,0,0,0,0,0,0,0,0,0,0,1,0,0,0,0,1,2,0,0,,0,4,,,,,,,
4/30/2016,Zachary,Cozart,CIN,-0.35,,,,,,,,,5,5,0,1,0,1,0,0,1,0,0,0,0,2,0,0,0,0,2,1,0,0,,0,4,,,,,,,
4/30/2016,Adam,Duvall,CIN,-1.15,,,,,,,,,4,4,0,0,0,0,0,0,0,0,0,0,0,2,0,0,0,0,1,1,0,0,,0,4,,,,,,,
4/30/2016,Billy,Hamilton,CIN,1.13,,,,,,,,,4,4,1,3,3,0,0,0,0,0,0,0,0,0,0,0,0,0,2,1,1,0,,1,1,,,,,,,
4/19/2016,Tyler,Holt,CIN,0.38,,,,,,,,,3,2,1,1,1,0,0,0,0,0,0,1,0,0,1,0,1,0,1,0,1,0,,0,1,,,,,,,
4/22/2016,Tyler,Holt,CIN,-0.40,,,,,,,,,3,2,0,0,0,0,0,0,0,0,0,0,1,1,1,0,1,0,1,0,0,0,,0,2,,,,,,,
4/4/2016,Devin Douglas,Mesoraco,CIN,-1.07,,,,,,,,,4,4,0,0,0,0,0,0,0,0,0,0,0,1,0,0,0,0,1,2,0,1,,0,4,,,,,,,
4/16/2016,Devin Douglas,Mesoraco,CIN,-0.22,,,,,,,,,5,4,1,1,0,1,0,0,0,0,0,0,1,0,0,1,0,0,1,1,2,0,,0,3,,,,,,,
4/7/2016,Jordan Patrick,Pacheco,CIN,-1.00,,,,,,,,,4,4,0,0,0,0,0,0,0,0,0,0,0,0,0,0,0,0,1,3,0,0,,0,4,,,,,,,
4/14/2016,Jordan Patrick,Pacheco,CIN,-0.02,,,,,,,,,4,4,0,1,0,1,0,0,0,0,0,0,0,1,0,0,0,0,1,2,0,0,,0,3,,,,,,,
4/18/2016,Jordan Patrick,Pacheco,CIN,0.30,,,,,,,,,3,3,0,1,0,1,0,0,0,0,0,0,0,0,0,0,0,0,2,0,1,0,,0,2,,,,,,,
4/30/2016,Brandon,Phillips,CIN,-0.44,,,,,,,,,4,4,0,1,1,0,0,0,0,0,0,0,0,2,0,0,0,0,1,1,0,0,,0,3,,,,,,,
4/13/2016,Scott Anthony,Schebler,CIN,0.27,,,,,,,,,4,4,1,1,0,0,1,0,0,0,0,0,0,0,0,0,0,0,1,2,1,1,,0,3,,,,,,,
4/24/2016,Scott,Schebler,CIN,-1.15,,,,,,,,,4,4,0,0,0,0,0,0,0,0,0,0,0,2,0,0,0,0,0,2,0,0,,0,4,,,,,,,
4/4/2016,Eugenio Alejandro,Suarez,CIN,-0.88,,,,,,,,,4,3,1,0,0,0,0,0,0,0,0,0,1,0,0,0,1,0,2,1,0,0,,0,3,,,,,,,
4/30/2016,Eugenio,Suarez,CIN,-0.29,,,,,,,,,4,4,0,1,1,0,0,0,0,0,0,0,0,0,0,0,0,0,3,1,0,0,,0,3,,,,,,,
4/4/2016,Joey,Votto,CIN,-0.51,,,,,,,,,4,4,1,1,1,0,0,0,2,0,0,0,0,3,0,0,0,0,0,0,1,0,,0,3,,,,,,,
4/30/2016,Joey,Votto,CIN,-0.49,,,,,,,,,4,3,0,0,0,0,0,0,0,0,0,0,1,1,0,0,0,0,1,1,0,0,,0,3,,,,,,,
4/26/2016,Michael,Brantley,CLE,-1.07,,,,,,,,,4,4,0,0,0,0,0,0,0,0,0,0,0,1,0,0,0,0,1,2,0,0,,0,4,,,,,,,
4/27/2016,Michael,Brantley,CLE,0.72,,,,,,,,,5,3,1,1,1,0,0,0,1,0,1,0,1,1,1,0,0,0,1,1,1,0,,0,2,,,,,,,
4/29/2016,Michael,Brantley,CLE,-0.35,,,,,,,,,5,5,0,1,0,1,0,0,0,0,0,0,0,2,0,0,0,0,0,1,2,0,,0,4,,,,,,,
4/30/2016,Michael,Brantley,CLE,-1.00,,,,,,,,,4,4,0,0,0,0,0,0,0,0,0,0,0,0,0,0,0,0,1,3,0,0,,0,4,,,,,,,
4/20/2016,Lonnie,Chisenhall,CLE,-0.75,,,,,,,,,3,3,0,0,0,0,0,0,0,0,0,0,0,0,0,0,0,0,1,2,0,0,,0,3,,,,,,,
4/30/2016,Lonnie,Chisenhall,CLE,1.77,,,,,,,,,4,4,2,3,2,1,0,0,0,0,0,0,0,0,1,0,0,0,2,0,2,0,,1,1,,,,,,,
4/12/2016,Jason Michael,Kipnis,CLE,-1.15,,,,,,,,,4,4,0,0,0,0,0,0,0,0,0,0,0,2,0,0,0,0,1,1,0,0,,0,4,,,,,,,
4/20/2016,Jason Michael,Kipnis,CLE,-0.62,,,,,,,,,4,3,0,0,0,0,0,0,1,0,1,0,0,1,0,0,0,0,0,1,2,0,,0,3,,,,,,,
4/30/2016,Jason,Kipnis,CLE,-0.16,,,,,,,,,5,4,0,1,1,0,0,0,2,0,1,0,0,1,0,0,0,0,1,1,2,0,,0,3,,,,,,,
4/29/2016,Corey,Kluber,CLE,0.62,,,,,,,,,3,2,1,1,0,1,0,0,0,1,0,0,0,1,0,0,0,0,0,0,1,0,,0,1,,,,,,,
4/12/2016,Francisco,Lindor,CLE,1.36,,,,,,,,,4,4,1,2,1,0,0,1,1,0,0,0,0,0,0,0,0,0,1,3,0,1,,0,2,,,,,,,
4/30/2016,Francisco,Lindor,CLE,0.72,,,,,,,,,4,4,0,2,2,0,0,0,0,0,0,0,0,0,1,0,0,0,4,0,0,0,,0,2,,,,,,,
4/30/2016,Tyler,Naquin,CLE,0.91,,,,,,,,,4,4,1,2,1,0,1,0,0,0,0,0,0,1,0,0,0,0,2,1,0,0,,0,2,,,,,,,
4/14/2016,Roberto,Perez,CLE,-0.82,,,,,,,,,5,4,1,0,0,0,0,0,0,0,0,0,1,2,0,0,0,0,1,1,0,0,,0,4,,,,,,,
4/30/2016,Roberto,Perez,CLE,-0.30,,,,,,,,,3,2,0,0,0,0,0,0,1,0,1,0,0,0,0,0,0,0,1,2,0,1,,0,2,,,,,,,
4/12/2016,Jose,Ramirez,CLE,-0.75,,,,,,,,,3,3,0,0,0,0,0,0,0,0,0,0,0,0,0,0,0,0,1,2,0,0,,0,3,,,,,,,
4/14/2016,Jose,Ramirez,CLE,0.96,,,,,,,,,5,5,2,2,1,0,0,1,1,0,0,0,0,2,0,0,0,0,2,1,0,0,,0,3,,,,,,,
4/20/2016,Jose,Ramirez,CLE,-1.00,,,,,,,,,4,4,0,0,0,0,0,0,0,0,0,0,0,0,0,0,0,0,1,2,0,0,,0,4,,,,,,,
4/21/2016,Jose,Ramirez,CLE,-0.20,,,,,,,,,5,5,1,1,0,1,0,0,1,0,0,0,0,0,0,0,0,0,3,1,1,0,,0,4,,,,,,,
4/30/2016,Carlos,Santana,CLE,-0.49,,,,,,,,,4,3,0,0,0,0,0,0,0,0,0,0,1,1,0,0,0,0,2,0,0,0,,0,3,,,,,,,
4/12/2016,Juan,Uribe,CLE,-0.82,,,,,,,,,3,3,0,0,0,0,0,0,0,0,0,0,0,1,0,0,0,0,2,0,0,0,,0,3,,,,,,,
4/17/2016,Juan,Uribe,CLE,-0.75,,,,,,,,,3,3,0,0,0,0,0,0,0,0,0,0,0,0,0,0,0,0,2,1,0,1,,0,3,,,,,,,
4/29/2016,Juan,Uribe,CLE,0.41,,,,,,,,,3,1,0,0,0,0,0,0,0,0,0,0,2,0,0,0,0,0,0,1,0,0,,0,1,,,,,,,
4/30/2016,Juan,Uribe,CLE,-1.07,,,,,,,,,4,4,0,0,0,0,0,0,0,0,0,0,0,1,0,0,0,0,1,2,0,0,,0,4,,,,,,,
4/16/2016,Cristhian,Adames,COL,-1.07,,,,,,,,,4,4,0,0,0,0,0,0,0,0,0,0,0,1,0,0,0,0,2,1,0,0,,0,4,,,,,,,
4/26/2016,Cristhian,Adames,COL,1.33,,,,,,,,,5,3,0,2,2,0,0,0,0,0,0,0,2,0,0,0,0,0,1,1,1,0,,0,1,,,,,,,
4/4/2016,Nolan,Arenado,COL,1.11,,,,,,,,,5,5,1,2,1,0,0,1,3,0,0,0,0,0,0,0,0,0,1,4,0,0,,0,3,,,,,,,
4/30/2016,Nolan,Arenado,COL,0.60,,,,,,,,,5,4,0,2,2,0,0,0,1,0,0,0,1,2,0,0,0,0,1,0,1,0,,0,2,,,,,,,
4/17/2016,Brandon,Barnes,COL,-0.82,,,,,,,,,3,3,0,0,0,0,0,0,0,0,0,0,0,1,0,0,0,0,0,1,0,0,,0,3,,,,,,,
4/18/2016,Brandon,Barnes,COL,-0.75,,,,,,,,,4,3,0,0,0,0,0,0,0,1,0,0,0,2,0,0,0,0,1,0,0,0,,0,3,,,,,,,
4/29/2016,Charles,Blackmon,COL,0.75,,,,,,,,,5,4,1,2,2,0,0,0,0,0,0,0,1,0,0,0,0,0,0,2,2,0,,0,2,,,,,,,
4/30/2016,Charles,Blackmon,COL,0.02,,,,,,,,,5,5,2,2,2,0,0,0,0,0,0,0,0,2,0,0,0,0,2,0,1,0,,0,3,,,,,,,
4/16/2016,Dustin Thomas,Garneau,COL,-0.16,,,,,,,,,3,3,0,1,0,1,0,0,0,0,0,0,0,0,0,0,1,0,2,0,1,0,,0,2,,,,,,,
4/4/2016,Carlos,Gonzalez,COL,0.96,,,,,,,,,5,5,2,2,1,0,0,1,1,0,0,0,0,2,0,0,0,0,0,2,1,0,,0,3,,,,,,,
4/30/2016,Carlos,Gonzalez,COL,1.39,,,,,,,,,5,4,0,3,3,0,0,0,0,0,0,0,1,1,0,0,0,0,0,1,2,0,,0,1,,,,,,,
4/25/2016,Nicholas,Hundley,COL,0.20,,,,,,,,,4,4,0,1,0,0,1,0,0,0,0,0,0,1,0,0,0,0,2,1,0,0,,0,3,,,,,,,
4/30/2016,Nicholas,Hundley,COL,-0.42,,,,,,,,,4,3,0,0,0,0,0,0,0,0,0,0,1,0,0,0,0,0,3,0,0,0,,0,3,,,,,,,
4/30/2016,David,LeMahieu,COL,-0.41,,,,,,,,,4,4,0,1,0,1,0,0,0,0,0,0,0,0,0,0,1,0,2,1,1,0,,0,3,,,,,,,
4/30/2016,Gerardo,Parra,COL,-1.60,,,,,,,,,5,5,0,1,1,0,0,0,1,0,0,0,0,0,0,1,1,0,2,1,2,0,,0,4,,,,,,,
4/30/2016,Mark,Reynolds,COL,0.56,,,,,,,,,4,3,0,1,0,1,0,0,0,0,0,0,1,1,0,0,0,0,0,2,0,0,,0,2,,,,,,,
4/4/2016,Trevor John,Story,COL,1.65,,,,,,,,,6,6,2,2,0,0,0,2,4,0,0,0,0,2,0,0,0,0,1,2,1,0,,0,4,,,,,,,
4/30/2016,Trevor,Story,COL,0.92,,,,,,,,,5,5,2,2,0,1,1,0,3,0,0,0,0,2,0,0,0,0,0,1,2,0,,0,3,,,,,,,
4/4/2016,Jose Dariel,Abreu,CWS,0.56,,,,,,,,,4,3,1,1,0,1,0,0,0,0,0,1,0,1,0,0,0,0,0,1,1,1,,0,2,,,,,,,
4/4/2016,Melky,Cabrera,CWS,-1.00,,,,,,,,,4,4,0,0,0,0,0,0,0,0,0,0,0,0,0,0,0,0,2,0,1,0,,0,4,,,,,,,
4/5/2016,Melky,Cabrera,CWS,-0.42,,,,,,,,,4,3,0,0,0,0,0,0,0,0,0,0,1,0,0,0,0,0,2,1,0,0,,0,3,,,,,,,
4/4/2016,Todd,Frazier,CWS,-1.15,,,,,,,,,4,4,0,0,0,0,0,0,0,0,0,0,0,2,0,0,0,0,0,1,1,1,,0,4,,,,,,,
4/4/2016,Brett,Lawrie,CWS,-0.96,,,,,,,,,4,4,0,1,1,0,0,0,0,0,0,0,0,1,0,1,0,0,1,1,1,0,,0,3,,,,,,,
4/7/2016,Jack,Shuck,CWS,-1.15,,,,,,,,,4,4,0,0,0,0,0,0,0,0,0,0,0,2,0,0,0,0,2,0,0,0,,0,4,,,,,,,
4/9/2016,Mike,Aviles,DET,-0.29,,,,,,,,,4,4,1,1,1,0,0,0,0,0,0,0,0,0,0,0,0,0,1,2,1,0,,0,3,,,,,,,
4/24/2016,Mike,Aviles,DET,-0.90,,,,,,,,,3,3,0,0,0,0,0,0,0,0,0,0,0,2,0,0,0,0,1,0,0,0,,0,3,,,,,,,
4/25/2016,Mike,Aviles,DET,0.35,,,,,,,,,4,4,1,2,2,0,0,0,1,0,0,0,0,1,0,0,0,0,2,1,0,1,,0,2,,,,,,,
4/5/2016,Miguel,Cabrera,DET,-0.54,,,,,,,,,5,5,0,1,1,0,0,0,1,0,0,0,0,0,0,0,0,0,4,0,1,0,,0,4,,,,,,,
4/30/2016,Miguel,Cabrera,DET,0.05,,,,,,,,,4,4,1,1,0,1,0,0,0,0,0,0,0,0,0,0,0,0,0,3,1,0,,0,3,,,,,,,
4/20/2016,Nick,Castellanos,DET,-0.36,,,,,,,,,4,4,0,1,1,0,0,0,0,0,0,0,0,1,0,0,0,0,0,3,0,0,,0,3,,,,,,,
4/30/2016,Nick,Castellanos,DET,0.27,,,,,,,,,4,4,0,2,2,0,0,0,0,0,0,0,0,2,0,0,0,0,1,0,1,0,,1,2,,,,,,,
4/11/2016,Tyler James,Collins,DET,-0.82,,,,,,,,,3,3,0,0,0,0,0,0,0,0,0,0,0,1,0,0,0,0,0,2,0,0,,0,3,,,,,,,
4/21/2016,Tyler James,Collins,DET,-0.90,,,,,,,,,3,3,0,0,0,0,0,0,0,0,0,0,0,2,0,0,0,0,0,1,0,0,,0,3,,,,,,,
4/30/2016,Anthony,Gose,DET,0.09,,,,,,,,,4,2,0,0,0,0,0,0,0,0,0,1,1,1,0,0,0,0,1,0,0,0,,0,2,,,,,,,
4/30/2016,Jose,Iglesias,DET,-1.53,,,,,,,,,4,4,0,0,0,0,0,0,0,0,0,0,0,1,0,0,1,0,2,0,1,0,,0,4,,,,,,,
4/5/2016,Ian,Kinsler,DET,0.97,,,,,,,,,6,6,2,3,2,0,0,1,4,0,0,0,0,0,0,1,0,0,2,2,2,0,,0,3,,,,,,,
4/30/2016,Ian,Kinsler,DET,-1.00,,,,,,,,,4,4,0,0,0,0,0,0,0,0,0,0,0,0,0,0,0,0,2,2,0,2,,0,4,,,,,,,
4/5/2016,Julio Daniel,Martinez,DET,0.38,,,,,,,,,5,4,0,1,0,1,0,0,0,0,0,0,1,0,0,0,0,0,0,4,0,0,,0,3,,,,,,,
4/20/2016,Julio Daniel,Martinez,DET,-0.49,,,,,,,,,4,3,0,0,0,0,0,0,0,0,0,1,0,1,0,0,0,0,1,1,0,0,,0,3,,,,,,,
4/20/2016,Victor,Martinez,DET,-0.29,,,,,,,,,4,4,0,1,1,0,0,0,1,0,0,0,0,0,0,0,0,0,1,2,1,1,,0,3,,,,,,,
4/30/2016,Julio,Martinez,DET,-0.49,,,,,,,,,4,3,1,0,0,0,0,0,0,0,0,0,1,1,0,0,0,0,1,0,1,0,,0,3,,,,,,,
4/30/2016,Victor,Martinez,DET,0.95,,,,,,,,,4,4,1,2,0,2,0,0,1,0,0,0,0,2,0,0,0,0,0,1,1,0,,0,2,,,,,,,
4/23/2016,Andrew,Romine,DET,-0.75,,,,,,,,,3,3,0,0,0,0,0,0,0,0,0,0,0,0,0,0,0,0,3,0,0,0,,0,3,,,,,,,
4/24/2016,Andrew,Romine,DET,0.16,,,,,,,,,4,2,0,0,0,0,0,0,0,0,0,0,2,0,0,0,0,0,2,0,0,0,,0,2,,,,,,,
4/30/2016,Jarrod,Saltalamacchia,DET,-1.22,,,,,,,,,4,4,0,0,0,0,0,0,0,0,0,0,0,3,0,0,0,0,0,1,0,1,,0,4,,,,,,,
4/5/2016,Justin,Upton,DET,-0.27,,,,,,,,,6,6,1,2,1,1,0,0,0,0,0,0,0,1,0,0,1,0,2,2,1,0,,0,4,,,,,,,
4/30/2016,Justin,Upton,DET,0.58,,,,,,,,,4,4,1,1,0,0,0,1,3,0,0,0,0,1,0,0,0,0,1,2,0,0,,0,3,,,,,,,
4/27/2016,Robert,Wilson,DET,-0.49,,,,,,,,,4,3,0,0,0,0,0,0,0,0,0,0,1,1,0,0,0,0,1,1,0,0,,0,3,,,,,,,
4/5/2016,Jose Carlos,Altuve,HOU,0.68,,,,,,,,,5,4,2,1,0,1,0,0,0,0,0,0,1,0,1,0,0,0,2,0,2,0,,0,3,,,,,,,
4/20/2016,Jose Carlos,Altuve,HOU,1.50,,,,,,,,,5,2,0,1,1,0,0,0,0,0,0,2,1,0,1,0,0,0,0,0,2,0,,0,1,,,,,,,
4/30/2016,Jose,Altuve,HOU,-0.42,,,,,,,,,4,3,0,0,0,0,0,0,0,0,0,0,1,0,0,0,0,0,2,0,1,0,,0,3,,,,,,,
4/30/2016,Jason,Castro,HOU,-0.04,,,,,,,,,3,3,0,1,1,0,0,0,0,0,0,0,0,0,0,0,0,0,0,2,1,0,,0,2,,,,,,,
4/20/2016,Carlos Javier,Correa,HOU,-0.02,,,,,,,,,4,4,0,1,0,1,0,0,0,0,0,0,0,1,0,0,0,0,1,2,0,0,,0,3,,,,,,,
4/30/2016,Carlos,Correa,HOU,0.10,,,,,,,,,4,3,0,1,0,1,0,0,0,0,0,0,1,1,0,0,1,0,1,1,0,0,,0,2,,,,,,,
4/29/2016,Evan,Gattis,HOU,1.21,,,,,,,,,4,4,2,2,1,0,0,1,2,0,0,0,0,2,0,0,0,0,1,1,0,0,,0,2,,,,,,,
4/30/2016,Evan,Gattis,HOU,-0.95,,,,,,,,,4,3,0,0,0,0,0,0,0,0,0,0,1,1,0,0,1,0,2,0,0,0,,0,3,,,,,,,
4/20/2016,Marwin Javier,Gonzalez,HOU,-0.75,,,,,,,,,3,3,0,0,0,0,0,0,0,0,0,0,0,0,0,0,0,0,2,1,0,0,,0,3,,,,,,,
4/17/2016,Jake Shawn,Marisnick,HOU,-0.19,,,,,,,,,3,3,1,1,1,0,0,0,0,0,0,0,0,2,0,0,0,0,1,0,0,0,,1,2,,,,,,,
4/30/2016,Colby,Rasmus,HOU,-0.36,,,,,,,,,4,4,0,1,1,0,0,0,0,0,0,0,0,1,0,0,0,0,2,1,0,0,,0,3,,,,,,,
4/5/2016,George,Springer,HOU,-0.61,,,,,,,,,5,5,0,1,1,0,0,0,0,0,0,0,0,1,0,0,0,0,2,2,0,0,,1,4,,,,,,,
4/30/2016,George,Springer,HOU,-0.49,,,,,,,,,4,3,0,0,0,0,0,0,0,0,0,0,1,1,0,0,0,0,2,0,0,0,,0,3,,,,,,,
4/30/2016,Preston,Tucker,HOU,-0.04,,,,,,,,,3,3,0,1,1,0,0,0,0,0,0,0,0,0,0,0,0,0,2,1,0,0,,0,2,,,,,,,
4/30/2016,Luis,Valbuena,HOU,-1.28,,,,,,,,,3,3,0,0,0,0,0,0,0,0,0,0,0,1,0,0,1,0,2,0,0,0,,0,3,,,,,,,
4/30/2016,Tyler,White,HOU,-0.75,,,,,,,,,3,3,0,0,0,0,0,0,0,0,0,0,0,0,0,0,0,0,2,1,0,1,,0,3,,,,,,,
4/30/2016,Lorenzo,Cain,KC,-0.36,,,,,,,,,4,4,0,1,1,0,0,0,0,0,0,0,0,1,0,0,0,0,0,2,1,1,,0,3,,,,,,,
4/20/2016,Jarrod Martel,Dyson,KC,-0.12,,,,,,,,,4,3,0,0,0,0,0,0,0,0,0,0,1,0,1,0,0,0,3,0,0,0,,0,3,,,,,,,
4/8/2016,Alcides,Escobar,KC,0.17,,,,,,,,,5,5,0,2,2,0,0,0,0,0,0,0,0,0,0,0,0,0,4,1,0,1,,0,3,,,,,,,
4/30/2016,Alcides,Escobar,KC,-1.00,,,,,,,,,4,4,0,0,0,0,0,0,0,0,0,0,0,0,0,0,0,0,4,0,0,0,,0,4,,,,,,,
4/16/2016,Reymond,Fuentes,KC,0.35,,,,,,,,,4,4,0,2,2,0,0,0,1,0,0,0,0,1,0,0,0,0,2,0,1,0,,1,2,,,,,,,
4/17/2016,Reymond,Fuentes,KC,-1.00,,,,,,,,,4,4,0,0,0,0,0,0,0,0,0,0,0,0,0,0,0,0,3,0,1,0,,0,4,,,,,,,
4/8/2016,Alex,Gordon,KC,0.22,,,,,,,,,4,3,1,1,1,0,0,0,0,0,0,0,1,1,0,0,0,0,1,0,1,0,,0,2,,,,,,,
4/30/2016,Alex,Gordon,KC,-0.24,,,,,,,,,3,2,0,0,0,0,0,0,0,0,0,1,0,1,0,0,0,0,0,1,0,0,,0,2,,,,,,,
4/8/2016,Eric John,Hosmer,KC,-0.49,,,,,,,,,4,3,0,0,0,0,0,0,0,0,0,0,1,1,0,0,0,0,2,0,0,0,,0,3,,,,,,,
4/20/2016,Eric John,Hosmer,KC,-0.14,,,,,,,,,4,4,0,1,1,0,0,0,0,0,0,0,0,2,1,0,0,0,2,0,0,0,,0,3,,,,,,,
4/30/2016,Eric,Hosmer,KC,-1.00,,,,,,,,,4,4,0,0,0,0,0,0,0,0,0,0,0,0,0,0,0,0,2,1,1,0,,0,4,,,,,,,
4/30/2016,Omar,Infante,KC,-0.11,,,,,,,,,3,3,0,1,1,0,0,0,0,0,0,0,0,1,0,0,0,0,1,0,1,0,,0,2,,,,,,,
4/8/2016,Kendry,Morales,KC,-0.49,,,,,,,,,4,3,0,0,0,0,0,0,0,0,0,0,1,1,0,0,0,0,1,1,0,0,,0,3,,,,,,,
4/30/2016,Kendry,Morales,KC,-0.36,,,,,,,,,4,4,0,1,1,0,0,0,0,0,0,0,0,1,0,0,0,0,1,2,0,1,,0,3,,,,,,,
4/30/2016,Michael,Moustakas,KC,0.76,,,,,,,,,4,4,0,2,1,1,0,0,0,0,0,0,0,0,0,0,0,0,3,1,0,0,,0,2,,,,,,,
4/30/2016,Paulo,Orlando,KC,-0.75,,,,,,,,,3,3,0,0,0,0,0,0,0,0,0,0,0,0,0,0,0,0,0,2,1,1,,0,3,,,,,,,
4/29/2016,Salvador,Perez,KC,-0.49,,,,,,,,,4,3,0,0,0,0,0,0,0,0,0,0,1,1,0,0,0,0,0,2,0,0,,0,3,,,,,,,
4/30/2016,Salvador,Perez,KC,-1.21,,,,,,,,,3,3,0,0,0,0,0,0,0,0,0,0,0,0,0,0,1,0,1,2,0,1,,0,3,,,,,,,
4/4/2016,Kole,Calhoun,LAA,-0.04,,,,,,,,,3,3,0,1,1,0,0,0,0,0,0,0,0,0,0,0,0,0,2,0,1,0,,0,2,,,,,,,
4/30/2016,Kole,Calhoun,LAA,1.32,,,,,,,,,4,4,1,2,0,1,1,0,0,0,0,0,0,0,0,0,0,0,1,2,1,1,,0,2,,,,,,,
4/23/2016,Ji-Man,Choi,LAA,-0.06,,,,,,,,,3,2,0,1,1,0,0,0,0,0,0,0,1,0,0,1,0,0,1,0,1,0,,0,1,,,,,,,
4/30/2016,C.J.,Cron,LAA,0.98,,,,,,,,,4,4,0,2,1,0,1,0,1,0,0,0,0,0,0,0,0,0,1,2,1,0,,0,2,,,,,,,
4/4/2016,Yunel,Escobar,LAA,-1.00,,,,,,,,,4,4,0,0,0,0,0,0,0,0,0,0,0,0,0,0,0,0,3,0,1,0,,0,4,,,,,,,
4/30/2016,Yunel,Escobar,LAA,0.76,,,,,,,,,4,4,0,2,1,1,0,0,0,0,0,0,0,0,0,0,0,0,2,1,1,0,,0,2,,,,,,,
4/30/2016,Johnny,Giavotella,LAA,-1.46,,,,,,,,,4,4,0,0,0,0,0,0,0,0,0,0,0,0,0,0,1,0,1,2,1,0,,0,4,,,,,,,
4/16/2016,Rafael Angel,Ortega,LAA,0.59,,,,,,,,,4,3,0,1,1,0,0,0,0,0,0,0,1,0,1,0,0,0,2,1,0,0,,0,2,,,,,,,
4/17/2016,Rafael Angel,Ortega,LAA,-1.32,,,,,,,,,5,5,0,0,0,0,0,0,0,0,0,0,0,1,0,0,0,0,2,1,0,0,,0,5,,,,,,,
4/19/2016,Rafael Angel,Ortega,LAA,-1.00,,,,,,,,,4,4,0,0,0,0,0,0,0,0,0,0,0,0,0,0,0,0,3,0,1,0,,0,4,,,,,,,
4/30/2016,Rafael,Ortega,LAA,-0.04,,,,,,,,,3,3,0,1,1,0,0,0,0,0,0,0,0,0,0,0,0,0,2,1,0,0,,0,2,,,,,,,
4/11/2016,Clifton,Pennington,LAA,-0.24,,,,,,,,,4,3,0,1,1,0,0,0,0,0,0,0,1,1,0,0,1,0,1,0,1,0,,0,2,,,,,,,
4/30/2016,Carlos,Perez,LAA,-1.07,,,,,,,,,4,4,0,0,0,0,0,0,0,0,0,0,0,1,0,0,0,0,1,1,1,0,,0,4,,,,,,,
4/30/2016,Albert,Pujols,LAA,0.65,,,,,,,,,4,4,1,1,0,0,0,1,1,0,0,0,0,0,0,0,0,0,1,2,1,1,,0,3,,,,,,,
4/4/2016,Andrelton,Simmons,LAA,-0.82,,,,,,,,,3,3,0,0,0,0,0,0,0,0,0,0,0,1,0,0,0,0,2,0,0,0,,0,3,,,,,,,
4/30/2016,Andrelton,Simmons,LAA,-0.29,,,,,,,,,4,4,0,1,1,0,0,0,0,0,0,0,0,0,0,0,0,0,2,2,0,0,,0,3,,,,,,,
4/10/2016,Geovany,Soto,LAA,-0.50,,,,,,,,,3,3,1,1,1,0,0,0,0,0,0,0,0,0,0,0,1,0,2,0,1,0,,0,2,,,,,,,
4/4/2016,Michael,Trout,LAA,-1.15,,,,,,,,,4,4,0,0,0,0,0,0,0,0,0,0,0,2,0,0,0,0,0,1,1,0,,0,4,,,,,,,
4/30/2016,Michael,Trout,LAA,-1.15,,,,,,,,,4,4,0,0,0,0,0,0,0,0,0,0,0,2,0,0,0,0,0,2,0,0,,0,4,,,,,,,
4/5/2016,Austin Scott,Barnes,LAN,-1.15,,,,,,,,,4,4,0,0,0,0,0,0,0,0,0,0,0,2,0,0,0,0,0,2,0,1,,0,4,,,,,,,
4/14/2016,Austin Scott,Barnes,LAN,0.34,,,,,,,,,3,1,1,0,0,0,0,0,0,0,0,0,2,1,0,0,0,0,0,0,0,0,,0,1,,,,,,,
4/28/2016,Carl,Crawford,LAN,-1.92,,,,,,,,,4,4,0,0,0,0,0,0,0,0,0,0,0,0,0,0,2,0,3,0,1,0,,0,4,,,,,,,
4/29/2016,Carl,Crawford,LAN,-1.00,,,,,,,,,4,4,0,0,0,0,0,0,0,0,0,0,0,0,0,0,0,0,3,1,0,0,,0,4,,,,,,,
4/30/2016,Carl,Crawford,LAN,0.85,,,,,,,,,4,3,0,1,0,0,1,0,0,0,0,0,1,0,0,0,0,0,1,1,1,1,,0,2,,,,,,,
4/21/2016,Andrew,Ellis,LAN,-0.75,,,,,,,,,3,3,0,0,0,0,0,0,0,0,0,0,0,0,0,0,0,0,2,1,0,0,,0,3,,,,,,,
4/25/2016,Andrew,Ellis,LAN,-0.04,,,,,,,,,3,3,0,1,1,0,0,0,0,0,0,0,0,0,0,0,0,0,2,0,1,0,,0,2,,,,,,,
4/4/2016,Adrian,Gonzalez,LAN,1.46,,,,,,,,,5,4,2,3,3,0,0,0,3,0,0,0,1,0,0,0,0,0,2,0,2,0,,0,1,,,,,,,
4/19/2016,Adrian,Gonzalez,LAN,0.93,,,,,,,,,4,3,0,2,2,0,0,0,0,0,0,0,1,1,0,0,0,0,0,0,2,0,,0,1,,,,,,,
4/30/2016,Adrian,Gonzalez,LAN,-1.00,,,,,,,,,4,4,0,0,0,0,0,0,0,0,0,0,0,0,0,0,0,0,4,0,0,0,,0,4,,,,,,,
4/30/2016,Yasmani,Grandal,LAN,-0.36,,,,,,,,,4,4,0,1,1,0,0,0,0,0,0,0,0,1,0,0,0,0,0,2,1,0,,0,3,,,,,,,
4/30/2016,Enrique,Hernandez,LAN,-0.29,,,,,,,,,4,4,0,1,1,0,0,0,0,0,0,0,0,0,0,0,0,0,1,3,0,1,,0,3,,,,,,,
4/30/2016,Corey,Seager,LAN,-0.49,,,,,,,,,4,3,0,0,0,0,0,0,0,0,0,0,1,1,0,0,0,0,1,0,1,0,,0,3,,,,,,,
4/30/2016,Justin,Turner,LAN,-1.07,,,,,,,,,4,4,0,0,0,0,0,0,0,0,0,0,0,1,0,0,0,0,1,2,0,1,,0,4,,,,,,,
4/13/2016,Chase,Utley,LAN,0.76,,,,,,,,,4,4,0,2,1,1,0,0,1,0,0,0,0,0,0,0,0,0,4,0,0,0,,0,2,,,,,,,
4/16/2016,Chase,Utley,LAN,-0.17,,,,,,,,,3,2,0,0,0,0,0,0,0,0,0,0,1,0,0,0,0,0,2,0,0,0,,0,2,,,,,,,
4/20/2016,Chase,Utley,LAN,0.47,,,,,,,,,5,5,1,2,2,0,0,0,0,0,0,0,0,0,1,0,0,0,2,2,1,0,,0,3,,,,,,,
4/21/2016,Chase,Utley,LAN,0.23,,,,,,,,,5,4,0,1,0,1,0,0,0,0,0,0,1,2,0,0,0,0,1,0,1,0,,0,3,,,,,,,
4/22/2016,Chase,Utley,LAN,-0.05,,,,,,,,,5,5,1,1,0,0,1,0,0,0,0,0,0,1,0,0,0,0,1,1,2,0,,0,4,,,,,,,
4/23/2016,Chase,Utley,LAN,1.22,,,,,,,,,5,5,0,3,2,1,0,0,1,0,0,0,0,0,0,0,0,0,2,0,3,0,,0,2,,,,,,,
4/26/2016,Chase,Utley,LAN,-0.09,,,,,,,,,5,3,1,0,0,0,0,0,0,0,0,0,2,0,0,0,0,0,1,2,0,2,,0,3,,,,,,,
4/29/2016,Chase,Utley,LAN,-1.47,,,,,,,,,5,5,0,0,0,0,0,0,0,0,0,0,0,3,0,0,0,0,1,1,0,0,,0,5,,,,,,,
4/30/2016,Chase,Utley,LAN,0.65,,,,,,,,,4,4,1,1,0,0,0,1,2,0,0,0,0,0,0,0,0,0,2,2,0,1,,0,3,,,,,,,
4/30/2016,Justin,Bour,MIA,-0.11,,,,,,,,,5,4,0,1,1,0,0,0,0,0,0,0,1,2,0,0,0,0,1,1,0,0,,0,3,,,,,,,
4/30/2016,Wei-Yin,Chen,MIA,-0.68,,,,,,,,,4,3,0,0,0,0,0,0,0,1,0,0,0,1,0,0,0,0,2,0,0,0,,0,3,,,,,,,
4/29/2016,Adam,Conley,MIA,-0.43,,,,,,,,,3,2,0,0,0,0,0,0,0,1,0,0,0,1,0,0,0,0,1,0,0,0,,0,2,,,,,,,
4/12/2016,Derek Richard,Dietrich,MIA,0.94,,,,,,,,,3,3,0,2,1,1,0,0,1,0,0,0,0,1,0,0,0,0,0,1,1,0,,0,1,,,,,,,
4/20/2016,Derek Richard,Dietrich,MIA,1.48,,,,,,,,,3,2,1,1,0,0,0,1,1,0,0,1,0,0,0,0,0,0,1,1,0,0,,0,1,,,,,,,
4/21/2016,Derek Richard,Dietrich,MIA,0.34,,,,,,,,,3,1,0,0,0,0,0,0,0,0,0,1,1,1,0,0,0,0,0,0,0,0,,0,1,,,,,,,
4/22/2016,Derek Richard,Dietrich,MIA,-1.53,,,,,,,,,4,4,0,0,0,0,0,0,0,0,0,0,0,1,0,0,1,0,2,1,0,1,,0,4,,,,,,,
4/23/2016,Derek,Dietrich,MIA,0.30,,,,,,,,,3,3,0,1,0,1,0,0,1,0,0,0,0,0,0,0,0,0,1,2,0,0,,0,2,,,,,,,
4/25/2016,Derek,Dietrich,MIA,1.23,,,,,,,,,3,3,0,2,1,0,1,0,1,0,0,0,0,0,0,0,0,0,1,0,2,0,,0,1,,,,,,,
4/29/2016,Derek,Dietrich,MIA,-0.42,,,,,,,,,4,3,0,0,0,0,0,0,0,0,0,1,0,0,0,0,0,0,0,3,0,1,,0,3,,,,,,,
4/30/2016,Derek,Dietrich,MIA,0.58,,,,,,,,,6,5,1,1,0,0,0,1,2,0,0,0,1,2,0,0,0,0,2,1,0,0,,0,4,,,,,,,
4/30/2016,Adeiny,Hechavarria,MIA,2.53,,,,,,,,,5,5,1,4,3,0,0,1,1,0,0,0,0,0,0,0,0,0,2,1,2,0,,0,1,,,,,,,
4/12/2016,Jeffery,Mathis,MIA,-0.49,,,,,,,,,4,3,0,0,0,0,0,0,0,0,0,0,1,1,0,0,0,0,1,1,0,0,,0,3,,,,,,,
4/29/2016,Jeffery,Mathis,MIA,-1.15,,,,,,,,,4,4,0,0,0,0,0,0,0,0,0,0,0,2,0,0,0,0,2,0,0,0,,0,4,,,,,,,
4/30/2016,Marcell,Ozuna,MIA,1.29,,,,,,,,,6,5,2,2,1,0,0,1,1,0,0,0,1,2,0,0,0,0,1,2,0,0,,1,3,,,,,,,
4/30/2016,Martin,Prado,MIA,0.43,,,,,,,,,6,5,0,2,2,0,0,0,0,0,0,0,1,1,0,0,0,0,3,1,0,0,,1,3,,,,,,,
4/30/2016,Jacob,Realmuto,MIA,0.51,,,,,,,,,5,5,2,2,1,1,0,0,1,0,0,0,0,0,0,0,0,0,2,1,2,0,,1,3,,,,,,,
4/26/2016,Miguel,Rojas,MIA,0.30,,,,,,,,,3,3,1,1,0,1,0,0,0,0,0,0,0,0,0,0,0,0,2,0,1,0,,0,2,,,,,,,
4/10/2016,Michael Cruz-Michael,Stanton,MIA,-0.36,,,,,,,,,4,4,0,1,1,0,0,0,1,0,0,0,0,1,0,0,0,0,2,1,0,0,,0,3,,,,,,,
4/30/2016,Michael,Stanton,MIA,1.16,,,,,,,,,6,4,1,1,0,0,0,1,1,0,0,0,2,2,0,0,0,0,1,1,0,0,,0,3,,,,,,,
4/13/2016,Ichiro,Suzuki,MIA,0.05,,,,,,,,,4,4,0,1,0,1,0,0,0,0,0,0,0,0,0,0,0,0,1,2,1,0,,0,3,,,,,,,
4/17/2016,Ichiro,Suzuki,MIA,1.55,,,,,,,,,3,2,1,2,2,0,0,0,1,0,0,0,1,0,1,0,0,0,1,0,1,0,,0,0,,,,,,,
4/21/2016,Ichiro,Suzuki,MIA,1.00,,,,,,,,,4,3,2,2,2,0,0,0,0,0,0,0,1,0,0,0,0,0,0,1,2,1,,0,1,,,,,,,
4/29/2016,Ichiro,Suzuki,MIA,1.05,,,,,,,,,5,4,1,2,2,0,0,0,1,0,0,0,1,0,1,0,0,0,3,1,0,0,,0,2,,,,,,,
4/10/2016,Christian S.,Yelich,MIA,1.81,,,,,,,,,4,2,1,1,0,0,0,1,1,0,0,0,2,0,0,0,0,0,0,2,0,0,,0,1,,,,,,,
4/16/2016,Christian S.,Yelich,MIA,0.49,,,,,,,,,5,2,0,0,0,0,0,0,0,0,0,0,3,0,0,0,0,0,2,0,0,0,,0,2,,,,,,,
4/30/2016,Christian,Yelich,MIA,0.64,,,,,,,,,6,4,0,1,0,1,0,0,1,0,0,0,2,1,0,0,0,0,2,1,0,0,,0,3,,,,,,,
4/29/2016,Ryan,Braun,MIL,-0.57,,,,,,,,,4,3,0,0,0,0,0,0,0,0,0,0,1,2,0,0,0,0,1,0,0,0,,0,3,,,,,,,
4/30/2016,Ryan,Braun,MIL,-0.29,,,,,,,,,4,4,0,1,1,0,0,0,1,0,0,0,0,0,0,0,0,0,3,0,1,0,,0,3,,,,,,,
4/4/2016,Vernon,Carter,MIL,0.16,,,,,,,,,4,2,0,0,0,0,0,0,1,0,0,0,2,0,0,0,0,0,1,1,0,0,,0,2,,,,,,,
4/29/2016,Vernon,Carter,MIL,-0.88,,,,,,,,,4,3,0,0,0,0,0,0,0,0,0,0,1,0,0,0,1,0,2,0,1,0,,0,3,,,,,,,
4/30/2016,Vernon,Carter,MIL,-0.57,,,,,,,,,4,3,0,0,0,0,0,0,0,0,0,0,1,2,0,0,0,0,1,0,0,0,,0,3,,,,,,,
4/29/2016,Ramon,Flores,MIL,-0.02,,,,,,,,,4,4,1,1,0,1,0,0,1,0,0,0,0,1,0,0,0,0,2,0,1,0,,0,3,,,,,,,
4/30/2016,Ramon,Flores,MIL,-0.04,,,,,,,,,3,3,1,1,1,0,0,0,2,0,0,0,0,0,0,0,0,0,1,1,1,0,,0,2,,,,,,,
4/29/2016,Aaron,Hill,MIL,-0.82,,,,,,,,,3,3,0,0,0,0,0,0,0,0,0,0,0,1,0,0,0,0,0,2,0,0,,0,3,,,,,,,
4/30/2016,Aaron,Hill,MIL,0.05,,,,,,,,,4,4,1,1,0,1,0,0,0,0,0,0,0,0,0,0,0,0,2,2,0,1,,0,3,,,,,,,
4/29/2016,Jonathan,Lucroy,MIL,-0.36,,,,,,,,,4,4,1,1,1,0,0,0,0,0,0,0,0,1,0,0,0,0,1,1,1,0,,0,3,,,,,,,
4/30/2016,Jonathan,Lucroy,MIL,0.52,,,,,,,,,4,4,1,2,1,0,1,0,0,0,0,0,0,0,0,0,1,0,2,1,1,0,,0,2,,,,,,,
4/10/2016,Martin,Maldonado,MIL,-0.49,,,,,,,,,4,3,0,0,0,0,0,0,0,0,0,0,1,1,0,0,0,0,2,0,0,0,,0,3,,,,,,,
4/14/2016,Martin,Maldonado,MIL,-0.24,,,,,,,,,3,2,0,0,0,0,0,0,0,0,0,0,1,1,0,0,0,0,1,0,0,0,,0,2,,,,,,,
4/19/2016,Martin,Maldonado,MIL,-0.49,,,,,,,,,4,3,0,0,0,0,0,0,0,0,0,0,1,1,0,0,0,0,0,2,0,0,,0,3,,,,,,,
4/24/2016,Martin,Maldonado,MIL,-1.00,,,,,,,,,4,4,0,0,0,0,0,0,0,0,0,0,0,0,0,0,0,0,3,1,0,0,,0,4,,,,,,,
4/17/2016,Kirk Robert,Nieuwenhuis,MIL,-0.29,,,,,,,,,4,4,0,1,1,0,0,0,2,0,0,0,0,0,0,0,0,0,3,0,1,0,,0,3,,,,,,,
4/26/2016,Kirk,Nieuwenhuis,MIL,0.23,,,,,,,,,4,4,0,2,1,1,0,0,0,0,0,0,0,1,0,0,1,0,2,1,0,0,,0,2,,,,,,,
4/28/2016,Hernan,Perez,MIL,0.19,,,,,,,,,3,3,0,1,1,0,0,0,0,0,0,0,0,1,1,0,0,0,2,0,0,0,,0,2,,,,,,,
4/23/2016,Alexander,Presley,MIL,-1.15,,,,,,,,,4,4,0,0,0,0,0,0,0,0,0,0,0,2,0,0,0,0,0,2,0,1,,0,4,,,,,,,
4/28/2016,Alexander,Presley,MIL,0.83,,,,,,,,,5,3,0,1,0,1,0,0,2,0,1,0,1,0,0,0,0,0,0,3,1,0,,0,2,,,,,,,
4/9/2016,Yadiel,Rivera,MIL,0.94,,,,,,,,,3,3,1,2,1,1,0,0,0,0,0,0,0,1,0,0,0,0,0,0,2,0,,0,1,,,,,,,
4/10/2016,Yadiel,Rivera,MIL,0.56,,,,,,,,,4,3,1,1,0,1,0,0,0,0,0,0,1,1,0,0,0,0,2,0,0,0,,0,2,,,,,,,
4/4/2016,Domingo Alberto,Santana,MIL,0.02,,,,,,,,,5,5,1,2,2,0,0,0,0,0,0,0,0,2,0,0,0,0,0,1,2,1,,0,3,,,,,,,
4/29/2016,Domingo,Santana,MIL,-0.67,,,,,,,,,5,4,0,0,0,0,0,0,0,0,0,0,1,0,0,0,0,0,4,0,0,0,,0,4,,,,,,,
4/30/2016,Domingo,Santana,MIL,0.56,,,,,,,,,4,3,1,1,0,1,0,0,0,0,0,0,1,1,0,0,0,0,0,1,1,0,,0,2,,,,,,,
4/29/2016,Jonathan,Villar,MIL,-0.82,,,,,,,,,5,4,0,0,0,0,0,0,0,0,0,0,1,2,0,0,0,0,2,0,0,0,,0,4,,,,,,,
4/30/2016,Jonathan,Villar,MIL,-0.75,,,,,,,,,4,3,0,0,0,0,0,0,0,1,0,0,0,2,0,0,0,0,1,0,0,0,,0,3,,,,,,,
4/9/2016,Oswaldo Celestino,Arcia,MIN,-0.49,,,,,,,,,4,3,0,0,0,0,0,0,0,0,0,0,1,1,0,0,0,0,1,0,1,0,,0,3,,,,,,,
4/15/2016,Oswaldo Celestino,Arcia,MIN,-1.07,,,,,,,,,4,4,0,0,0,0,0,0,0,0,0,0,0,1,0,0,0,0,1,1,1,0,,0,4,,,,,,,
4/17/2016,Oswaldo Celestino,Arcia,MIN,0.68,,,,,,,,,6,5,0,3,3,0,0,0,1,0,0,0,1,1,0,0,1,0,1,1,2,0,,0,2,,,,,,,
4/18/2016,Oswaldo Celestino,Arcia,MIN,0.35,,,,,,,,,4,4,0,2,2,0,0,0,0,0,0,0,0,1,0,0,0,0,1,0,2,0,,0,2,,,,,,,
4/23/2016,Oswaldo,Arcia,MIN,-0.57,,,,,,,,,4,3,0,0,0,0,0,0,0,0,0,0,1,2,0,0,0,0,1,0,0,0,,0,3,,,,,,,
4/30/2016,Brian,Dozier,MIN,-1.15,,,,,,,,,4,4,0,0,0,0,0,0,0,0,0,0,0,2,0,0,0,0,1,1,0,0,,0,4,,,,,,,
4/21/2016,Eduardo Jose,Escobar,MIN,-0.03,,,,,,,,,5,4,0,1,1,0,0,0,2,0,0,0,1,1,0,0,0,0,2,0,1,0,,0,3,,,,,,,
4/30/2016,Eduardo,Escobar,MIN,1.13,,,,,,,,,4,4,0,3,3,0,0,0,0,0,0,0,0,0,0,0,0,0,3,1,0,1,,1,1,,,,,,,
4/13/2016,Max,Kepler,MIN,-1.15,,,,,,,,,4,4,0,0,0,0,0,0,0,0,0,0,0,2,0,0,0,0,1,1,0,0,,0,4,,,,,,,
4/4/2016,Joe,Mauer,MIN,0.35,,,,,,,,,4,4,0,2,2,0,0,0,0,0,0,0,0,1,0,0,0,0,1,0,2,0,,0,2,,,,,,,
4/30/2016,Joe,Mauer,MIN,0.42,,,,,,,,,4,4,0,2,2,0,0,0,0,0,0,0,0,0,0,0,0,0,3,0,1,0,,0,2,,,,,,,
4/7/2016,John,Murphy,MIN,0.30,,,,,,,,,3,3,0,1,0,1,0,0,0,0,0,0,0,0,0,0,0,0,2,0,1,0,,0,2,,,,,,,
4/30/2016,John,Murphy,MIN,-0.82,,,,,,,,,3,3,0,0,0,0,0,0,0,0,0,0,0,1,0,0,0,0,0,1,1,0,,0,3,,,,,,,
4/30/2016,Eduardo,Nunez,MIN,-0.36,,,,,,,,,4,4,0,1,1,0,0,0,0,0,0,0,0,1,0,0,0,0,0,2,1,1,,0,3,,,,,,,
4/24/2016,Byung-ho,Park,MIN,-0.36,,,,,,,,,4,4,0,1,1,0,0,0,0,0,0,0,0,1,0,0,0,0,1,2,0,0,,0,3,,,,,,,
4/25/2016,Byung-ho,Park,MIN,-1.07,,,,,,,,,4,4,0,0,0,0,0,0,0,0,0,0,0,1,0,0,0,0,2,1,0,0,,0,4,,,,,,,
4/30/2016,Byung-ho,Park,MIN,0.58,,,,,,,,,4,4,1,1,0,0,0,1,1,0,0,0,0,1,0,0,0,0,0,2,1,0,,0,3,,,,,,,
4/13/2016,Trevor,Plouffe,MIN,-0.36,,,,,,,,,4,4,0,1,1,0,0,0,0,0,0,0,0,1,0,0,0,0,0,1,2,0,,0,3,,,,,,,
4/14/2016,Trevor,Plouffe,MIN,-1.07,,,,,,,,,4,4,0,0,0,0,0,0,1,0,0,0,0,1,0,0,0,0,2,1,0,1,,0,4,,,,,,,
4/15/2016,Trevor,Plouffe,MIN,0.76,,,,,,,,,4,4,1,2,1,1,0,0,1,0,0,0,0,0,0,0,0,0,3,0,1,0,,0,2,,,,,,,
4/17/2016,Trevor,Plouffe,MIN,1.80,,,,,,,,,5,4,0,3,2,1,0,0,1,0,0,0,1,0,0,0,0,0,0,2,2,1,,0,1,,,,,,,
4/30/2016,Eddie,Rosario,MIN,-1.21,,,,,,,,,3,3,0,0,0,0,0,0,0,0,0,0,0,0,0,0,1,0,2,1,0,0,,0,3,,,,,,,
4/14/2016,Miguel Angel,Sano,MIN,-0.44,,,,,,,,,4,4,0,1,1,0,0,0,0,0,0,0,0,2,0,0,0,0,0,1,1,0,,0,3,,,,,,,
4/30/2016,Miguel,Sano,MIN,-1.22,,,,,,,,,4,4,0,0,0,0,0,0,0,0,0,0,0,3,0,0,0,0,0,1,0,0,,0,4,,,,,,,
4/30/2016,Daniel,Santana,MIN,-1.17,,,,,,,,,4,3,0,0,0,0,0,0,0,0,0,0,1,2,0,1,0,0,0,0,0,0,,0,3,,,,,,,
4/12/2016,Carlos,Beltran,NYA,-0.49,,,,,,,,,4,3,0,0,0,0,0,0,0,0,0,0,1,1,0,0,0,0,2,0,0,0,,0,3,,,,,,,
4/20/2016,Carlos,Beltran,NYA,0.58,,,,,,,,,4,4,1,1,0,0,0,1,1,0,0,0,0,1,0,0,0,0,2,1,0,0,,0,3,,,,,,,
4/30/2016,Carlos,Beltran,NYA,-0.11,,,,,,,,,3,3,0,1,1,0,0,0,0,0,0,0,0,1,0,0,0,0,0,2,0,0,,0,2,,,,,,,
4/12/2016,Starlin DeJesus,Castro,NYA,-0.49,,,,,,,,,4,3,0,0,0,0,0,0,1,0,0,0,1,1,0,0,0,0,1,1,0,0,,0,3,,,,,,,
4/20/2016,Starlin DeJesus,Castro,NYA,-0.42,,,,,,,,,4,3,0,0,0,0,0,0,0,0,0,0,1,0,0,0,0,0,1,2,0,0,,0,3,,,,,,,
4/30/2016,Starlin,Castro,NYA,-0.50,,,,,,,,,3,3,0,1,1,0,0,0,0,0,0,0,0,0,0,0,1,0,1,1,1,0,,0,2,,,,,,,
4/20/2016,Jacoby M,Ellsbury,NYA,0.23,,,,,,,,,4,3,0,1,0,1,0,0,0,0,0,0,0,1,0,0,0,0,0,1,1,0,,0,2,,,,,,,
4/23/2016,Jacoby,Ellsbury,NYA,-0.29,,,,,,,,,5,4,0,1,1,0,0,0,0,0,0,0,0,0,0,0,0,0,2,2,0,0,,0,3,,,,,,,
4/30/2016,Jacoby,Ellsbury,NYA,-1.07,,,,,,,,,4,4,0,0,0,0,0,0,0,0,0,0,0,1,0,0,0,0,2,1,0,0,,0,4,,,,,,,
4/30/2016,Brett,Gardner,NYA,-1.00,,,,,,,,,4,4,0,0,0,0,0,0,0,0,0,0,0,0,0,0,0,0,3,1,0,0,,0,4,,,,,,,
4/30/2016,Mariekson,Gregorius,NYA,-0.24,,,,,,,,,3,2,0,0,0,0,0,0,0,0,0,0,1,1,0,0,0,0,1,0,0,0,,0,2,,,,,,,
4/30/2016,Chase,Headley,NYA,-0.11,,,,,,,,,3,3,0,1,1,0,0,0,0,0,0,0,0,1,0,0,0,0,1,0,1,0,,0,2,,,,,,,
4/30/2016,Brian,McCann,NYA,0.60,,,,,,,,,3,3,0,2,2,0,0,0,0,0,0,0,0,1,0,0,0,0,1,0,1,0,,0,1,,,,,,,
4/30/2016,Alex,Rodriguez,NYA,-0.75,,,,,,,,,3,3,0,0,0,0,0,0,0,0,0,0,0,0,0,0,0,0,2,1,0,0,,0,3,,,,,,,
4/12/2016,Mark,Teixeira,NYA,-1.07,,,,,,,,,4,4,0,0,0,0,0,0,0,0,0,0,0,1,0,0,0,0,2,1,0,1,,0,4,,,,,,,
4/30/2016,Mark,Teixeira,NYA,-0.90,,,,,,,,,3,3,0,0,0,0,0,0,0,0,0,0,0,2,0,0,0,0,0,1,0,0,,0,3,,,,,,,
4/3/2016,Asdrubal,Cabrera,NYN,-0.36,,,,,,,,,4,4,0,1,1,0,0,0,0,0,0,0,0,1,0,0,0,0,2,1,0,1,,0,3,,,,,,,
4/30/2016,Asdrubal,Cabrera,NYN,-0.42,,,,,,,,,4,3,1,0,0,0,0,0,0,0,0,1,0,0,0,0,0,0,1,2,0,0,,0,3,,,,,,,
4/30/2016,Yoenis,Cespedes,NYN,-1.07,,,,,,,,,4,4,0,0,0,0,0,0,0,0,0,0,0,1,0,0,0,0,1,2,0,2,,0,4,,,,,,,
4/30/2016,Michael,Conforto,NYN,2.41,,,,,,,,,4,4,2,3,1,1,0,1,3,0,0,0,0,0,0,0,0,0,1,2,1,0,,0,1,,,,,,,
4/25/2016,Alejandro,De Aza,NYN,-0.44,,,,,,,,,4,4,0,1,1,0,0,0,0,0,0,0,0,2,0,0,0,0,1,0,1,0,,0,3,,,,,,,
4/27/2016,Alejandro,De Aza,NYN,0.92,,,,,,,,,5,3,2,1,1,0,0,0,0,0,0,0,2,0,1,0,0,0,0,0,3,0,,0,2,,,,,,,
4/30/2016,Lucas,Duda,NYN,0.93,,,,,,,,,4,3,0,2,2,0,0,0,0,0,0,0,1,1,0,0,0,0,1,0,1,0,,1,1,,,,,,,
4/9/2016,Wilmer Alejandro,Flores,NYN,0.09,,,,,,,,,4,2,0,0,0,0,0,0,0,0,0,0,2,1,0,0,0,0,0,0,1,0,,0,2,,,,,,,
4/11/2016,Wilmer Alejandro,Flores,NYN,-0.75,,,,,,,,,3,3,0,0,0,0,0,0,0,0,0,0,0,0,0,0,0,0,2,1,0,0,,0,3,,,,,,,
4/24/2016,Wilmer,Flores,NYN,-0.82,,,,,,,,,4,4,0,1,1,0,0,0,0,0,0,0,0,1,0,0,1,0,2,1,0,0,,1,3,,,,,,,
4/30/2016,Wilmer,Flores,NYN,0.65,,,,,,,,,4,4,1,1,0,0,0,1,1,0,0,0,0,0,0,0,0,0,3,1,0,0,,0,3,,,,,,,
4/30/2016,Curtis,Granderson,NYN,-0.29,,,,,,,,,4,4,1,1,1,0,0,0,0,0,0,0,0,0,0,0,0,0,1,2,1,0,,0,3,,,,,,,
4/13/2016,Juan Osvaldo,Lagares,NYN,-0.75,,,,,,,,,3,3,0,0,0,0,0,0,0,0,0,0,0,0,0,0,0,0,2,0,1,0,,0,3,,,,,,,
4/10/2016,Kevin Jeffrey,Plawecki,NYN,-0.82,,,,,,,,,3,3,0,0,0,0,0,0,0,0,0,0,0,1,0,0,0,0,2,0,0,0,,0,3,,,,,,,
4/13/2016,Kevin Jeffrey,Plawecki,NYN,0.47,,,,,,,,,3,2,0,1,1,0,0,0,2,0,0,0,1,1,0,0,0,0,1,0,0,0,,0,1,,,,,,,
4/30/2016,Rene,Rivera,NYN,-0.49,,,,,,,,,4,3,1,0,0,0,0,0,0,0,0,1,0,1,0,0,0,0,1,0,1,0,,0,3,,,,,,,
4/8/2016,Neil,Walker,NYN,0.35,,,,,,,,,4,4,2,2,2,0,0,0,2,0,0,0,0,1,0,0,0,0,1,1,1,1,,0,2,,,,,,,
4/30/2016,Neil,Walker,NYN,-0.24,,,,,,,,,4,3,0,1,1,0,0,0,2,0,0,0,1,1,0,0,1,0,1,0,1,0,,0,2,,,,,,,
4/28/2016,Yonder,Alonso,OAK,-0.24,,,,,,,,,3,2,0,0,0,0,0,0,0,0,0,0,1,1,0,0,0,0,0,1,0,0,,0,2,,,,,,,
4/30/2016,Yonder,Alonso,OAK,0.23,,,,,,,,,3,3,1,1,0,1,0,0,0,0,0,0,0,1,0,0,0,0,2,0,0,0,,0,2,,,,,,,
4/12/2016,Billy John,Burns,OAK,1.60,,,,,,,,,4,3,2,2,2,0,0,0,0,0,0,0,1,0,2,0,0,0,2,1,0,0,,0,1,,,,,,,
4/30/2016,Billy,Burns,OAK,-0.29,,,,,,,,,4,4,0,1,1,0,0,0,2,0,0,0,0,0,0,0,0,0,0,3,1,1,,0,3,,,,,,,
4/15/2016,Christopher,Coghlan,OAK,-1.07,,,,,,,,,4,4,0,0,0,0,0,0,0,0,0,0,0,1,0,0,0,0,1,2,0,1,,0,4,,,,,,,
4/20/2016,Christopher,Coghlan,OAK,0.31,,,,,,,,,5,4,1,1,0,1,0,0,1,0,0,0,1,1,0,0,0,0,1,2,0,0,,0,3,,,,,,,
4/21/2016,Christopher,Coghlan,OAK,0.65,,,,,,,,,4,4,1,1,0,0,0,1,2,0,0,0,0,0,0,0,0,0,1,2,1,0,,0,3,,,,,,,
4/30/2016,Christopher,Coghlan,OAK,-1.15,,,,,,,,,4,4,0,0,0,0,0,0,0,0,0,0,0,2,0,0,0,0,1,0,1,0,,0,4,,,,,,,
4/21/2016,Covelli,Crisp,OAK,2.17,,,,,,,,,4,3,2,2,1,0,0,1,1,0,0,0,1,1,1,0,0,0,0,1,1,0,,0,1,,,,,,,
4/23/2016,Covelli,Crisp,OAK,0.29,,,,,,,,,4,3,0,1,1,0,0,0,1,0,0,0,1,0,0,0,0,0,3,0,0,0,,0,2,,,,,,,
4/30/2016,Covelli,Crisp,OAK,-0.75,,,,,,,,,3,3,0,0,0,0,0,0,0,0,0,0,0,0,0,0,0,0,2,1,0,0,,0,3,,,,,,,
4/20/2016,Khristopher Adrian,Davis,OAK,0.27,,,,,,,,,4,4,0,2,2,0,0,0,2,0,0,0,0,2,0,0,0,0,2,0,0,0,,1,2,,,,,,,
4/30/2016,Khristopher,Davis,OAK,-1.07,,,,,,,,,4,4,0,0,0,0,0,0,0,0,0,0,0,1,0,0,0,0,1,2,0,0,,0,4,,,,,,,
4/30/2016,Jed,Lowrie,OAK,0.29,,,,,,,,,4,3,0,1,1,0,0,0,0,0,0,0,1,0,0,0,0,0,2,0,1,0,,0,2,,,,,,,
4/10/2016,Joshua Aaron,Phegley,OAK,-0.19,,,,,,,,,3,3,0,1,1,0,0,0,0,0,0,0,0,2,0,0,0,0,0,0,1,0,,0,2,,,,,,,
4/23/2016,Joshua,Phegley,OAK,-0.04,,,,,,,,,3,3,0,1,1,0,0,0,1,0,0,0,0,0,0,0,0,0,2,1,0,0,,0,2,,,,,,,
4/30/2016,Joshua,Phegley,OAK,0.88,,,,,,,,,3,2,1,1,0,1,0,0,0,0,0,0,1,0,0,0,0,0,1,0,1,0,,0,1,,,,,,,
4/4/2016,William,Reddick,OAK,-0.36,,,,,,,,,4,4,0,1,1,0,0,0,0,0,0,0,0,1,0,0,0,0,3,0,0,0,,0,3,,,,,,,
4/30/2016,William,Reddick,OAK,-1.15,,,,,,,,,4,4,0,0,0,0,0,0,0,0,0,0,0,2,0,0,0,0,1,1,0,0,,0,4,,,,,,,
4/20/2016,Marcus,Semien,OAK,-1.15,,,,,,,,,4,4,0,0,0,0,0,0,0,0,0,0,0,2,0,0,0,0,1,1,0,0,,0,4,,,,,,,
4/30/2016,Marcus,Semien,OAK,0.47,,,,,,,,,3,2,0,1,1,0,0,0,0,0,0,0,1,1,0,0,0,0,0,0,1,0,,0,1,,,,,,,
4/7/2016,Andres,Blanco,PHI,-0.74,,,,,,,,,5,4,0,0,0,0,0,0,0,0,0,1,0,1,0,0,0,0,1,2,0,0,,0,4,,,,,,,
4/8/2016,Andres,Blanco,PHI,-0.44,,,,,,,,,4,4,0,1,1,0,0,0,0,0,0,0,0,2,0,0,0,0,1,0,1,0,,0,3,,,,,,,
4/14/2016,Andres,Blanco,PHI,0.88,,,,,,,,,3,2,1,1,0,1,0,0,0,0,0,0,1,0,0,0,0,0,1,1,0,0,,0,1,,,,,,,
4/27/2016,Peter,Bourjos,PHI,-0.36,,,,,,,,,4,4,0,1,1,0,0,0,0,0,0,0,0,1,0,0,0,0,2,0,1,0,,0,3,,,,,,,
4/30/2016,Peter,Bourjos,PHI,0.15,,,,,,,,,3,1,0,0,0,0,0,0,0,1,0,0,1,1,0,0,0,0,0,0,0,0,,0,1,,,,,,,
4/24/2016,Emmanuel,Burriss,PHI,-0.17,,,,,,,,,3,2,0,0,0,0,0,0,0,0,0,1,0,0,0,0,0,0,2,0,0,0,,0,2,,,,,,,
4/27/2016,Maikel,Franco,PHI,0.22,,,,,,,,,4,3,0,1,1,0,0,0,0,0,0,0,1,1,0,0,0,0,0,2,0,0,,0,2,,,,,,,
4/30/2016,Maikel,Franco,PHI,-1.00,,,,,,,,,4,4,0,0,0,0,0,0,0,0,0,0,0,0,0,0,0,0,2,2,0,1,,0,4,,,,,,,
4/27/2016,Freddy,Galvis,PHI,-1.85,,,,,,,,,5,4,0,0,0,0,0,0,0,1,0,0,0,1,0,0,2,0,3,0,0,0,,0,4,,,,,,,
4/30/2016,Freddy,Galvis,PHI,1.29,,,,,,,,,4,4,1,2,1,0,0,1,3,0,0,0,0,1,0,0,0,0,1,2,0,0,,0,2,,,,,,,
4/27/2016,Jeremy,Hellickson,PHI,-0.43,,,,,,,,,3,2,0,0,0,0,0,0,0,1,0,0,0,1,0,0,0,0,1,0,0,0,,0,2,,,,,,,
4/27/2016,Cesar,Hernandez,PHI,0.29,,,,,,,,,4,3,1,1,1,0,0,0,0,0,0,0,1,0,0,0,0,0,1,1,1,0,,0,2,,,,,,,
4/30/2016,Cesar,Hernandez,PHI,-0.17,,,,,,,,,3,2,0,0,0,0,0,0,0,0,0,0,1,0,0,0,0,0,1,1,0,0,,0,2,,,,,,,
4/27/2016,David,Herrera,PHI,0.62,,,,,,,,,5,3,1,1,1,0,0,0,0,0,0,0,2,0,0,0,0,0,2,1,0,0,,0,2,,,,,,,
4/30/2016,David,Herrera,PHI,0.42,,,,,,,,,4,4,1,2,2,0,0,0,0,0,0,0,0,0,0,0,0,0,1,2,1,0,,0,2,,,,,,,
4/30/2016,Ryan,Howard,PHI,-1.22,,,,,,,,,4,4,0,0,0,0,0,0,0,0,0,0,0,3,0,0,0,0,1,0,0,0,,0,4,,,,,,,
4/29/2016,David,Lough,PHI,0.42,,,,,,,,,4,4,0,2,2,0,0,0,1,0,0,0,0,0,0,0,0,0,0,3,1,0,,0,2,,,,,,,
4/22/2016,Darin Cortland,Ruf,PHI,-0.36,,,,,,,,,4,4,0,1,1,0,0,0,1,0,0,0,0,1,0,0,0,0,3,0,0,0,,0,3,,,,,,,
4/23/2016,Darin,Ruf,PHI,0.54,,,,,,,,,3,2,1,1,1,0,0,0,0,0,0,0,1,0,0,0,0,0,0,1,1,0,,0,1,,,,,,,
4/27/2016,Darin,Ruf,PHI,0.09,,,,,,,,,4,3,0,1,1,0,0,0,1,0,1,0,0,1,0,0,0,0,1,2,0,1,,0,2,,,,,,,
4/30/2016,Darin,Ruf,PHI,0.63,,,,,,,,,4,3,1,1,0,1,0,0,0,0,0,0,1,0,0,0,0,0,2,0,1,0,,0,2,,,,,,,
4/4/2016,Carlos Joaquin,Ruiz,PHI,-0.29,,,,,,,,,4,4,1,1,1,0,0,0,0,0,0,0,0,0,0,0,0,0,0,3,1,0,,0,3,,,,,,,
4/27/2016,Carlos,Ruiz,PHI,1.23,,,,,,,,,4,3,1,1,0,0,0,1,1,0,0,0,1,0,0,0,0,0,1,2,0,0,,0,2,,,,,,,
4/30/2016,Cameron,Rupp,PHI,-1.07,,,,,,,,,4,4,0,0,0,0,0,0,0,0,0,0,0,1,0,0,0,0,1,2,0,1,,0,4,,,,,,,
4/30/2016,Francisco,Cervelli,PIT,0.75,,,,,,,,,5,4,0,2,2,0,0,0,1,0,0,0,1,0,0,0,0,0,1,1,2,0,,0,2,,,,,,,
4/30/2016,David,Freese,PIT,0.68,,,,,,,,,5,4,1,2,2,0,0,0,0,0,0,0,1,1,0,0,0,0,3,0,0,0,,0,2,,,,,,,
4/3/2016,Joshua Isaiah,Harrison,PIT,-0.23,,,,,,,,,4,2,0,0,0,0,0,0,1,1,1,0,0,1,0,0,0,0,1,1,0,0,,0,2,,,,,,,
4/30/2016,Joshua,Harrison,PIT,0.16,,,,,,,,,4,3,0,1,1,0,0,0,1,0,1,0,0,0,0,0,0,0,1,2,1,0,,0,2,,,,,,,
4/30/2016,John,Jaso,PIT,1.16,,,,,,,,,4,3,1,1,0,0,0,1,1,0,0,0,1,1,0,0,0,0,1,1,0,0,,0,2,,,,,,,
4/17/2016,Matthew,Joyce,PIT,1.39,,,,,,,,,5,4,1,3,3,0,0,0,0,0,0,0,1,1,0,0,0,0,1,1,1,0,,1,1,,,,,,,
4/30/2016,Francisco,Liriano,PIT,-0.11,,,,,,,,,3,3,0,1,1,0,0,0,0,0,0,0,0,1,0,0,0,0,0,1,1,0,,0,2,,,,,,,
4/20/2016,Starling Javier,Marte,PIT,-0.42,,,,,,,,,5,5,0,1,0,1,0,0,0,0,0,0,0,3,0,0,0,0,1,1,0,0,,0,4,,,,,,,
4/30/2016,Starling,Marte,PIT,-0.24,,,,,,,,,5,3,1,0,0,0,0,0,0,0,0,2,0,2,0,0,0,0,1,0,0,0,,0,3,,,,,,,
4/3/2016,Andrew,McCutchen,PIT,0.16,,,,,,,,,4,2,0,0,0,0,0,0,0,0,0,1,1,0,0,0,0,0,0,2,0,0,,0,2,,,,,,,
4/30/2016,Andrew,McCutchen,PIT,-0.74,,,,,,,,,5,4,0,0,0,0,0,0,0,0,0,0,1,1,0,0,0,0,1,2,0,0,,0,4,,,,,,,
4/30/2016,Jordy,Mercer,PIT,0.29,,,,,,,,,4,3,0,1,1,0,0,0,0,0,0,0,1,0,0,0,0,0,1,1,1,0,,0,2,,,,,,,
4/17/2016,Juan,Nicasio,PIT,-0.11,,,,,,,,,3,3,0,1,1,0,0,0,0,0,0,0,0,1,0,0,0,0,1,0,0,0,1,0,2,,,,,,,
4/3/2016,Gregory,Polanco,PIT,1.34,,,,,,,,,4,3,2,2,1,1,0,0,0,0,0,0,1,0,0,0,0,0,0,1,2,0,,0,1,,,,,,,
4/30/2016,Gregory,Polanco,PIT,-1.07,,,,,,,,,4,4,0,0,0,0,0,0,0,0,0,0,0,1,0,0,0,0,2,1,0,1,,0,4,,,,,,,
4/28/2016,Mallex,Smith,PIT,0.61,,,,,,,,,4,4,1,3,1,2,0,0,2,0,0,0,0,0,0,2,0,0,2,1,1,0,,0,1,,,,,,,
4/10/2016,Chris,Stewart,PIT,1.29,,,,,,,,,4,4,1,2,1,0,0,1,1,0,0,0,0,1,0,0,0,0,1,1,1,0,,0,2,,,,,,,
4/14/2016,Chris,Stewart,PIT,-1.00,,,,,,,,,4,4,0,0,0,0,0,0,0,0,0,0,0,0,0,0,0,0,2,2,0,1,,0,4,,,,,,,
4/20/2016,Chris,Stewart,PIT,0.29,,,,,,,,,4,3,0,1,1,0,0,0,0,0,0,0,1,0,0,0,0,0,0,2,1,0,,0,2,,,,,,,
4/10/2016,Christian Gabriel,Bethancourt,SD,-0.29,,,,,,,,,4,4,0,1,1,0,0,0,0,0,0,0,0,0,0,0,0,0,0,3,1,0,,0,3,,,,,,,
4/14/2016,Jabari Jerell,Blash,SD,-0.19,,,,,,,,,3,3,0,1,1,0,0,0,0,0,0,0,0,2,0,0,0,0,0,0,1,0,,0,2,,,,,,,
4/19/2016,Jonathan,Jay,SD,1.46,,,,,,,,,5,4,0,3,3,0,0,0,0,0,0,0,1,0,0,0,0,0,3,0,1,0,,1,1,,,,,,,
4/30/2016,Jonathan,Jay,SD,-0.27,,,,,,,,,5,5,1,1,0,1,0,0,0,0,0,0,0,1,0,0,0,0,3,0,1,0,,0,4,,,,,,,
4/20/2016,Matthew,Kemp,SD,0.90,,,,,,,,,4,4,1,2,1,0,0,1,1,0,0,0,0,0,0,0,1,0,1,2,1,0,,0,2,,,,,,,
4/30/2016,Matthew,Kemp,SD,0.23,,,,,,,,,5,4,1,1,0,1,0,0,1,0,0,0,1,2,0,0,0,0,0,1,1,0,,0,3,,,,,,,
4/20/2016,William Bradford,Myers,SD,-1.21,,,,,,,,,5,5,0,1,1,0,0,0,1,0,0,0,0,1,0,1,0,0,4,0,0,0,,1,4,,,,,,,
4/27/2016,William,Myers,SD,0.91,,,,,,,,,5,4,2,1,0,0,0,1,3,0,0,0,1,1,0,0,0,0,1,2,0,0,,0,3,,,,,,,
4/30/2016,William,Myers,SD,2.31,,,,,,,,,5,3,2,2,0,2,0,0,1,0,0,0,2,0,1,0,0,0,1,0,2,0,,0,1,,,,,,,
4/29/2016,Derek,Norris,SD,-1.15,,,,,,,,,4,4,0,0,0,0,0,0,0,0,0,0,0,2,0,0,0,0,0,1,1,0,,0,4,,,,,,,
4/30/2016,Derek,Norris,SD,0.35,,,,,,,,,4,4,0,2,2,0,0,0,0,0,0,0,0,1,0,0,0,0,1,1,1,0,,0,2,,,,,,,
4/4/2016,Alexei,Ramirez,SD,-1.15,,,,,,,,,4,4,0,0,0,0,0,0,0,0,0,0,0,2,0,0,0,0,1,1,0,1,,0,4,,,,,,,
4/5/2016,Alexei,Ramirez,SD,-0.75,,,,,,,,,3,3,0,0,0,0,0,0,0,0,0,0,0,0,0,0,0,0,2,1,0,0,,0,3,,,,,,,
4/9/2016,Alexei,Ramirez,SD,-0.61,,,,,,,,,5,5,1,1,1,0,0,0,0,0,0,0,0,1,0,0,0,0,4,0,0,0,,1,4,,,,,,,
4/30/2016,Alexei,Ramirez,SD,-0.24,,,,,,,,,5,5,0,1,1,0,0,0,1,0,0,0,0,0,1,0,0,0,3,1,1,0,,0,4,,,,,,,
4/30/2016,Colin,Rea,SD,-0.90,,,,,,,,,3,3,0,0,0,0,0,0,0,0,0,0,0,2,0,0,0,0,0,1,0,0,,0,3,,,,,,,
4/16/2016,Adam,Rosales,SD,-1.15,,,,,,,,,4,4,0,0,0,0,0,0,0,0,0,0,0,2,0,0,0,0,1,1,0,0,,0,4,,,,,,,
4/17/2016,Adam,Rosales,SD,-0.57,,,,,,,,,4,3,0,0,0,0,0,0,0,0,0,0,1,2,0,0,0,0,0,1,0,0,,0,3,,,,,,,
4/20/2016,Adam,Rosales,SD,0.29,,,,,,,,,4,3,2,1,1,0,0,0,1,0,0,0,1,0,0,0,0,0,2,1,0,0,,0,2,,,,,,,
4/30/2016,Adam,Rosales,SD,-1.29,,,,,,,,,4,4,0,0,0,0,0,0,0,0,0,0,0,4,0,0,0,0,0,0,0,0,,0,4,,,,,,,
4/19/2016,Melvin,Upton Jr.,SD,1.84,,,,,,,,,5,2,0,1,0,1,0,0,0,0,0,0,3,0,1,0,0,0,1,0,1,0,,0,1,,,,,,,
4/29/2016,Melvin,Upton Jr.,SD,-0.44,,,,,,,,,4,4,0,1,1,0,0,0,1,0,0,0,0,2,0,0,0,0,2,0,0,0,,0,3,,,,,,,
4/30/2016,Melvin,Upton Jr.,SD,0.23,,,,,,,,,5,4,1,1,0,1,0,0,2,0,0,0,1,2,0,0,0,0,1,1,0,0,,0,3,,,,,,,
4/20/2016,Jemile Nykiwa,Weeks,SD,0.22,,,,,,,,,4,3,0,1,1,0,0,0,1,0,0,1,0,1,0,0,0,0,2,0,0,0,,0,2,,,,,,,
4/21/2016,Jemile Nykiwa,Weeks,SD,-0.82,,,,,,,,,3,3,0,0,0,0,0,0,0,0,0,0,0,1,0,0,0,0,0,1,1,0,,0,3,,,,,,,
4/30/2016,Jemile,Weeks,SD,-0.29,,,,,,,,,4,4,0,1,1,0,0,0,0,0,0,0,0,0,0,0,0,0,3,0,1,0,,0,3,,,,,,,
4/29/2016,Nori,Aoki,SEA,-0.44,,,,,,,,,4,2,0,0,0,0,0,0,0,0,0,0,2,0,0,1,0,0,1,1,0,1,,0,2,,,,,,,
4/30/2016,Nori,Aoki,SEA,0.16,,,,,,,,,5,3,1,1,1,0,0,0,0,0,0,0,2,0,0,0,1,0,2,1,0,0,,0,2,,,,,,,
4/4/2016,Robinson,Cano,SEA,0.58,,,,,,,,,4,4,1,1,0,0,0,1,1,0,0,0,0,1,0,0,0,0,1,0,2,0,,0,3,,,,,,,
4/22/2016,Robinson,Cano,SEA,0.04,,,,,,,,,5,4,1,1,1,0,0,0,0,0,0,0,1,0,0,0,0,0,0,2,2,1,,0,3,,,,,,,
4/30/2016,Robinson,Cano,SEA,-0.82,,,,,,,,,5,4,0,0,0,0,0,0,0,0,0,0,1,2,0,0,0,0,1,1,0,0,,0,4,,,,,,,
4/4/2016,Nelson,Cruz,SEA,-0.49,,,,,,,,,4,3,0,0,0,0,0,0,0,0,0,0,1,1,0,0,0,0,2,0,0,0,,0,3,,,,,,,
4/20/2016,Nelson,Cruz,SEA,0.14,,,,,,,,,4,3,0,1,1,0,0,0,0,0,0,0,1,2,0,0,0,0,0,0,1,0,,0,2,,,,,,,
4/30/2016,Nelson,Cruz,SEA,1.32,,,,,,,,,4,0,1,0,0,0,0,0,1,0,0,2,2,0,0,0,0,0,0,0,0,0,,0,0,,,,,,,
4/4/2016,Prince,Fielder,SEA,-0.44,,,,,,,,,4,4,0,1,1,0,0,0,1,0,0,0,0,2,0,0,0,0,0,1,0,0,,0,3,,,,,,,
4/30/2016,Christopher,Iannetta,SEA,-0.36,,,,,,,,,4,4,0,1,1,0,0,0,0,0,0,0,0,1,0,0,0,0,0,2,1,1,,0,3,,,,,,,
4/14/2016,Adam,Jones,SEA,-1.15,,,,,,,,,4,4,0,0,0,0,0,0,0,0,0,0,0,2,0,0,0,0,2,0,0,0,,0,4,,,,,,,
4/20/2016,Adam,Jones,SEA,-0.88,,,,,,,,,4,3,1,0,0,0,0,0,0,0,0,0,1,0,0,0,1,0,3,0,0,0,,0,3,,,,,,,
4/22/2016,Adam,Jones,SEA,-0.29,,,,,,,,,4,4,0,1,1,0,0,0,0,0,0,0,0,0,0,0,0,0,1,1,1,1,,0,3,,,,,,,
4/24/2016,Adam,Lind,SEA,-1.15,,,,,,,,,4,4,0,0,0,0,0,0,0,0,0,0,0,2,0,0,0,0,1,1,0,0,,0,4,,,,,,,
4/25/2016,Adam,Lind,SEA,-1.07,,,,,,,,,4,4,0,0,0,0,0,0,0,0,0,0,0,1,0,0,0,0,1,2,0,0,,0,4,,,,,,,
4/29/2016,Adam,Lind,SEA,-0.82,,,,,,,,,3,3,0,0,0,0,0,0,0,0,0,0,0,1,0,0,0,0,2,0,0,0,,0,3,,,,,,,
4/30/2016,Adam,Lind,SEA,-0.88,,,,,,,,,4,3,1,0,0,0,0,0,0,0,0,0,1,0,0,0,1,0,1,1,1,0,,0,3,,,,,,,
4/22/2016,Ketel Ricardo,Marte,SEA,0.72,,,,,,,,,4,4,1,2,2,0,0,0,0,0,0,0,0,0,1,0,0,0,2,0,2,0,,0,2,,,,,,,
4/30/2016,Ketel,Marte,SEA,-0.57,,,,,,,,,4,3,0,1,1,0,0,0,0,1,0,0,0,1,0,1,0,0,2,0,0,0,,0,2,,,,,,,
4/30/2016,Leonys,Martin,SEA,-0.49,,,,,,,,,4,3,0,0,0,0,0,0,1,0,0,0,1,1,0,0,0,0,1,1,0,0,,0,3,,,,,,,
4/20/2016,Kyle Duerr,Seager,SEA,-1.07,,,,,,,,,4,4,0,0,0,0,0,0,0,0,0,0,0,1,0,0,0,0,1,2,0,0,,0,4,,,,,,,
4/22/2016,Kyle Duerr,Seager,SEA,-0.74,,,,,,,,,5,4,0,0,0,0,0,0,0,0,0,0,1,1,0,0,0,0,0,2,0,1,,0,4,,,,,,,
4/30/2016,Kyle,Seager,SEA,1.94,,,,,,,,,4,3,2,2,1,0,0,1,3,0,0,0,1,0,0,0,0,0,1,1,1,0,,0,1,,,,,,,
4/30/2016,Garry,Smith,SEA,1.04,,,,,,,,,5,5,1,2,1,0,0,1,1,0,0,0,0,1,0,0,0,0,2,2,0,1,,1,3,,,,,,,
4/30/2016,Brandon,Belt,SF,0.74,,,,,,,,,4,1,0,0,0,0,0,0,1,0,0,0,3,0,0,0,0,0,0,1,0,0,,0,1,,,,,,,
4/15/2016,Gregor,Blanco,SF,-0.82,,,,,,,,,3,3,0,0,0,0,0,0,0,0,0,0,0,1,0,0,0,0,1,0,0,0,,0,3,,,,,,,
4/20/2016,Gregor,Blanco,SF,0.98,,,,,,,,,4,4,1,2,1,0,1,0,0,0,0,0,0,0,0,0,0,0,2,1,1,0,,0,2,,,,,,,
4/8/2016,Trevor Michael,Brown,SF,0.75,,,,,,,,,3,3,1,1,0,0,0,1,2,0,0,0,0,2,0,0,0,0,0,1,0,0,,0,2,,,,,,,
4/13/2016,Trevor Michael,Brown,SF,0.76,,,,,,,,,4,4,2,2,1,1,0,0,1,0,0,0,0,0,0,0,0,0,0,1,3,1,,0,2,,,,,,,
4/19/2016,Trevor Michael,Brown,SF,0.29,,,,,,,,,4,3,0,1,1,0,0,0,0,0,0,0,1,0,0,0,0,0,1,1,1,0,,0,2,,,,,,,
4/30/2016,Brandon,Crawford,SF,-0.70,,,,,,,,,4,3,0,0,0,0,0,0,1,0,1,0,0,2,0,0,0,0,0,1,1,1,,0,3,,,,,,,
4/4/2016,Matt Michael,Duffy,SF,1.04,,,,,,,,,5,5,1,2,1,0,0,1,4,0,0,0,0,1,0,0,0,0,2,1,1,0,,0,3,,,,,,,
4/20/2016,Matt Michael,Duffy,SF,1.10,,,,,,,,,4,4,0,2,0,2,0,0,0,0,0,0,0,0,0,0,0,0,1,3,0,0,,0,2,,,,,,,
4/30/2016,Matt,Duffy,SF,-0.67,,,,,,,,,5,4,2,0,0,0,0,0,0,0,0,0,1,0,0,0,0,0,3,1,0,0,,0,4,,,,,,,
4/4/2016,Angel,Pagan,SF,0.61,,,,,,,,,5,4,1,1,0,1,0,0,0,0,0,0,1,1,1,0,0,0,0,3,0,0,,0,3,,,,,,,
4/30/2016,Angel,Pagan,SF,-1.15,,,,,,,,,5,5,1,1,1,0,0,0,0,0,0,0,0,2,0,0,1,0,3,0,0,0,,1,4,,,,,,,
4/17/2016,Joe Matthew,Panik,SF,1.23,,,,,,,,,4,3,1,1,0,0,0,1,1,0,0,0,1,0,0,0,0,0,1,2,0,0,,0,2,,,,,,,
4/30/2016,Hunter,Pence,SF,0.74,,,,,,,,,4,2,0,1,1,0,0,0,3,0,1,0,1,0,0,0,0,0,1,1,1,0,,0,1,,,,,,,
4/30/2016,Buster,Posey,SF,0.29,,,,,,,,,4,3,2,1,1,0,0,0,0,0,0,0,1,0,0,0,0,0,1,1,1,0,,0,2,,,,,,,
4/30/2016,Denard,Span,SF,0.04,,,,,,,,,5,4,0,1,1,0,0,0,0,0,0,0,1,0,0,0,0,0,2,1,1,0,,0,3,,,,,,,
4/9/2016,Kelby Aaron,Tomlinson,SF,-0.82,,,,,,,,,3,3,0,0,0,0,0,0,0,0,0,0,0,1,0,0,0,0,0,2,0,0,,0,3,,,,,,,
4/14/2016,Kelby Aaron,Tomlinson,SF,-0.29,,,,,,,,,4,4,0,1,1,0,0,0,0,0,0,0,0,0,0,0,0,0,2,1,1,0,,0,3,,,,,,,
4/18/2016,Kelby Aaron,Tomlinson,SF,-1.07,,,,,,,,,4,4,0,0,0,0,0,0,0,0,0,0,0,1,0,0,0,0,1,1,1,0,,0,4,,,,,,,
4/30/2016,Kelby,Tomlinson,SF,-0.44,,,,,,,,,4,4,0,1,1,0,0,0,0,0,0,0,0,2,0,0,0,0,1,0,1,0,,0,3,,,,,,,
4/30/2016,Matthew,Adams,STL,0.22,,,,,,,,,4,3,0,1,1,0,0,0,0,0,0,0,1,1,0,0,0,0,0,1,1,0,,0,2,,,,,,,
4/3/2016,Matt Martin,Carpenter,STL,-0.42,,,,,,,,,5,4,0,1,1,0,0,0,1,0,0,0,1,0,0,0,1,0,2,1,1,0,,0,3,,,,,,,
4/23/2016,Matt,Carpenter,STL,-0.04,,,,,,,,,3,3,1,1,1,0,0,0,1,0,0,0,0,0,0,0,0,0,0,2,1,0,,0,2,,,,,,,
4/30/2016,Matt,Carpenter,STL,-0.55,,,,,,,,,4,3,0,0,0,0,0,0,1,0,1,0,0,0,0,0,0,0,2,0,2,0,,0,3,,,,,,,
4/23/2016,Aledmys,Diaz,STL,2.98,,,,,,,,,5,5,1,5,3,2,0,0,2,0,0,0,0,0,0,0,0,0,3,0,2,0,,1,0,,,,,,,
4/23/2016,Randal,Grichuk,STL,-0.61,,,,,,,,,5,5,1,1,1,0,0,0,1,0,0,0,0,1,0,0,0,0,2,1,1,0,,0,4,,,,,,,
4/23/2016,Jedd,Gyorko,STL,1.82,,,,,,,,,5,5,1,3,2,0,0,1,3,0,0,0,0,0,0,0,0,0,1,1,3,0,,0,2,,,,,,,
4/24/2016,Jedd,Gyorko,STL,2.38,,,,,,,,,5,5,2,3,1,0,1,1,1,0,0,0,0,0,0,0,0,0,1,3,1,0,,0,2,,,,,,,
4/24/2016,Jeremy,Hazelbaker,STL,-1.40,,,,,,,,,5,5,0,0,0,0,0,0,0,0,0,0,0,2,0,0,0,0,2,0,1,0,,0,5,,,,,,,
4/30/2016,Jeremy,Hazelbaker,STL,0.16,,,,,,,,,5,4,0,1,0,1,0,0,0,0,0,0,1,3,0,0,0,0,1,0,0,0,,0,3,,,,,,,
4/14/2016,Matthew,Holliday,STL,-0.49,,,,,,,,,4,3,0,0,0,0,0,0,0,0,0,0,1,1,0,0,0,0,1,1,0,1,,0,3,,,,,,,
4/30/2016,Matthew,Holliday,STL,-1.00,,,,,,,,,4,4,0,0,0,0,0,0,0,0,0,0,0,0,0,0,0,0,2,2,0,0,,0,4,,,,,,,
4/3/2016,Yadier,Molina,STL,0.93,,,,,,,,,4,3,1,2,2,0,0,0,0,0,0,0,1,1,0,0,0,0,1,0,1,0,,0,1,,,,,,,
4/23/2016,Yadier,Molina,STL,0.87,,,,,,,,,4,2,2,1,1,0,0,0,0,0,0,0,2,0,0,0,0,0,1,0,1,0,,0,1,,,,,,,
4/30/2016,Yadier,Molina,STL,0.30,,,,,,,,,4,4,0,2,1,1,0,0,0,0,0,0,0,0,0,0,1,0,1,1,2,0,,0,2,,,,,,,
4/23/2016,Brandon,Moss,STL,-0.49,,,,,,,,,5,4,2,1,1,0,0,0,0,0,0,0,1,1,0,0,1,0,1,1,1,0,,0,3,,,,,,,
4/30/2016,Brandon,Moss,STL,-0.36,,,,,,,,,4,4,0,1,1,0,0,0,0,0,0,0,0,1,0,0,0,0,1,1,1,0,,0,3,,,,,,,
4/23/2016,Stephen,Piscotty,STL,1.56,,,,,,,,,5,5,2,3,1,1,0,1,1,0,0,0,0,0,0,1,0,0,2,2,1,0,,0,2,,,,,,,
4/30/2016,Ruben,Tejada,STL,-0.11,,,,,,,,,3,3,1,1,1,0,0,0,0,0,0,0,0,1,0,0,0,0,0,1,1,0,,0,2,,,,,,,
4/6/2016,Timothy Lamar,Beckham,TB,-0.36,,,,,,,,,4,4,0,1,1,0,0,0,1,0,0,0,0,1,0,0,0,0,0,2,1,0,,0,3,,,,,,,
4/15/2016,Timothy Lamar,Beckham,TB,-0.82,,,,,,,,,3,3,0,0,0,0,0,0,0,0,0,0,0,1,0,0,0,0,0,1,1,0,,0,3,,,,,,,
4/30/2016,Timothy,Beckham,TB,0.15,,,,,,,,,3,3,0,1,0,1,0,0,0,0,0,0,0,2,0,0,0,0,0,0,1,0,,0,2,,,,,,,
4/30/2016,Curtis,Casali,TB,-0.44,,,,,,,,,4,4,0,1,1,0,0,0,1,0,0,0,0,2,0,0,0,0,0,1,1,1,,0,3,,,,,,,
4/20/2016,Logan Logan,Forsythe,TB,0.12,,,,,,,,,4,4,1,1,0,0,1,0,0,0,0,0,0,2,0,0,0,0,0,2,0,0,,0,3,,,,,,,
4/30/2016,Logan,Forsythe,TB,2.65,,,,,,,,,4,3,1,3,2,0,0,1,2,0,0,0,1,0,0,0,0,0,1,1,1,0,,0,0,,,,,,,
4/6/2016,Brandon,Guyer,TB,0.47,,,,,,,,,3,2,0,1,1,0,0,0,0,0,0,1,0,1,0,0,0,0,0,0,1,0,,0,1,,,,,,,
4/29/2016,Brandon,Guyer,TB,0.76,,,,,,,,,4,4,0,2,1,1,0,0,0,0,0,0,0,0,0,0,0,0,4,0,0,0,,0,2,,,,,,,
4/30/2016,Brandon,Guyer,TB,-0.88,,,,,,,,,4,3,0,0,0,0,0,0,0,0,0,1,0,0,0,0,1,0,1,0,2,0,,0,3,,,,,,,
4/20/2016,Desmond,Jennings,TB,-0.49,,,,,,,,,4,3,0,0,0,0,0,0,0,0,0,0,1,1,0,0,0,0,1,1,0,0,,0,3,,,,,,,
4/22/2016,Desmond,Jennings,TB,-0.06,,,,,,,,,4,4,0,1,1,0,0,0,0,0,0,0,0,1,1,0,0,0,1,1,1,0,,1,3,,,,,,,
4/23/2016,Desmond,Jennings,TB,-0.95,,,,,,,,,4,3,0,0,0,0,0,0,0,0,0,0,1,1,0,0,1,0,1,1,0,0,,0,3,,,,,,,
4/30/2016,Desmond,Jennings,TB,-1.00,,,,,,,,,4,4,0,0,0,0,0,0,0,0,0,0,0,0,0,0,0,0,3,1,0,0,,0,4,,,,,,,
4/30/2016,Kevin,Kiermaier,TB,0.93,,,,,,,,,4,3,1,1,0,1,0,0,0,0,0,0,1,0,1,0,0,0,0,3,0,1,,0,2,,,,,,,
4/3/2016,Evan,Longoria,TB,0.69,,,,,,,,,4,4,0,2,1,1,0,0,1,0,0,0,0,1,0,0,0,0,1,1,1,0,,0,2,,,,,,,
4/30/2016,Evan,Longoria,TB,0.65,,,,,,,,,4,4,1,1,0,0,0,1,1,0,0,0,0,0,0,0,0,0,2,1,1,0,,0,3,,,,,,,
4/8/2016,Logan,Morrison,TB,-0.82,,,,,,,,,4,4,0,1,1,0,0,0,0,0,0,0,0,1,0,0,1,0,2,0,1,0,,0,3,,,,,,,
4/13/2016,Logan,Morrison,TB,-0.44,,,,,,,,,4,4,0,1,1,0,0,0,0,0,0,0,0,2,0,0,0,0,2,0,0,0,,0,3,,,,,,,
4/14/2016,Logan,Morrison,TB,-1.22,,,,,,,,,4,4,0,0,0,0,0,0,0,0,0,0,0,3,0,0,0,0,0,1,0,0,,0,4,,,,,,,
4/20/2016,Logan,Morrison,TB,-0.57,,,,,,,,,4,3,0,0,0,0,0,0,0,0,0,0,1,2,0,0,0,0,0,1,0,0,,0,3,,,,,,,
4/23/2016,Logan,Morrison,TB,-0.02,,,,,,,,,4,4,1,1,0,1,0,0,0,0,0,0,0,1,0,0,0,0,1,0,2,0,,0,3,,,,,,,
4/30/2016,Steven,Pearce,TB,-0.49,,,,,,,,,4,3,0,0,0,0,0,0,0,0,0,0,1,1,0,0,0,0,2,0,0,0,,0,3,,,,,,,
4/30/2016,Steven,Souza,TB,-0.17,,,,,,,,,4,4,0,1,0,1,0,0,0,0,0,0,0,3,0,0,0,0,0,0,1,0,,0,3,,,,,,,
4/21/2016,Hanser J.,Alberto,TEX,0.28,,,,,,,,,3,2,0,1,1,0,0,0,0,1,0,0,0,1,0,0,0,0,1,0,0,0,,1,1,,,,,,,
4/19/2016,Elvis Augusto,Andrus,TEX,1.16,,,,,,,,,4,3,1,2,1,1,0,0,1,1,0,0,0,0,0,0,0,0,0,2,1,0,,0,1,,,,,,,
4/20/2016,Elvis Augusto,Andrus,TEX,-0.02,,,,,,,,,4,4,0,1,0,1,0,0,0,0,0,0,0,1,0,0,0,0,2,0,1,0,,0,3,,,,,,,
4/21/2016,Elvis Augusto,Andrus,TEX,0.12,,,,,,,,,4,4,0,1,0,0,1,0,1,0,0,0,0,2,0,0,0,0,0,1,1,0,,0,3,,,,,,,
4/30/2016,Elvis,Andrus,TEX,0.05,,,,,,,,,4,4,0,1,0,1,0,0,0,0,0,0,0,0,0,0,0,0,1,1,2,0,,0,3,,,,,,,
4/8/2016,Nori,Aoki,TEX,-0.29,,,,,,,,,4,4,0,1,1,0,0,0,0,0,0,0,0,0,0,0,0,0,2,0,2,0,,0,3,,,,,,,
4/15/2016,Nori,Aoki,TEX,-0.67,,,,,,,,,5,4,1,0,0,0,0,0,0,0,0,0,1,0,0,0,0,0,2,1,1,0,,0,4,,,,,,,
4/30/2016,Adrian,Beltre,TEX,0.29,,,,,,,,,4,3,1,1,1,0,0,0,1,0,0,0,1,0,0,0,0,0,1,1,1,0,,0,2,,,,,,,
4/30/2016,Delino,DeShields,TEX,-0.36,,,,,,,,,4,4,1,1,1,0,0,0,0,0,0,0,0,1,0,0,0,0,1,2,0,1,,0,3,,,,,,,
4/4/2016,Ian,Desmond,TEX,-1.15,,,,,,,,,4,4,0,0,0,0,0,0,0,0,0,0,0,2,0,0,0,0,2,0,0,0,,0,4,,,,,,,
4/30/2016,Ian,Desmond,TEX,-0.36,,,,,,,,,4,4,1,1,1,0,0,0,1,0,0,0,0,1,0,0,0,0,2,1,0,0,,0,3,,,,,,,
4/30/2016,Prince,Fielder,TEX,0.69,,,,,,,,,4,4,1,2,1,1,0,0,1,0,0,0,0,1,0,0,0,0,0,1,2,0,,0,2,,,,,,,
4/29/2016,John,Holaday,TEX,-0.75,,,,,,,,,3,3,0,0,0,0,0,0,0,0,0,0,0,0,0,0,0,0,1,2,0,1,,0,3,,,,,,,
4/30/2016,Nomar,Mazara,TEX,-0.24,,,,,,,,,5,4,0,1,1,0,0,0,1,0,1,0,0,2,0,0,0,0,1,2,0,0,,0,3,,,,,,,
4/30/2016,Mitchell,Moreland,TEX,0.58,,,,,,,,,4,4,1,1,0,0,0,1,3,0,0,0,0,1,0,0,0,0,1,2,0,0,,0,3,,,,,,,
4/30/2016,Brett,Nicholas,TEX,-0.29,,,,,,,,,4,4,0,1,1,0,0,0,0,0,0,0,0,0,0,0,0,0,2,2,0,0,,1,3,,,,,,,
4/30/2016,Rougned,Odor,TEX,1.83,,,,,,,,,5,5,2,3,0,3,0,0,0,0,0,0,0,1,0,0,0,0,0,1,3,0,,0,2,,,,,,,
4/6/2016,Ryan,Rua,TEX,-1.15,,,,,,,,,4,4,0,0,0,0,0,0,1,0,0,0,0,2,0,0,0,0,2,0,0,0,,0,4,,,,,,,
4/9/2016,Ryan,Rua,TEX,-0.10,,,,,,,,,4,4,0,1,0,1,0,0,0,0,0,0,0,2,0,0,0,0,1,0,1,0,,0,3,,,,,,,
4/11/2016,Ryan,Rua,TEX,1.13,,,,,,,,,4,4,1,3,3,0,0,0,0,0,0,0,0,0,0,0,0,0,4,0,0,0,,0,1,,,,,,,
4/12/2016,Ryan,Rua,TEX,0.35,,,,,,,,,4,4,1,2,2,0,0,0,0,0,0,0,0,1,0,0,0,0,0,0,3,0,,0,2,,,,,,,
4/21/2016,Ryan,Rua,TEX,0.27,,,,,,,,,4,4,1,2,2,0,0,0,0,0,0,0,0,2,0,0,0,0,1,0,1,0,,0,2,,,,,,,
4/6/2016,Justin,Ruggiano,TEX,-0.02,,,,,,,,,4,4,0,1,0,1,0,0,1,0,0,0,0,1,0,0,0,0,1,1,1,1,,0,3,,,,,,,
4/20/2016,Garry,Smith,TEX,-0.75,,,,,,,,,3,3,0,0,0,0,0,0,0,0,0,0,0,0,0,0,0,0,2,1,0,0,,0,3,,,,,,,
4/24/2016,Darwin,Barney,TOR,0.35,,,,,,,,,4,4,0,2,2,0,0,0,1,0,0,0,0,1,0,0,0,0,0,1,2,0,,0,2,,,,,,,
4/25/2016,Darwin,Barney,TOR,-1.15,,,,,,,,,4,4,0,0,0,0,0,0,0,0,0,0,0,2,0,0,0,0,0,2,0,0,,0,4,,,,,,,
4/3/2016,Jose,Bautista,TOR,0.09,,,,,,,,,4,2,1,0,0,0,0,0,0,0,0,0,2,1,0,0,0,0,1,0,0,0,,0,2,,,,,,,
4/30/2016,Jose,Bautista,TOR,0.65,,,,,,,,,4,4,1,1,0,0,0,1,2,0,0,0,0,0,0,0,0,0,1,2,1,0,,0,3,,,,,,,
4/6/2016,Ezequiel,Carrera,TOR,-0.29,,,,,,,,,4,4,1,1,1,0,0,0,0,0,0,0,0,0,0,0,0,0,3,1,0,0,,1,3,,,,,,,
4/27/2016,Matthew,Dominguez,TOR,-0.42,,,,,,,,,4,3,0,0,0,0,0,0,0,0,0,0,1,0,0,0,0,0,0,2,1,1,,0,3,,,,,,,
4/3/2016,Joshua,Donaldson,TOR,-0.76,,,,,,,,,5,5,1,1,1,0,0,0,0,0,0,0,0,3,0,0,0,0,1,0,1,0,,0,4,,,,,,,
4/30/2016,Joshua,Donaldson,TOR,0.09,,,,,,,,,4,2,1,0,0,0,0,0,0,0,0,0,2,1,0,0,0,0,0,1,0,1,,0,2,,,,,,,
4/3/2016,Edwin,Encarnacion,TOR,0.27,,,,,,,,,4,4,1,2,2,0,0,0,2,0,0,0,0,2,0,0,0,0,0,0,2,0,,0,2,,,,,,,
4/30/2016,Edwin,Encarnacion,TOR,-1.00,,,,,,,,,4,4,0,0,0,0,0,0,0,0,0,0,0,0,0,0,0,0,1,2,1,0,,0,4,,,,,,,
4/19/2016,Ryan,Goins,TOR,-0.29,,,,,,,,,4,4,0,1,1,0,0,0,1,0,0,0,0,0,0,0,0,0,4,0,0,0,,0,3,,,,,,,
4/30/2016,Ryan,Goins,TOR,-0.49,,,,,,,,,4,3,0,0,0,0,0,0,0,0,0,0,1,1,0,0,0,0,2,0,0,0,,0,3,,,,,,,
4/30/2016,Kevin,Pillar,TOR,2.28,,,,,,,,,4,3,1,2,0,1,0,1,1,0,0,0,1,0,0,0,0,0,2,1,0,0,,0,1,,,,,,,
4/30/2016,Michael,Saunders,TOR,-0.57,,,,,,,,,4,3,0,0,0,0,0,0,0,0,0,0,1,2,0,0,0,0,1,0,0,0,,0,3,,,,,,,
4/30/2016,Justin,Smoak,TOR,-1.00,,,,,,,,,4,4,0,0,0,0,0,0,0,0,0,0,0,0,0,0,0,0,0,3,1,1,,0,4,,,,,,,
4/30/2016,Joshua,Thole,TOR,-0.24,,,,,,,,,3,2,0,0,0,0,0,0,0,0,0,0,1,1,0,0,0,0,1,0,0,0,,0,2,,,,,,,
4/30/2016,Troy,Tulowitzki,TOR,-1.07,,,,,,,,,4,4,0,0,0,0,0,0,0,0,0,0,0,1,0,0,0,0,0,3,0,0,,0,4,,,,,,,
4/14/2016,Matthew,den Dekker,WAS,-0.24,,,,,,,,,3,2,0,0,0,0,0,0,0,0,0,0,1,1,0,0,0,0,1,0,0,0,,0,2,,,,,,,
4/21/2016,Matthew,den Dekker,WAS,-1.15,,,,,,,,,4,4,0,0,0,0,0,0,0,0,0,0,0,2,0,0,0,0,0,2,0,1,,0,4,,,,,,,
4/28/2016,Matthew,den Dekker,WAS,0.59,,,,,,,,,4,3,0,1,1,0,0,0,0,0,0,0,1,0,1,0,0,0,1,1,1,0,,0,2,,,,,,,
4/13/2016,Stephen,Drew,WAS,0.83,,,,,,,,,3,3,1,1,0,0,0,1,1,0,0,0,0,1,0,0,0,0,1,1,0,0,,0,2,,,,,,,
4/17/2016,Stephen,Drew,WAS,-0.57,,,,,,,,,4,3,1,0,0,0,0,0,0,0,0,0,1,2,0,0,0,0,1,0,0,0,,0,3,,,,,,,
4/23/2016,Stephen,Drew,WAS,-1.15,,,,,,,,,4,4,0,0,0,0,0,0,0,0,0,0,0,2,0,0,0,0,0,2,0,1,,0,4,,,,,,,
4/24/2016,Stephen,Drew,WAS,-1.07,,,,,,,,,4,4,0,0,0,0,0,0,0,0,0,0,0,1,0,0,0,0,2,0,1,0,,0,4,,,,,,,
4/27/2016,Daniel,Espinosa,WAS,0.54,,,,,,,,,3,2,0,1,1,0,0,0,0,0,0,0,1,0,0,0,0,0,0,1,0,0,1,0,1,,,,,,,
4/30/2016,Daniel,Espinosa,WAS,-0.49,,,,,,,,,4,3,0,0,0,0,0,0,0,0,0,1,0,1,0,0,0,0,1,1,0,0,,0,3,,,,,,,
4/27/2016,Bryce,Harper,WAS,0.39,,,,,,,,,4,2,0,0,0,0,0,0,0,0,0,0,2,1,1,0,0,0,0,1,0,0,,0,2,,,,,,,
4/30/2016,Bryce,Harper,WAS,-1.20,,,,,,,,,5,4,1,0,0,0,0,0,0,0,0,0,1,1,0,0,1,0,2,1,0,0,,0,4,,,,,,,
4/14/2016,Chris,Heisey,WAS,-0.44,,,,,,,,,4,4,1,1,1,0,0,0,0,0,0,0,0,2,0,0,0,0,1,0,1,0,,0,3,,,,,,,
4/12/2016,Jose,Lobaton,WAS,-0.11,,,,,,,,,3,3,0,1,1,0,0,0,0,0,0,0,0,1,0,0,0,0,2,0,0,0,,0,2,,,,,,,
4/17/2016,Jose,Lobaton,WAS,-0.42,,,,,,,,,4,3,0,0,0,0,0,0,0,0,0,0,1,0,0,0,0,0,2,1,0,0,,0,3,,,,,,,
4/30/2016,Jose,Lobaton,WAS,-0.49,,,,,,,,,4,3,0,0,0,0,0,0,0,0,0,0,1,1,0,0,0,0,2,0,0,0,,0,3,,,,,,,
4/27/2016,Daniel,Murphy,WAS,0.23,,,,,,,,,3,3,0,1,0,1,0,0,0,0,0,0,0,1,0,0,0,0,0,2,0,0,,0,2,,,,,,,
4/30/2016,Daniel,Murphy,WAS,0.35,,,,,,,,,4,4,1,2,2,0,0,0,1,0,0,0,0,1,0,0,0,0,0,1,2,0,,0,2,,,,,,,
4/27/2016,Anthony,Rendon,WAS,-1.00,,,,,,,,,4,4,0,0,0,0,0,0,0,0,0,0,0,0,0,0,0,0,2,1,1,0,,0,4,,,,,,,
4/30/2016,Anthony,Rendon,WAS,0.75,,,,,,,,,5,4,1,2,2,0,0,0,0,0,0,0,1,0,0,0,0,0,1,1,2,0,,0,2,,,,,,,
4/10/2016,Clinton,Robinson,WAS,-0.36,,,,,,,,,4,4,0,1,1,0,0,0,2,0,0,0,0,1,0,0,0,0,2,0,1,0,,0,3,,,,,,,
4/30/2016,Joe,Ross,WAS,-0.17,,,,,,,,,3,2,0,0,0,0,0,0,0,0,0,0,1,0,0,0,0,0,2,0,0,0,,0,2,,,,,,,
4/28/2016,Pedro,Severino,WAS,-0.24,,,,,,,,,3,2,0,0,0,0,0,0,0,0,0,0,1,1,0,0,0,0,0,1,0,1,,0,2,,,,,,,
4/29/2016,Stephen,Strasburg,WAS,-0.75,,,,,,,,,3,3,0,0,0,0,0,0,0,0,0,0,0,0,0,0,0,0,3,0,0,0,,0,3,,,,,,,
4/30/2016,Michael,Taylor,WAS,-1.86,,,,,,,,,5,5,0,0,0,0,0,0,0,0,0,0,0,2,0,0,1,0,2,0,1,0,,0,5,,,,,,,
4/27/2016,Jayson,Werth,WAS,-0.90,,,,,,,,,3,3,0,0,0,0,0,0,0,0,0,0,0,2,0,0,0,0,0,1,0,0,,0,3,,,,,,,
4/30/2016,Jayson,Werth,WAS,1.81,,,,,,,,,4,3,1,2,1,0,0,1,4,0,1,0,0,0,0,0,0,0,1,2,1,0,,0,1,,,,,,,
4/27/2016,Ryan,Zimmerman,WAS,-1.22,,,,,,,,,4,4,0,0,0,0,0,0,0,0,0,0,0,3,0,0,0,0,0,1,0,0,,0,4,,,,,,,
4/30/2016,Ryan,Zimmerman,WAS,0.09,,,,,,,,,4,2,2,0,0,0,0,0,0,0,0,1,1,1,0,0,0,0,1,0,0,0,,0,2,,,,,,,
