GameDate,FirstName,LastName,Team,LW,,,,,,,,,PA,AB,R,H,1B,2B,3B,HR,RBI,SAC,SF,HBP,BB,K,SB,CS,GIDP,HFC,GB,FB,LD,POPU,BH,IFH,OUTS,,,,,,,,
4/10/2016,Nick Mark,Ahmed,ARI,-0.25,,,,,,,,,1,1,0,0,0,0,0,0,0,0,0,0,0,0,0,0,0,0,1,0,0,0,,0,1,,,,,,,,
4/16/2016,Matthew,Buschmann,ARI,-0.25,,,,,,,,,1,1,0,0,0,0,0,0,0,0,0,0,0,0,0,0,0,0,1,0,0,0,,0,1,,,,,,,,
4/24/2016,Patrick,Corbin,ARI,-0.32,,,,,,,,,1,1,0,0,0,0,0,0,0,0,0,0,0,1,0,0,0,0,0,0,0,0,,0,1,,,,,,,,
4/4/2016,Brandon,Drury,ARI,-0.25,,,,,,,,,1,1,0,0,0,0,0,0,0,0,0,0,0,0,0,0,0,0,1,0,0,0,,0,1,,,,,,,,
4/5/2016,Brandon,Drury,ARI,-0.32,,,,,,,,,1,1,0,0,0,0,0,0,0,0,0,0,0,1,0,0,0,0,0,0,0,0,,0,1,,,,,,,,
4/7/2016,Brandon,Drury,ARI,-0.32,,,,,,,,,1,1,0,0,0,0,0,0,0,0,0,0,0,1,0,0,0,0,0,0,0,0,,0,1,,,,,,,,
4/26/2016,Brandon,Drury,ARI,-0.25,,,,,,,,,1,1,0,0,0,0,0,0,0,0,0,0,0,0,0,0,0,0,1,0,0,0,,0,1,,,,,,,,
4/4/2016,Phil David,Gosselin,ARI,-0.32,,,,,,,,,1,1,0,0,0,0,0,0,0,0,0,0,0,1,0,0,0,0,0,0,0,0,,0,1,,,,,,,,
4/5/2016,Phil David,Gosselin,ARI,-0.25,,,,,,,,,1,1,0,0,0,0,0,0,0,0,0,0,0,0,0,0,0,0,0,1,0,1,,0,1,,,,,,,,
4/24/2016,Zack,Greinke,ARI,0.46,,,,,,,,,1,1,0,1,1,0,0,0,0,0,0,0,0,0,0,0,0,0,1,0,0,0,,1,0,,,,,,,,
4/24/2016,Christopher,Herrmann,ARI,-0.25,,,,,,,,,1,1,0,0,0,0,0,0,0,0,0,0,0,0,0,0,0,0,1,0,0,0,,0,1,,,,,,,,
4/29/2016,Christopher,Herrmann,ARI,-0.25,,,,,,,,,1,1,0,0,0,0,0,0,0,0,0,0,0,0,0,0,0,0,0,1,0,0,,0,1,,,,,,,,
4/20/2016,Jacob Ryan,Lamb,ARI,0.80,,,,,,,,,1,1,0,1,0,1,0,0,0,0,0,0,0,0,0,0,0,0,0,1,0,0,,0,0,,,,,,,,
4/30/2016,Jacob,Lamb,ARI,-0.25,,,,,,,,,1,1,0,0,0,0,0,0,0,0,0,0,0,0,0,0,0,0,0,1,0,0,,0,1,,,,,,,,
4/24/2016,Shelby,Miller,ARI,-0.32,,,,,,,,,1,1,1,0,0,0,0,0,0,0,0,0,0,1,0,0,0,0,0,0,0,0,,0,1,,,,,,,,
4/13/2016,Senger David,Peralta,ARI,-0.32,,,,,,,,,1,1,0,0,0,0,0,0,0,0,0,0,0,1,0,0,0,0,0,0,0,0,,0,1,,,,,,,,
4/17/2016,Senger David,Peralta,ARI,0.46,,,,,,,,,1,1,0,1,1,0,0,0,0,0,0,0,0,0,0,0,0,0,1,0,0,0,,0,0,,,,,,,,
4/29/2016,Robbie,Ray,ARI,-0.25,,,,,,,,,1,1,0,0,0,0,0,0,0,0,0,0,0,0,0,0,0,0,1,0,0,0,,0,1,,,,,,,,
4/10/2016,Jean Carlo,Segura,ARI,-0.25,,,,,,,,,1,1,0,0,0,0,0,0,0,0,0,0,0,0,0,0,0,0,1,0,0,0,,0,1,,,,,,,,
4/28/2016,Yasmany,Tomas,ARI,-0.32,,,,,,,,,1,1,0,0,0,0,0,0,0,0,0,0,0,1,0,0,0,0,0,0,0,0,,0,1,,,,,,,,
4/4/2016,Rickie,Weeks,ARI,-0.32,,,,,,,,,1,1,0,0,0,0,0,0,0,0,0,0,0,1,0,0,0,0,0,0,0,0,,0,1,,,,,,,,
4/5/2016,Rickie,Weeks,ARI,0.46,,,,,,,,,1,1,1,1,1,0,0,0,0,0,0,0,0,0,0,0,0,0,1,0,0,0,,1,0,,,,,,,,
4/10/2016,Rickie,Weeks,ARI,-0.32,,,,,,,,,1,1,0,0,0,0,0,0,0,0,0,0,0,1,0,0,0,0,0,0,0,0,,0,1,,,,,,,,
4/12/2016,Rickie,Weeks,ARI,-0.32,,,,,,,,,1,1,0,0,0,0,0,0,0,0,0,0,0,1,0,0,0,0,0,0,0,0,,0,1,,,,,,,,
4/16/2016,Rickie,Weeks,ARI,0.80,,,,,,,,,1,1,1,1,0,1,0,0,0,0,0,0,0,0,0,0,0,0,0,1,0,0,,0,0,,,,,,,,
4/18/2016,Rickie,Weeks,ARI,0.20,,,,,,,,,1,0,0,0,0,0,0,0,1,0,1,0,0,0,0,0,0,0,0,1,0,0,,0,0,,,,,,,,
4/19/2016,Rickie,Weeks,ARI,0.80,,,,,,,,,1,1,0,1,0,1,0,0,0,0,0,0,0,0,0,0,0,0,0,0,1,0,,0,0,,,,,,,,
4/21/2016,Rickie,Weeks,ARI,-0.25,,,,,,,,,1,1,1,0,0,0,0,0,1,0,0,0,0,0,0,0,0,0,1,0,0,0,,0,1,,,,,,,,
4/22/2016,Rickie,Weeks,ARI,-0.25,,,,,,,,,1,1,1,0,0,0,0,0,0,0,0,0,0,0,0,0,0,0,1,0,0,0,,0,1,,,,,,,,
4/23/2016,Rickie,Weeks,ARI,0.00,,,,,,,,,1,1,0,0,0,0,0,0,0,0,0,0,0,0,0,0,0,0,1,0,0,0,,0,0,,,,,,,,
4/24/2016,Rickie,Weeks,ARI,-0.25,,,,,,,,,1,1,0,0,0,0,0,0,0,0,0,0,0,0,0,0,0,0,0,1,0,0,,0,1,,,,,,,,
4/25/2016,Rickie,Weeks,ARI,0.80,,,,,,,,,1,1,0,1,0,1,0,0,1,0,0,0,0,0,0,0,0,0,0,1,0,0,,0,0,,,,,,,,
4/26/2016,Rickie,Weeks,ARI,-0.32,,,,,,,,,1,1,0,0,0,0,0,0,0,0,0,0,0,1,0,0,0,0,0,0,0,0,,0,1,,,,,,,,
4/27/2016,Rickie,Weeks,ARI,-0.25,,,,,,,,,1,1,0,0,0,0,0,0,0,0,0,0,0,0,0,0,0,0,0,1,0,0,,0,1,,,,,,,,
4/29/2016,Rickie,Weeks,ARI,-0.32,,,,,,,,,1,1,0,0,0,0,0,0,0,0,0,0,0,1,0,0,0,0,0,0,0,0,,0,1,,,,,,,,
4/24/2016,Erick,Aybar,ATL,-0.25,,,,,,,,,1,1,0,0,0,0,0,0,0,0,0,0,0,0,0,0,0,0,1,0,0,0,,0,1,,,,,,,,
4/14/2016,Daniel Alejandro,Castro,ATL,0.46,,,,,,,,,1,1,1,1,1,0,0,0,0,0,0,0,0,0,0,0,0,0,1,0,0,0,,0,0,,,,,,,,
4/16/2016,Daniel Alejandro,Castro,ATL,-0.25,,,,,,,,,1,1,0,0,0,0,0,0,0,0,0,0,0,0,0,0,0,0,1,0,0,0,,0,1,,,,,,,,
4/17/2016,Daniel Alejandro,Castro,ATL,-0.32,,,,,,,,,1,1,0,0,0,0,0,0,0,0,0,0,0,1,0,0,0,0,0,0,0,0,,0,1,,,,,,,,
4/9/2016,Jeff,Francoeur,ATL,-0.32,,,,,,,,,1,1,0,0,0,0,0,0,0,0,0,0,0,1,0,0,0,0,0,0,0,0,,0,1,,,,,,,,
4/20/2016,Adonis,Garcia,ATL,-0.25,,,,,,,,,1,1,0,0,0,0,0,0,0,0,0,0,0,0,0,0,0,0,1,0,0,0,,0,1,,,,,,,,
4/21/2016,Nicholas,Markakis,ATL,-0.32,,,,,,,,,1,1,0,0,0,0,0,0,0,0,0,0,0,1,0,0,0,0,0,0,0,0,,0,1,,,,,,,,
4/9/2016,Hector,Olivera,ATL,-0.25,,,,,,,,,1,1,0,0,0,0,0,0,0,0,0,0,0,0,0,0,0,0,1,0,0,0,,0,1,,,,,,,,
4/12/2016,Jace Ryan,Peterson,ATL,-0.32,,,,,,,,,1,1,0,0,0,0,0,0,0,0,0,0,0,1,0,0,0,0,0,0,0,0,,0,1,,,,,,,,
4/15/2016,Jace Ryan,Peterson,ATL,-0.32,,,,,,,,,1,1,0,0,0,0,0,0,0,0,0,0,0,1,0,0,0,0,0,0,0,0,,0,1,,,,,,,,
4/21/2016,Jace Ryan,Peterson,ATL,-0.25,,,,,,,,,1,1,0,0,0,0,0,0,0,0,0,0,0,0,0,0,0,0,0,1,0,0,,0,1,,,,,,,,
4/29/2016,Jace,Peterson,ATL,-0.32,,,,,,,,,1,1,0,0,0,0,0,0,0,0,0,0,0,1,0,0,0,0,0,0,0,0,,0,1,,,,,,,,
4/17/2016,Robert,Stubbs,ATL,0.33,,,,,,,,,1,0,1,0,0,0,0,0,0,0,0,0,1,0,0,0,0,0,0,0,0,0,,0,0,,,,,,,,
4/19/2016,Robert,Stubbs,ATL,-0.25,,,,,,,,,1,1,0,0,0,0,0,0,0,0,0,0,0,0,0,0,0,0,1,0,0,0,,0,1,,,,,,,,
4/20/2016,Robert,Stubbs,ATL,-0.32,,,,,,,,,1,1,0,0,0,0,0,0,0,0,0,0,0,1,0,0,0,0,0,0,0,0,,0,1,,,,,,,,
4/22/2016,Robert,Stubbs,ATL,-0.32,,,,,,,,,1,1,0,0,0,0,0,0,0,0,0,0,0,1,0,0,0,0,0,0,0,0,,0,1,,,,,,,,
4/25/2016,Robert,Stubbs,ATL,-0.25,,,,,,,,,1,1,0,0,0,0,0,0,0,0,0,0,0,0,0,0,0,0,1,0,0,0,,0,1,,,,,,,,
4/28/2016,Pedro,Alvarez,BAL,-0.32,,,,,,,,,1,1,0,0,0,0,0,0,0,0,0,0,0,1,0,0,0,0,0,0,0,0,,0,1,,,,,,,,
4/11/2016,Ryan Edward,Flaherty,BAL,-0.25,,,,,,,,,1,1,0,0,0,0,0,0,0,0,0,0,0,0,0,0,0,0,1,0,0,0,,0,1,,,,,,,,
4/21/2016,Caleb,Joseph,BAL,0.46,,,,,,,,,1,1,0,1,1,0,0,0,0,0,0,0,0,0,0,0,0,0,0,0,1,0,,0,0,,,,,,,,
4/14/2016,Hyun Soo,Kim,BAL,0.46,,,,,,,,,1,1,0,1,1,0,0,0,0,0,0,0,0,0,0,0,0,0,0,0,1,0,,0,0,,,,,,,,
4/28/2016,Hyun,Kim,BAL,0.46,,,,,,,,,1,1,0,1,1,0,0,0,0,0,0,0,0,0,0,0,0,0,0,0,1,0,,0,0,,,,,,,,
4/12/2016,William Bradford,Myers,BAL,-0.32,,,,,,,,,1,1,0,0,0,0,0,0,0,0,0,0,0,1,0,0,0,0,0,0,0,0,,0,1,,,,,,,,
4/19/2016,Nolan,Reimold,BAL,0.33,,,,,,,,,1,0,0,0,0,0,0,0,0,0,0,0,1,0,0,0,0,0,0,0,0,0,,0,0,,,,,,,,
4/30/2016,Joey,Rickard,BAL,-0.25,,,,,,,,,1,1,0,0,0,0,0,0,0,0,0,0,0,0,0,0,0,0,0,1,0,0,,0,1,,,,,,,,
4/24/2016,Matthew,Wieters,BAL,-0.25,,,,,,,,,1,1,0,0,0,0,0,0,0,0,0,0,0,0,0,0,0,0,1,0,0,0,,0,1,,,,,,,,
4/21/2016,Josh Alan,Rutledge,BOS,0.80,,,,,,,,,1,1,0,1,0,1,0,0,0,0,0,0,0,0,0,0,0,0,0,1,0,0,,0,0,,,,,,,,
4/6/2016,Pablo,Sandoval,BOS,-0.25,,,,,,,,,1,1,0,0,0,0,0,0,0,0,0,0,0,0,0,0,0,0,0,1,0,0,,0,1,,,,,,,,
4/10/2016,Pablo,Sandoval,BOS,-0.32,,,,,,,,,1,1,0,0,0,0,0,0,0,0,0,0,0,1,0,0,0,0,0,0,0,0,,0,1,,,,,,,,
4/6/2016,Christopher,Young,BOS,0.80,,,,,,,,,1,1,1,1,0,1,0,0,0,0,0,0,0,0,0,0,0,0,0,1,0,0,,0,0,,,,,,,,
4/8/2016,Christopher,Young,BOS,-0.32,,,,,,,,,1,1,0,0,0,0,0,0,0,0,0,0,0,1,0,0,0,0,0,0,0,0,,0,1,,,,,,,,
4/12/2016,Christopher,Young,BOS,-0.25,,,,,,,,,1,1,0,0,0,0,0,0,0,0,0,0,0,0,0,0,0,0,0,1,0,0,,0,1,,,,,,,,
4/20/2016,Christopher,Young,BOS,0.46,,,,,,,,,1,1,0,1,1,0,0,0,1,0,0,0,0,0,0,0,0,0,0,0,1,0,,0,0,,,,,,,,
4/21/2016,Christopher,Young,BOS,0.33,,,,,,,,,1,0,0,0,0,0,0,0,0,0,0,0,1,0,0,0,0,0,0,0,0,0,,0,0,,,,,,,,
4/26/2016,Christopher,Young,BOS,0.80,,,,,,,,,1,1,1,1,0,1,0,0,0,0,0,0,0,0,0,0,0,0,0,1,0,1,,0,0,,,,,,,,
4/30/2016,Christopher,Young,BOS,-0.25,,,,,,,,,1,1,0,0,0,0,0,0,0,0,0,0,0,0,0,0,0,0,0,1,0,1,,0,1,,,,,,,,
4/17/2016,Melky,Cabrera,CHA,0.33,,,,,,,,,1,0,0,0,0,0,0,0,0,0,0,0,1,0,0,0,0,0,0,0,0,0,,0,0,,,,,,,,
4/18/2016,Tyler,Saladino,CHA,-0.25,,,,,,,,,1,1,0,0,0,0,0,0,0,0,0,0,0,0,0,0,0,0,0,1,0,1,,0,1,,,,,,,,
4/28/2016,Tyler,Saladino,CHA,-0.25,,,,,,,,,1,1,0,0,0,0,0,0,0,0,0,0,0,0,0,0,0,0,0,0,1,0,,0,1,,,,,,,,
4/28/2016,Carlos,Sanchez,CHA,-0.32,,,,,,,,,1,1,0,0,0,0,0,0,0,0,0,0,0,1,0,0,0,0,0,0,0,0,,0,1,,,,,,,,
4/8/2016,Gerald,Sands,CHA,-0.71,,,,,,,,,1,1,0,0,0,0,0,0,0,0,0,0,0,0,0,0,1,0,1,0,0,0,,0,1,,,,,,,,
4/14/2016,Gerald,Sands,CHA,-0.25,,,,,,,,,1,1,0,0,0,0,0,0,0,0,0,0,0,0,0,0,0,0,1,0,0,0,,0,1,,,,,,,,
4/16/2016,Gerald,Sands,CHA,0.46,,,,,,,,,1,1,0,1,1,0,0,0,0,0,0,0,0,0,0,0,0,0,0,0,1,0,,0,0,,,,,,,,
4/28/2016,Gerald,Sands,CHA,-0.25,,,,,,,,,1,1,0,0,0,0,0,0,0,0,0,0,0,0,0,0,0,0,1,0,0,0,,0,1,,,,,,,,
4/18/2016,Javier Javier,Baez,CHN,0.46,,,,,,,,,1,1,0,1,1,0,0,0,0,0,0,0,0,0,0,0,0,0,0,0,1,0,,0,0,,,,,,,,
4/19/2016,Javier Javier,Baez,CHN,-0.32,,,,,,,,,1,1,0,0,0,0,0,0,0,0,0,0,0,1,0,0,0,0,0,0,0,0,,0,1,,,,,,,,
4/28/2016,Timothy,Federowicz,CHN,-0.25,,,,,,,,,1,1,0,0,0,0,0,0,0,0,0,0,0,0,0,0,0,0,0,1,0,0,,0,1,,,,,,,,
4/28/2016,Jason,Hammel,CHN,-0.32,,,,,,,,,1,1,0,0,0,0,0,0,0,0,0,0,0,1,0,0,0,0,0,0,0,0,,0,1,,,,,,,,
4/10/2016,Munenori,Kawasaki,CHN,0.76,,,,,,,,,1,1,0,1,1,0,0,0,0,0,0,0,0,0,1,0,0,0,1,0,0,0,,0,0,,,,,,,,
4/11/2016,Munenori,Kawasaki,CHN,-0.25,,,,,,,,,1,1,0,0,0,0,0,0,0,0,0,0,0,0,0,0,0,0,0,1,0,0,,0,1,,,,,,,,
4/8/2016,Tommy,La Stella,CHN,0.80,,,,,,,,,1,1,0,1,0,1,0,0,0,0,0,0,0,0,0,0,0,0,0,0,1,0,,0,0,,,,,,,,
4/15/2016,Tommy,La Stella,CHN,-0.25,,,,,,,,,1,1,0,0,0,0,0,0,1,0,0,0,0,0,0,0,0,0,1,0,0,0,,0,1,,,,,,,,
4/29/2016,Tommy,La Stella,CHN,0.80,,,,,,,,,1,1,0,1,0,1,0,0,0,0,0,0,0,0,0,0,0,0,0,1,0,0,,0,0,,,,,,,,
4/17/2016,Miguel,Montero,CHN,-0.32,,,,,,,,,1,1,0,0,0,0,0,0,0,0,0,0,0,1,0,0,0,0,0,0,0,0,,0,1,,,,,,,,
4/7/2016,Kyle Joseph,Schwarber,CHN,0.33,,,,,,,,,1,0,0,0,0,0,0,0,0,0,0,0,1,0,0,0,0,0,0,0,0,0,,0,0,,,,,,,,
4/23/2016,Jorge,Soler,CHN,-0.25,,,,,,,,,1,1,0,0,0,0,0,0,0,0,0,0,0,0,0,0,0,0,0,1,0,1,,0,1,,,,,,,,
4/28/2016,Jorge,Soler,CHN,0.33,,,,,,,,,1,0,0,0,0,0,0,0,0,0,0,0,1,0,0,0,0,0,0,0,0,0,,0,0,,,,,,,,
4/7/2016,Pedro,Strop,CHN,-0.25,,,,,,,,,1,1,0,0,0,0,0,0,0,0,0,0,0,0,0,0,0,0,1,0,0,0,,0,1,,,,,,,,
4/4/2016,Matthew,Szczur,CHN,0.80,,,,,,,,,1,1,0,1,0,1,0,0,3,0,0,0,0,0,0,0,0,0,0,0,1,0,,0,0,,,,,,,,
4/18/2016,Matthew,Szczur,CHN,-0.25,,,,,,,,,1,1,1,0,0,0,0,0,0,0,0,0,0,0,0,0,0,0,1,0,0,0,,0,1,,,,,,,,
4/20/2016,Matthew,Szczur,CHN,-0.25,,,,,,,,,1,1,0,0,0,0,0,0,0,0,0,0,0,0,0,0,0,0,0,1,0,1,,0,1,,,,,,,,
4/21/2016,Matthew,Szczur,CHN,0.46,,,,,,,,,1,1,0,1,1,0,0,0,1,0,0,0,0,0,0,0,0,0,0,0,1,0,,0,0,,,,,,,,
4/23/2016,Matthew,Szczur,CHN,-0.25,,,,,,,,,1,1,0,0,0,0,0,0,0,0,0,0,0,0,0,0,0,0,0,1,0,0,,0,1,,,,,,,,
4/29/2016,Matthew,Szczur,CHN,1.40,,,,,,,,,1,1,1,1,0,0,0,1,4,0,0,0,0,0,0,0,0,0,0,1,0,0,,0,0,,,,,,,,
4/9/2016,Adam,Warren,CHN,-0.32,,,,,,,,,1,1,0,0,0,0,0,0,0,0,0,0,0,1,0,0,0,0,0,0,0,0,,0,1,,,,,,,,
4/23/2016,Anthony,Cingrani,CIN,0.33,,,,,,,,,1,0,1,0,0,0,0,0,0,0,0,0,1,0,0,0,0,0,0,0,0,0,,0,0,,,,,,,,
4/13/2016,Tyler,Holt,CIN,-0.32,,,,,,,,,1,1,0,0,0,0,0,0,0,0,0,0,0,1,0,0,0,0,0,0,0,0,,0,1,,,,,,,,
4/14/2016,Tyler,Holt,CIN,-0.25,,,,,,,,,1,1,0,0,0,0,0,0,0,0,0,0,0,0,0,0,0,0,0,1,0,0,,0,1,,,,,,,,
4/15/2016,Tyler,Holt,CIN,-0.32,,,,,,,,,1,1,0,0,0,0,0,0,0,0,0,0,0,1,0,0,0,0,0,0,0,0,,0,1,,,,,,,,
4/30/2016,Jordan,Pacheco,CIN,-0.25,,,,,,,,,1,1,0,0,0,0,0,0,0,0,0,0,0,0,0,0,0,0,0,1,0,0,,0,1,,,,,,,,
4/13/2016,Keyvius,Sampson,CIN,-0.32,,,,,,,,,1,1,0,0,0,0,0,0,0,0,0,0,0,1,0,0,0,0,0,0,0,0,,0,1,,,,,,,,
4/4/2016,Scott Anthony,Schebler,CIN,0.80,,,,,,,,,1,1,1,1,0,1,0,0,0,0,0,0,0,0,0,0,0,0,1,0,0,0,,0,0,,,,,,,,
4/11/2016,Scott Anthony,Schebler,CIN,-0.32,,,,,,,,,1,1,0,0,0,0,0,0,0,0,0,0,0,1,0,0,0,0,0,0,0,0,,0,1,,,,,,,,
4/30/2016,Scott,Schebler,CIN,-0.25,,,,,,,,,1,1,0,0,0,0,0,0,0,0,0,0,0,0,0,0,0,0,1,0,0,0,,0,1,,,,,,,,
4/10/2016,Daniel,Straily,CIN,0.15,,,,,,,,,1,0,0,0,0,0,0,0,0,1,0,0,0,0,0,0,0,0,0,0,0,0,,0,0,,,,,,,,
4/25/2016,Michael,Brantley,CLE,-0.25,,,,,,,,,1,1,0,0,0,0,0,0,0,0,0,0,0,0,0,0,0,0,0,0,1,0,,0,1,,,,,,,,
4/26/2016,Marlon,Byrd,CLE,-0.32,,,,,,,,,1,1,0,0,0,0,0,0,0,0,0,0,0,1,0,0,0,0,0,0,0,0,,0,1,,,,,,,,
4/30/2016,Marlon,Byrd,CLE,-0.25,,,,,,,,,1,1,0,0,0,0,0,0,0,0,0,0,0,0,0,0,0,0,0,1,0,0,,0,1,,,,,,,,
4/14/2016,Collin Brannen,Cowgill,CLE,0.33,,,,,,,,,1,0,0,0,0,0,0,0,0,0,0,0,1,0,0,0,0,0,0,0,0,0,,0,0,,,,,,,,
4/16/2016,Collin Brannen,Cowgill,CLE,0.46,,,,,,,,,1,1,0,1,1,0,0,0,0,0,0,0,0,0,0,0,0,0,1,0,0,0,,1,0,,,,,,,,
4/30/2016,Rajai,Davis,CLE,0.05,,,,,,,,,1,1,0,0,0,0,0,0,0,0,0,0,0,0,1,0,0,0,1,0,0,0,,0,1,,,,,,,,
4/21/2016,Michael,Napoli,CLE,1.40,,,,,,,,,1,1,1,1,0,0,0,1,2,0,0,0,0,0,0,0,0,0,0,1,0,0,,0,0,,,,,,,,
4/5/2016,Tyler Wesley,Naquin,CLE,-0.32,,,,,,,,,1,1,0,0,0,0,0,0,0,0,0,0,0,1,0,0,0,0,0,0,0,0,,0,1,,,,,,,,
4/13/2016,Tyler Wesley,Naquin,CLE,-0.25,,,,,,,,,1,1,0,0,0,0,0,0,0,0,0,0,0,0,0,0,0,0,1,0,0,0,,0,1,,,,,,,,
4/29/2016,Tyler,Naquin,CLE,-0.32,,,,,,,,,1,1,0,0,0,0,0,0,0,0,0,0,0,1,0,0,0,0,0,0,0,0,,0,1,,,,,,,,
4/29/2016,Jose,Ramirez,CLE,-0.32,,,,,,,,,1,1,0,0,0,0,0,0,0,0,0,0,0,1,0,0,0,0,0,0,0,0,,0,1,,,,,,,,
4/30/2016,Jose,Ramirez,CLE,0.46,,,,,,,,,1,1,0,1,1,0,0,0,0,0,0,0,0,0,0,0,0,0,1,0,0,0,,0,0,,,,,,,,
4/14/2016,Cristhian,Adames,COL,-0.32,,,,,,,,,1,1,0,0,0,0,0,0,0,0,0,0,0,1,0,0,0,0,0,0,0,0,,0,1,,,,,,,,
4/15/2016,Cristhian,Adames,COL,-0.32,,,,,,,,,1,1,0,0,0,0,0,0,0,0,0,0,0,1,0,0,0,0,0,0,0,0,,0,1,,,,,,,,
4/19/2016,Cristhian,Adames,COL,-0.32,,,,,,,,,1,1,0,0,0,0,0,0,0,0,0,0,0,1,0,0,0,0,0,0,0,0,,0,1,,,,,,,,
4/29/2016,Cristhian,Adames,COL,-0.25,,,,,,,,,1,1,0,0,0,0,0,0,0,0,0,0,0,0,0,0,0,0,1,0,0,0,,0,1,,,,,,,,
4/30/2016,Cristhian,Adames,COL,-0.25,,,,,,,,,1,1,0,0,0,0,0,0,0,0,0,0,0,0,0,0,0,0,1,0,0,0,,0,1,,,,,,,,
4/22/2016,Brandon,Barnes,COL,1.02,,,,,,,,,1,1,1,1,0,0,1,0,2,0,0,0,0,0,0,0,0,0,0,1,0,0,,0,0,,,,,,,,
4/9/2016,Charles Cobb,Blackmon,COL,-0.25,,,,,,,,,1,1,0,0,0,0,0,0,0,0,0,0,0,0,0,0,0,0,0,1,0,0,,0,1,,,,,,,,
4/27/2016,Eddie,Butler,COL,0.15,,,,,,,,,1,0,0,0,0,0,0,0,0,1,0,0,0,0,0,0,0,0,0,0,0,0,,0,0,,,,,,,,
4/9/2016,Jorge,de la Rosa,COL,-0.32,,,,,,,,,1,1,0,0,0,0,0,0,0,0,0,0,0,1,0,0,0,0,0,0,0,0,,0,1,,,,,,,,
4/27/2016,Jonathan,Gray,COL,-0.32,,,,,,,,,1,1,0,0,0,0,0,0,0,0,0,0,0,1,0,0,0,0,0,0,0,0,,0,1,,,,,,,,
4/24/2016,Benjamin,Paulsen,COL,-0.32,,,,,,,,,1,1,0,0,0,0,0,0,0,0,0,0,0,1,0,0,0,0,0,0,0,0,,0,1,,,,,,,,
4/27/2016,Benjamin,Paulsen,COL,-0.25,,,,,,,,,1,1,0,0,0,0,0,0,0,0,0,0,0,0,0,0,0,0,1,0,0,0,,0,1,,,,,,,,
4/29/2016,Benjamin,Paulsen,COL,-0.32,,,,,,,,,1,1,0,0,0,0,0,0,0,0,0,0,0,1,0,0,0,0,0,0,0,0,,0,1,,,,,,,,
4/30/2016,Benjamin,Paulsen,COL,0.46,,,,,,,,,1,1,1,1,1,0,0,0,0,0,0,0,0,0,0,0,0,0,0,0,1,0,,0,0,,,,,,,,
4/4/2016,Ryan,Raburn,COL,-0.25,,,,,,,,,1,1,0,0,0,0,0,0,0,0,0,0,0,0,0,0,0,0,1,0,0,0,,0,1,,,,,,,,
4/5/2016,Ryan,Raburn,COL,-0.25,,,,,,,,,1,1,0,0,0,0,0,0,0,0,0,0,0,0,0,0,0,0,0,0,1,0,,0,1,,,,,,,,
4/24/2016,Ryan,Raburn,COL,0.46,,,,,,,,,1,1,0,1,1,0,0,0,1,0,0,0,0,0,0,0,0,0,1,0,0,0,,0,0,,,,,,,,
4/26/2016,Ryan,Raburn,COL,0.33,,,,,,,,,1,0,0,0,0,0,0,0,0,0,0,0,1,0,0,0,0,0,0,0,0,0,,0,0,,,,,,,,
4/15/2016,Mark,Reynolds,COL,0.33,,,,,,,,,1,0,1,0,0,0,0,0,0,0,0,0,1,0,0,0,0,0,0,0,0,0,,0,0,,,,,,,,
4/18/2016,Mark,Reynolds,COL,-0.32,,,,,,,,,1,1,0,0,0,0,0,0,0,0,0,0,0,1,0,0,0,0,0,0,0,0,,0,1,,,,,,,,
4/8/2016,Christopher Patrick,Rusin,COL,-0.25,,,,,,,,,1,1,0,0,0,0,0,0,0,0,0,0,0,0,0,0,0,0,1,0,0,0,,0,1,,,,,,,,
4/13/2016,Christopher Patrick,Rusin,COL,-0.25,,,,,,,,,1,1,0,0,0,0,0,0,0,0,0,0,0,0,0,0,0,0,0,1,0,0,,0,1,,,,,,,,
4/19/2016,Christopher Patrick,Rusin,COL,-0.25,,,,,,,,,1,1,0,0,0,0,0,0,0,0,0,0,0,0,0,0,0,0,0,1,0,0,,0,1,,,,,,,,
4/5/2016,Tony John,Wolters,COL,-0.25,,,,,,,,,1,1,0,0,0,0,0,0,0,0,0,0,0,0,0,0,0,0,1,0,0,0,,0,1,,,,,,,,
4/9/2016,Tony John,Wolters,COL,-0.25,,,,,,,,,1,1,0,0,0,0,0,0,0,0,0,0,0,0,0,0,0,0,1,0,0,0,,0,1,,,,,,,,
4/27/2016,Tony,Wolters,COL,0.33,,,,,,,,,1,0,0,0,0,0,0,0,0,0,0,0,1,0,0,0,0,0,0,0,0,0,,0,0,,,,,,,,
4/29/2016,Tony,Wolters,COL,0.80,,,,,,,,,1,1,1,1,0,1,0,0,0,0,0,0,0,0,0,0,0,0,0,0,1,0,,0,0,,,,,,,,
4/5/2016,Mike,Aviles,DET,0.15,,,,,,,,,1,0,0,0,0,0,0,0,0,1,0,0,0,0,0,0,0,0,0,0,0,0,,0,0,,,,,,,,
4/14/2016,Mike,Aviles,DET,0.33,,,,,,,,,1,0,0,0,0,0,0,0,0,0,0,1,0,0,0,0,0,0,0,0,0,0,,0,0,,,,,,,,
4/23/2016,Mike,Aviles,DET,-0.25,,,,,,,,,1,1,0,0,0,0,0,0,0,0,0,0,0,0,0,0,0,0,1,0,0,0,,0,1,,,,,,,,
4/24/2016,Miguel,Cabrera,DET,-0.25,,,,,,,,,1,1,0,0,0,0,0,0,0,0,0,0,0,0,0,0,0,0,0,1,0,0,,0,1,,,,,,,,
4/9/2016,Nick,Castellanos,DET,-0.32,,,,,,,,,1,1,0,0,0,0,0,0,0,0,0,0,0,1,0,0,0,0,0,0,0,0,,0,1,,,,,,,,
4/13/2016,Tyler James,Collins,DET,0.46,,,,,,,,,1,1,0,1,1,0,0,0,0,0,0,0,0,0,0,0,0,0,1,0,0,0,,0,0,,,,,,,,
4/19/2016,Tyler James,Collins,DET,-0.25,,,,,,,,,1,1,0,0,0,0,0,0,0,0,0,0,0,0,0,0,0,0,0,1,0,0,,0,1,,,,,,,,
4/6/2016,Victor,Martinez,DET,1.40,,,,,,,,,1,1,1,1,0,0,0,1,2,0,0,0,0,0,0,0,0,0,0,1,0,0,,0,0,,,,,,,,
4/13/2016,Victor,Martinez,DET,0.33,,,,,,,,,1,0,0,0,0,0,0,0,0,0,0,0,1,0,0,0,0,0,0,0,0,0,,0,0,,,,,,,,
4/14/2016,Victor,Martinez,DET,-0.25,,,,,,,,,1,1,0,0,0,0,0,0,0,0,0,0,0,0,0,0,0,0,1,0,0,0,,0,1,,,,,,,,
4/5/2016,Andrew James,Romine,DET,0.33,,,,,,,,,1,0,0,0,0,0,0,0,0,0,0,0,1,0,0,0,0,0,0,0,0,0,,0,0,,,,,,,,
4/13/2016,Andrew James,Romine,DET,-0.32,,,,,,,,,1,1,0,0,0,0,0,0,0,0,0,0,0,1,0,0,0,0,0,0,0,0,,0,1,,,,,,,,
4/24/2016,Justin,Upton,DET,-0.25,,,,,,,,,1,1,0,0,0,0,0,0,0,0,0,0,0,0,0,0,0,0,0,1,0,0,,0,1,,,,,,,,
4/12/2016,Jason Michael,Castro,HOU,0.33,,,,,,,,,1,0,0,0,0,0,0,0,0,0,0,0,1,0,0,0,0,0,0,0,0,0,,0,0,,,,,,,,
4/6/2016,Matthew Edward,Duffy,HOU,-0.32,,,,,,,,,1,1,0,0,0,0,0,0,0,0,0,0,0,1,0,0,0,0,0,0,0,0,,0,1,,,,,,,,
4/7/2016,Matthew Edward,Duffy,HOU,-0.32,,,,,,,,,1,1,0,0,0,0,0,0,0,0,0,0,0,1,0,0,0,0,0,0,0,0,,0,1,,,,,,,,
4/14/2016,Evan,Gattis,HOU,0.46,,,,,,,,,1,1,1,1,1,0,0,0,0,0,0,0,0,0,0,0,0,0,1,0,0,0,,0,0,,,,,,,,
4/13/2016,Marwin Javier,Gonzalez,HOU,-0.25,,,,,,,,,1,1,0,0,0,0,0,0,0,0,0,0,0,0,0,0,0,0,0,1,0,0,,0,1,,,,,,,,
4/16/2016,Marwin Javier,Gonzalez,HOU,0.46,,,,,,,,,1,1,0,1,1,0,0,0,0,0,0,0,0,0,0,0,0,0,1,0,0,0,,0,0,,,,,,,,
4/22/2016,Marwin Javier,Gonzalez,HOU,-0.32,,,,,,,,,1,1,0,0,0,0,0,0,0,0,0,0,0,1,0,0,0,0,0,0,0,0,,0,1,,,,,,,,
4/6/2016,Erik,Kratz,HOU,-0.32,,,,,,,,,1,1,0,0,0,0,0,0,0,0,0,0,0,1,0,0,0,0,0,0,0,0,,0,1,,,,,,,,
4/11/2016,Jake Shawn,Marisnick,HOU,-0.32,,,,,,,,,1,1,0,0,0,0,0,0,0,0,0,0,0,1,0,0,0,0,0,0,0,0,,0,1,,,,,,,,
4/14/2016,Jake Shawn,Marisnick,HOU,-0.32,,,,,,,,,1,1,0,0,0,0,0,0,0,0,0,0,0,1,0,0,0,0,0,0,0,0,,0,1,,,,,,,,
4/22/2016,Jake Shawn,Marisnick,HOU,0.33,,,,,,,,,1,0,0,0,0,0,0,0,0,0,0,0,1,0,0,0,0,0,0,0,0,0,,0,0,,,,,,,,
4/19/2016,Colby,Rasmus,HOU,0.63,,,,,,,,,1,0,1,0,0,0,0,0,0,0,0,0,1,0,1,0,0,0,0,0,0,0,,0,0,,,,,,,,
4/20/2016,Preston,Tucker,HOU,-0.25,,,,,,,,,1,1,0,0,0,0,0,0,0,0,0,0,0,0,0,0,0,0,0,1,0,1,,0,1,,,,,,,,
4/24/2016,Preston,Tucker,HOU,-0.32,,,,,,,,,1,1,0,0,0,0,0,0,0,0,0,0,0,1,0,0,0,0,0,0,0,0,,0,1,,,,,,,,
4/25/2016,Preston,Tucker,HOU,0.46,,,,,,,,,1,1,0,1,1,0,0,0,0,0,0,0,0,0,0,0,0,0,0,0,1,0,,0,0,,,,,,,,
4/29/2016,Preston,Tucker,HOU,-0.25,,,,,,,,,1,1,0,0,0,0,0,0,0,0,0,0,0,0,0,0,0,0,0,1,0,0,,0,1,,,,,,,,
4/10/2016,Luis,Valbuena,HOU,0.33,,,,,,,,,1,0,0,0,0,0,0,0,0,0,0,0,1,0,0,0,0,0,0,0,0,0,,0,0,,,,,,,,
4/20/2016,Luis,Valbuena,HOU,0.46,,,,,,,,,1,1,0,1,1,0,0,0,0,0,0,0,0,0,0,0,0,0,1,0,0,0,,0,0,,,,,,,,
4/11/2016,Andrew,Butera,KC,-0.25,,,,,,,,,1,1,0,0,0,0,0,0,0,0,0,0,0,0,0,0,0,0,1,0,0,0,,0,1,,,,,,,,
4/16/2016,Salvador,Perez,KC,-0.71,,,,,,,,,1,1,0,0,0,0,0,0,0,0,0,0,0,0,0,0,1,0,1,0,0,0,,0,1,,,,,,,,
4/12/2016,C.J. John,Cron,LAA,0.33,,,,,,,,,1,0,0,0,0,0,0,0,0,0,0,0,1,0,0,0,0,0,0,0,0,0,,0,0,,,,,,,,
4/9/2016,Daniel,Nava,LAA,-0.25,,,,,,,,,1,1,0,0,0,0,0,0,0,0,0,0,0,0,0,0,0,0,1,0,0,0,,0,1,,,,,,,,
4/20/2016,Rafael Angel,Ortega,LAA,0.46,,,,,,,,,1,1,0,1,1,0,0,0,1,0,0,0,0,0,0,0,0,0,1,0,0,0,,0,0,,,,,,,,
4/15/2016,Clifton,Pennington,LAA,-0.25,,,,,,,,,1,1,0,0,0,0,0,0,0,0,0,0,0,0,0,0,0,0,1,0,0,0,,0,1,,,,,,,,
4/17/2016,Clifton,Pennington,LAA,-0.25,,,,,,,,,1,1,0,0,0,0,0,0,0,0,0,0,0,0,0,0,0,0,0,1,0,0,,0,1,,,,,,,,
4/21/2016,Clifton,Pennington,LAA,0.15,,,,,,,,,1,0,0,0,0,0,0,0,0,1,0,0,0,0,0,0,0,0,0,0,0,0,,0,0,,,,,,,,
4/24/2016,Clifton,Pennington,LAA,-0.32,,,,,,,,,1,1,0,0,0,0,0,0,0,0,0,0,0,1,0,0,0,0,0,0,0,0,,0,1,,,,,,,,
4/7/2016,Carlos Eduardo,Perez,LAA,-0.25,,,,,,,,,1,1,0,0,0,0,0,0,0,0,0,0,0,0,0,0,0,0,1,0,0,0,,0,1,,,,,,,,
4/12/2016,Carlos Eduardo,Perez,LAA,-0.25,,,,,,,,,1,1,0,0,0,0,0,0,0,0,0,0,0,0,0,0,0,0,0,1,0,0,,0,1,,,,,,,,
4/5/2016,Geovany,Soto,LAA,-0.25,,,,,,,,,1,1,0,0,0,0,0,0,0,0,0,0,0,0,0,0,0,0,0,1,0,1,,0,1,,,,,,,,
4/4/2016,Charlie Edward,Culberson,LAN,-0.32,,,,,,,,,1,1,0,0,0,0,0,0,0,0,0,0,0,1,0,0,0,0,0,0,0,0,,0,1,,,,,,,,
4/7/2016,Charlie Edward,Culberson,LAN,-0.25,,,,,,,,,1,1,0,0,0,0,0,0,0,0,0,0,0,0,0,0,0,0,0,1,0,0,,0,1,,,,,,,,
4/12/2016,Charlie Edward,Culberson,LAN,-0.71,,,,,,,,,1,1,0,0,0,0,0,0,0,0,0,0,0,0,0,0,1,0,0,0,0,0,,0,1,,,,,,,,
4/16/2016,Andrew,Ellis,LAN,0.33,,,,,,,,,1,0,1,0,0,0,0,0,0,0,0,0,1,0,0,0,0,0,0,0,0,0,,0,0,,,,,,,,
4/24/2016,Andrew,Ellis,LAN,0.46,,,,,,,,,1,1,0,1,1,0,0,0,1,0,0,0,0,0,0,0,0,0,0,0,1,0,,0,0,,,,,,,,
4/25/2016,Adrian,Gonzalez,LAN,-0.32,,,,,,,,,1,1,0,0,0,0,0,0,0,0,0,0,0,1,0,0,0,0,0,0,0,0,,0,1,,,,,,,,
4/12/2016,Yasmani,Grandal,LAN,-0.25,,,,,,,,,1,1,0,0,0,0,0,0,1,0,0,0,0,0,0,0,0,0,1,0,0,0,,0,1,,,,,,,,
4/23/2016,Yasmani,Grandal,LAN,-0.25,,,,,,,,,1,1,0,0,0,0,0,0,0,0,0,0,0,0,0,0,0,0,1,0,0,0,,0,1,,,,,,,,
4/27/2016,Yasmani,Grandal,LAN,0.33,,,,,,,,,1,0,0,0,0,0,0,0,0,0,0,0,1,0,0,0,0,0,0,0,0,0,,0,0,,,,,,,,
4/4/2016,Enrique,Hernandez,LAN,-0.25,,,,,,,,,1,1,0,0,0,0,0,0,0,0,0,0,0,0,0,0,0,0,0,1,0,1,,0,1,,,,,,,,
4/5/2016,Enrique,Hernandez,LAN,-0.25,,,,,,,,,1,1,0,0,0,0,0,0,0,0,0,0,0,0,0,0,0,0,1,0,0,0,,0,1,,,,,,,,
4/19/2016,Enrique,Hernandez,LAN,-0.25,,,,,,,,,1,1,0,0,0,0,0,0,0,0,0,0,0,0,0,0,0,0,0,1,0,0,,0,1,,,,,,,,
4/24/2016,Enrique,Hernandez,LAN,0.33,,,,,,,,,1,0,0,0,0,0,0,0,0,0,0,0,1,0,0,0,0,0,0,0,0,0,,0,0,,,,,,,,
4/26/2016,Enrique,Hernandez,LAN,-0.25,,,,,,,,,1,1,0,0,0,0,0,0,0,0,0,0,0,0,0,0,0,0,0,1,0,0,,0,1,,,,,,,,
4/29/2016,Enrique,Hernandez,LAN,-0.25,,,,,,,,,1,1,0,0,0,0,0,0,0,0,0,0,0,0,0,0,0,0,0,0,1,0,,0,1,,,,,,,,
4/10/2016,Micah,Johnson,LAN,-0.25,,,,,,,,,1,1,0,0,0,0,0,0,0,0,0,0,0,0,0,0,0,0,0,0,1,0,,0,1,,,,,,,,
4/26/2016,Howard,Kendrick,LAN,-0.32,,,,,,,,,1,1,0,0,0,0,0,0,0,0,0,0,0,1,0,0,0,0,0,0,0,0,,0,1,,,,,,,,
4/29/2016,Howard,Kendrick,LAN,0.46,,,,,,,,,1,1,0,1,1,0,0,0,0,0,0,0,0,0,0,0,0,0,0,0,1,0,,0,0,,,,,,,,
4/30/2016,Howard,Kendrick,LAN,0.33,,,,,,,,,1,0,0,0,0,0,0,0,0,0,0,0,1,0,0,0,0,0,0,0,0,0,,0,0,,,,,,,,
4/9/2016,Joc,Pederson,LAN,-0.32,,,,,,,,,1,1,0,0,0,0,0,0,0,0,0,0,0,1,0,0,0,0,0,0,0,0,,0,1,,,,,,,,
4/25/2016,Joc,Pederson,LAN,0.33,,,,,,,,,1,0,0,0,0,0,0,0,0,0,0,0,1,0,0,0,0,0,0,0,0,0,,0,0,,,,,,,,
4/16/2016,Yasiel,Puig,LAN,-0.25,,,,,,,,,1,1,0,0,0,0,0,0,0,0,0,0,0,0,0,0,0,0,0,1,0,0,,0,1,,,,,,,,
4/5/2016,Trayce,Thompson,LAN,-0.32,,,,,,,,,1,1,0,0,0,0,0,0,0,0,0,0,0,1,0,0,0,0,0,0,0,0,,0,1,,,,,,,,
4/17/2016,Trayce,Thompson,LAN,-0.71,,,,,,,,,1,1,0,0,0,0,0,0,0,0,0,0,0,0,0,0,1,0,1,0,0,0,,0,1,,,,,,,,
4/28/2016,Trayce,Thompson,LAN,0.46,,,,,,,,,1,1,1,1,1,0,0,0,0,0,0,0,0,0,0,0,0,0,0,1,0,0,,0,0,,,,,,,,
4/4/2016,Scott T,Van Slyke,LAN,-0.32,,,,,,,,,1,1,0,0,0,0,0,0,0,0,0,0,0,1,0,0,0,0,0,0,0,0,,0,1,,,,,,,,
4/27/2016,Justin,Bour,MIA,-0.32,,,,,,,,,1,1,0,0,0,0,0,0,0,0,0,0,0,1,0,0,0,0,0,0,0,0,,0,1,,,,,,,,
4/13/2016,Derek Richard,Dietrich,MIA,-0.32,,,,,,,,,1,1,0,0,0,0,0,0,0,0,0,0,0,1,0,0,0,0,0,0,0,0,,0,1,,,,,,,,
4/21/2016,Dee,Gordon,MIA,0.46,,,,,,,,,1,1,0,1,1,0,0,0,0,0,0,0,0,0,0,0,0,0,0,0,1,0,,0,0,,,,,,,,
4/24/2016,Adeiny,Hechavarria,MIA,0.46,,,,,,,,,1,1,0,1,1,0,0,0,0,0,0,0,0,0,0,0,0,0,1,0,0,0,,0,0,,,,,,,,
4/29/2016,Adeiny,Hechavarria,MIA,-0.25,,,,,,,,,1,1,0,0,0,0,0,0,0,0,0,0,0,0,0,0,0,0,1,0,0,0,,0,1,,,,,,,,
4/10/2016,Christopher,Johnson,MIA,-0.32,,,,,,,,,1,1,0,0,0,0,0,0,0,0,0,0,0,1,0,0,0,0,0,0,0,0,,0,1,,,,,,,,
4/12/2016,Christopher,Johnson,MIA,-0.25,,,,,,,,,1,1,0,0,0,0,0,0,0,0,0,0,0,0,0,0,0,0,1,0,0,0,,0,1,,,,,,,,
4/13/2016,Christopher,Johnson,MIA,-0.25,,,,,,,,,1,1,0,0,0,0,0,0,0,0,0,0,0,0,0,0,0,0,1,0,0,0,,0,1,,,,,,,,
4/16/2016,Christopher,Johnson,MIA,-0.32,,,,,,,,,1,1,0,0,0,0,0,0,0,0,0,0,0,1,0,0,0,0,0,0,0,0,,0,1,,,,,,,,
4/21/2016,Christopher,Johnson,MIA,-0.25,,,,,,,,,1,1,0,0,0,0,0,0,0,0,0,0,0,0,0,0,0,0,1,0,0,0,,0,1,,,,,,,,
4/23/2016,Christopher,Johnson,MIA,-0.71,,,,,,,,,1,1,0,0,0,0,0,0,0,0,0,0,0,0,0,0,1,0,1,0,0,0,,0,1,,,,,,,,
4/7/2016,Bryan,Morris,MIA,-0.32,,,,,,,,,1,1,0,0,0,0,0,0,0,0,0,0,0,1,0,0,0,0,0,0,0,0,,0,1,,,,,,,,
4/11/2016,Christopher,Narveson,MIA,-0.32,,,,,,,,,1,1,0,0,0,0,0,0,0,0,0,0,0,1,0,0,0,0,0,0,0,0,,0,1,,,,,,,,
4/16/2016,Christopher,Narveson,MIA,-0.25,,,,,,,,,1,1,0,0,0,0,0,0,0,0,0,0,0,0,0,0,0,0,1,0,0,0,,0,1,,,,,,,,
4/19/2016,Christopher,Narveson,MIA,-0.32,,,,,,,,,1,1,0,0,0,0,0,0,0,0,0,0,0,1,0,0,0,0,0,0,0,0,,0,1,,,,,,,,
4/13/2016,Marcell,Ozuna,MIA,-0.25,,,,,,,,,1,1,0,0,0,0,0,0,0,0,0,0,0,0,0,0,0,0,0,1,0,0,,0,1,,,,,,,,
4/12/2016,Martin,Prado,MIA,0.20,,,,,,,,,1,0,0,0,0,0,0,0,1,0,1,0,0,0,0,0,0,0,0,1,0,0,,0,0,,,,,,,,
4/5/2016,Miguel Elias,Rojas,MIA,-0.25,,,,,,,,,1,1,0,0,0,0,0,0,0,0,0,0,0,0,0,0,0,0,1,0,0,0,,0,1,,,,,,,,
4/7/2016,Miguel Elias,Rojas,MIA,-0.25,,,,,,,,,1,1,0,0,0,0,0,0,0,0,0,0,0,0,0,0,0,0,0,1,0,1,,0,1,,,,,,,,
4/18/2016,Miguel Elias,Rojas,MIA,0.46,,,,,,,,,1,1,0,1,1,0,0,0,0,0,0,0,0,0,0,0,0,0,0,0,1,0,,0,0,,,,,,,,
4/23/2016,Miguel,Rojas,MIA,-0.32,,,,,,,,,1,1,0,0,0,0,0,0,0,0,0,0,0,1,0,0,0,0,0,0,0,0,,0,1,,,,,,,,
4/25/2016,Miguel,Rojas,MIA,-0.25,,,,,,,,,1,1,0,0,0,0,0,0,0,0,0,0,0,0,0,0,0,0,1,0,0,0,,0,1,,,,,,,,
4/28/2016,Miguel,Rojas,MIA,-0.25,,,,,,,,,1,1,0,0,0,0,0,0,0,0,0,0,0,0,0,0,0,0,0,0,1,0,,0,1,,,,,,,,
4/30/2016,Miguel,Rojas,MIA,0.33,,,,,,,,,1,0,0,0,0,0,0,0,0,0,0,0,1,0,0,0,0,0,0,0,0,0,,0,0,,,,,,,,
4/11/2016,Ichiro,Suzuki,MIA,-0.25,,,,,,,,,1,1,0,0,0,0,0,0,0,0,0,0,0,0,0,0,0,0,1,0,0,0,,0,1,,,,,,,,
4/18/2016,Ichiro,Suzuki,MIA,-0.25,,,,,,,,,1,1,0,0,0,0,0,0,0,0,0,0,0,0,0,0,0,0,0,1,0,0,,0,1,,,,,,,,
4/19/2016,Ichiro,Suzuki,MIA,0.46,,,,,,,,,1,1,0,1,1,0,0,0,0,0,0,0,0,0,0,0,0,0,1,0,0,0,,1,0,,,,,,,,
4/26/2016,Ichiro,Suzuki,MIA,0.46,,,,,,,,,1,1,0,1,1,0,0,0,0,0,0,0,0,0,0,0,0,0,0,0,1,0,,0,0,,,,,,,,
4/27/2016,Ichiro,Suzuki,MIA,-0.25,,,,,,,,,1,1,0,0,0,0,0,0,0,0,0,0,0,0,0,0,0,0,0,0,1,0,,0,1,,,,,,,,
4/30/2016,Ichiro,Suzuki,MIA,-0.32,,,,,,,,,1,1,0,0,0,0,0,0,0,0,0,0,0,1,0,0,0,0,0,0,0,0,,0,1,,,,,,,,
4/30/2016,Chase,Anderson,MIL,-0.32,,,,,,,,,1,1,0,0,0,0,0,0,0,0,0,0,0,1,0,0,0,0,0,0,0,0,,0,1,,,,,,,,
4/26/2016,Ryan,Braun,MIL,0.80,,,,,,,,,1,1,0,1,0,1,0,0,2,0,0,0,0,0,0,0,0,0,0,0,1,0,,0,0,,,,,,,,
4/29/2016,Zachary,Davies,MIL,-0.32,,,,,,,,,1,1,0,0,0,0,0,0,0,0,0,0,0,1,0,0,0,0,0,0,0,0,,0,1,,,,,,,,
4/14/2016,Ramon,Flores,MIL,-0.32,,,,,,,,,1,1,0,0,0,0,0,0,0,0,0,0,0,1,0,0,0,0,0,0,0,0,,0,1,,,,,,,,
4/21/2016,Taylor Heath,Jungmann,MIL,-0.32,,,,,,,,,1,1,0,0,0,0,0,0,0,0,0,0,0,1,0,0,0,0,0,0,0,0,,0,1,,,,,,,,
4/20/2016,Kirk Robert,Nieuwenhuis,MIL,-0.32,,,,,,,,,1,1,0,0,0,0,0,0,0,0,0,0,0,1,0,0,0,0,0,0,0,0,,0,1,,,,,,,,
4/21/2016,Kirk Robert,Nieuwenhuis,MIL,-0.25,,,,,,,,,1,1,0,0,0,0,0,0,0,0,0,0,0,0,0,0,0,0,0,1,0,1,,0,1,,,,,,,,
4/23/2016,Kirk,Nieuwenhuis,MIL,-0.32,,,,,,,,,1,1,0,0,0,0,0,0,0,0,0,0,0,1,0,0,0,0,0,0,0,0,,0,1,,,,,,,,
4/29/2016,Kirk,Nieuwenhuis,MIL,0.33,,,,,,,,,1,0,0,0,0,0,0,0,0,0,0,0,1,0,0,0,0,0,0,0,0,0,,0,0,,,,,,,,
4/30/2016,Kirk,Nieuwenhuis,MIL,-0.25,,,,,,,,,1,1,0,0,0,0,0,0,0,0,0,0,0,0,0,0,0,0,0,1,0,0,,0,1,,,,,,,,
4/9/2016,Wily,Peralta,MIL,-0.25,,,,,,,,,1,1,0,0,0,0,0,0,0,0,0,0,0,0,0,0,0,0,0,1,0,0,,0,1,,,,,,,,
4/21/2016,Alexander,Presley,MIL,0.46,,,,,,,,,1,1,0,1,1,0,0,0,0,0,0,0,0,0,0,0,0,0,0,0,1,0,,0,0,,,,,,,,
4/22/2016,Alexander,Presley,MIL,-0.25,,,,,,,,,1,1,0,0,0,0,0,0,0,0,0,0,0,0,0,0,0,0,1,0,0,0,,0,1,,,,,,,,
4/24/2016,Alexander,Presley,MIL,1.40,,,,,,,,,1,1,1,1,0,0,0,1,2,0,0,0,0,0,0,0,0,0,0,1,0,0,,0,0,,,,,,,,
4/29/2016,Alexander,Presley,MIL,0.46,,,,,,,,,1,1,1,1,1,0,0,0,1,0,0,0,0,0,0,0,0,0,1,0,0,0,,0,0,,,,,,,,
4/11/2016,Yadiel,Rivera,MIL,-0.32,,,,,,,,,1,1,0,0,0,0,0,0,0,0,0,0,0,1,0,0,0,0,0,0,0,0,,0,1,,,,,,,,
4/19/2016,Domingo Alberto,Santana,MIL,-0.32,,,,,,,,,1,1,0,0,0,0,0,0,0,0,0,0,0,1,0,0,0,0,0,0,0,0,,0,1,,,,,,,,
4/4/2016,Colin,Walsh,MIL,-0.25,,,,,,,,,1,1,0,0,0,0,0,0,0,0,0,0,0,0,0,0,0,0,0,0,1,0,,0,1,,,,,,,,
4/9/2016,Colin,Walsh,MIL,-0.32,,,,,,,,,1,1,0,0,0,0,0,0,0,0,0,0,0,1,0,0,0,0,0,0,0,0,,0,1,,,,,,,,
4/10/2016,Colin,Walsh,MIL,0.33,,,,,,,,,1,0,0,0,0,0,0,0,0,0,0,0,1,0,0,0,0,0,0,0,0,0,,0,0,,,,,,,,
4/14/2016,Colin,Walsh,MIL,-0.25,,,,,,,,,1,1,0,0,0,0,0,0,0,0,0,0,0,0,0,0,0,0,1,0,0,0,,0,1,,,,,,,,
4/15/2016,Colin,Walsh,MIL,0.33,,,,,,,,,1,0,0,0,0,0,0,0,0,0,0,0,1,0,0,0,0,0,0,0,0,0,,0,0,,,,,,,,
4/16/2016,Colin,Walsh,MIL,0.33,,,,,,,,,1,0,0,0,0,0,0,0,0,0,0,0,1,0,0,0,0,0,0,0,0,0,,0,0,,,,,,,,
4/21/2016,Colin,Walsh,MIL,-0.32,,,,,,,,,1,1,0,0,0,0,0,0,0,0,0,0,0,1,0,0,0,0,0,0,0,0,,0,1,,,,,,,,
4/22/2016,Colin,Walsh,MIL,-0.32,,,,,,,,,1,1,0,0,0,0,0,0,0,0,0,0,0,1,0,0,0,0,0,0,0,0,,0,1,,,,,,,,
4/24/2016,Colin,Walsh,MIL,-0.25,,,,,,,,,1,1,0,0,0,0,0,0,0,0,0,0,0,0,0,0,0,0,0,0,1,0,,0,1,,,,,,,,
4/26/2016,Colin,Walsh,MIL,0.33,,,,,,,,,1,0,1,0,0,0,0,0,0,0,0,0,1,0,0,0,0,0,0,0,0,0,,0,0,,,,,,,,
4/28/2016,Colin,Walsh,MIL,0.33,,,,,,,,,1,0,0,0,0,0,0,0,0,0,0,0,1,0,0,0,0,0,0,0,0,0,,0,0,,,,,,,,
4/17/2016,Eduardo Jose,Escobar,MIN,-0.25,,,,,,,,,1,1,0,0,0,0,0,0,0,0,0,0,0,0,0,0,0,0,0,0,1,0,,0,1,,,,,,,,
4/10/2016,Max,Kepler,MIN,0.33,,,,,,,,,1,0,0,0,0,0,0,0,0,0,0,0,1,0,0,0,0,0,0,0,0,0,,0,0,,,,,,,,
4/9/2016,Eduardo,Nunez,MIN,-0.25,,,,,,,,,1,1,0,0,0,0,0,0,0,0,0,0,0,0,0,0,0,0,1,0,0,0,,0,1,,,,,,,,
4/24/2016,Ryan,O'Rourke,MIN,-0.25,,,,,,,,,1,1,0,0,0,0,0,0,0,0,0,0,0,0,0,0,0,0,1,0,0,0,,0,1,,,,,,,,
4/29/2016,Jorge,Polanco,MIN,-0.25,,,,,,,,,1,1,0,0,0,0,0,0,0,0,0,0,0,0,0,0,0,0,0,1,0,1,,0,1,,,,,,,,
4/8/2016,Eddie,Rosario,MIN,-0.32,,,,,,,,,1,1,0,0,0,0,0,0,0,0,0,0,0,1,0,0,0,0,0,0,0,0,,0,1,,,,,,,,
4/30/2016,Dustin,Ackley,NYA,-0.25,,,,,,,,,1,1,0,0,0,0,0,0,0,0,0,0,0,0,0,0,0,0,1,0,0,0,,0,1,,,,,,,,
4/6/2016,Aaron,Hicks,NYA,0.46,,,,,,,,,1,1,1,1,1,0,0,0,0,0,0,0,0,0,0,0,0,0,1,0,0,0,,0,0,,,,,,,,
4/9/2016,Aaron,Hicks,NYA,-0.25,,,,,,,,,1,1,0,0,0,0,0,0,0,0,0,0,0,0,0,0,0,0,1,0,0,0,,0,1,,,,,,,,
4/30/2016,Aaron,Hicks,NYA,-0.25,,,,,,,,,1,1,0,0,0,0,0,0,0,0,0,0,0,0,0,0,0,0,1,0,0,0,,0,1,,,,,,,,
4/16/2016,Brian,McCann,NYA,-0.25,,,,,,,,,1,1,0,0,0,0,0,0,0,0,0,0,0,0,0,0,0,0,0,1,0,1,,0,1,,,,,,,,
4/6/2016,Austin Allen,Romine,NYA,-0.25,,,,,,,,,1,1,0,0,0,0,0,0,0,0,0,0,0,0,0,0,0,0,0,1,0,0,,0,1,,,,,,,,
4/30/2016,Austin,Romine,NYA,-0.32,,,,,,,,,1,1,0,0,0,0,0,0,0,0,0,0,0,1,0,0,0,0,0,0,0,0,,0,1,,,,,,,,
4/6/2016,Ronald Alcides,Torreyes,NYA,1.02,,,,,,,,,1,1,1,1,0,0,1,0,2,0,0,0,0,0,0,0,0,0,0,1,0,0,,0,0,,,,,,,,
4/30/2016,Ronald,Torreyes,NYA,-0.25,,,,,,,,,1,1,0,0,0,0,0,0,0,0,0,0,0,0,0,0,0,0,1,0,0,0,,0,1,,,,,,,,
4/19/2016,Eric Singleton,Campbell,NYN,0.46,,,,,,,,,1,1,1,1,1,0,0,0,0,0,0,0,0,0,0,0,0,0,1,0,0,0,,0,0,,,,,,,,
4/22/2016,Eric Singleton,Campbell,NYN,-0.25,,,,,,,,,1,1,0,0,0,0,0,0,0,0,0,0,0,0,0,0,0,0,0,1,0,0,,0,1,,,,,,,,
4/24/2016,Eric,Campbell,NYN,-0.32,,,,,,,,,1,1,0,0,0,0,0,0,0,0,0,0,0,1,0,0,0,0,0,0,0,0,,0,1,,,,,,,,
4/26/2016,Eric,Campbell,NYN,-0.25,,,,,,,,,1,1,0,0,0,0,0,0,0,0,0,0,0,0,0,0,0,0,0,1,0,0,,0,1,,,,,,,,
4/29/2016,Eric,Campbell,NYN,-0.32,,,,,,,,,1,1,0,0,0,0,0,0,0,0,0,0,0,1,0,0,0,0,0,0,0,0,,0,1,,,,,,,,
4/30/2016,Eric,Campbell,NYN,-0.25,,,,,,,,,1,1,0,0,0,0,0,0,0,0,0,0,0,0,0,0,0,0,0,0,1,0,,0,1,,,,,,,,
4/3/2016,Alejandro,De Aza,NYN,-0.25,,,,,,,,,1,1,0,0,0,0,0,0,0,0,0,0,0,0,0,0,0,0,1,0,0,0,,0,1,,,,,,,,
4/18/2016,Wilmer Alejandro,Flores,NYN,-0.25,,,,,,,,,1,1,0,0,0,0,0,0,0,0,0,0,0,0,0,0,0,0,0,1,0,0,,0,1,,,,,,,,
4/19/2016,Wilmer Alejandro,Flores,NYN,-0.25,,,,,,,,,1,1,0,0,0,0,0,0,0,0,0,0,0,0,0,0,0,0,1,0,0,0,,0,1,,,,,,,,
4/20/2016,Wilmer Alejandro,Flores,NYN,-0.25,,,,,,,,,1,1,0,0,0,0,0,0,0,0,0,0,0,0,0,0,0,0,0,0,1,0,,0,1,,,,,,,,
4/27/2016,Curtis,Granderson,NYN,-0.25,,,,,,,,,1,1,0,0,0,0,0,0,0,0,0,0,0,0,0,0,0,0,0,1,0,1,,0,1,,,,,,,,
4/18/2016,Juan Osvaldo,Lagares,NYN,0.46,,,,,,,,,1,1,0,1,1,0,0,0,0,0,0,0,0,0,0,0,0,0,1,0,0,0,,0,0,,,,,,,,
4/22/2016,Juan Osvaldo,Lagares,NYN,0.46,,,,,,,,,1,1,0,1,1,0,0,0,0,0,0,0,0,0,0,0,0,0,1,0,0,0,,0,0,,,,,,,,
4/25/2016,Juan,Lagares,NYN,-0.25,,,,,,,,,1,1,0,0,0,0,0,0,0,0,0,0,0,0,0,0,0,0,0,1,0,0,,0,1,,,,,,,,
4/29/2016,Juan,Lagares,NYN,0.46,,,,,,,,,1,1,0,1,1,0,0,0,1,0,0,0,0,0,0,0,0,0,0,0,1,0,,0,0,,,,,,,,
4/16/2016,Kevin Jeffrey,Plawecki,NYN,0.33,,,,,,,,,1,0,0,0,0,0,0,0,0,0,0,0,1,0,0,0,0,0,0,0,0,0,,0,0,,,,,,,,
4/25/2016,Kevin,Plawecki,NYN,-0.32,,,,,,,,,1,1,0,0,0,0,0,0,0,0,0,0,0,1,0,0,0,0,0,0,0,0,,0,1,,,,,,,,
4/11/2016,Hansel Manuel,Robles,NYN,-0.71,,,,,,,,,1,1,0,0,0,0,0,0,0,0,0,0,0,0,0,0,1,0,0,0,0,0,,0,1,,,,,,,,
4/4/2016,Yonder,Alonso,OAK,-0.25,,,,,,,,,1,1,0,0,0,0,0,0,0,0,0,0,0,0,0,0,0,0,1,0,0,0,,0,1,,,,,,,,
4/10/2016,Billy John,Burns,OAK,-0.25,,,,,,,,,1,1,0,0,0,0,0,0,0,0,0,0,0,0,0,0,0,0,0,1,0,1,,0,1,,,,,,,,
4/11/2016,Billy,Butler,OAK,-0.71,,,,,,,,,1,1,0,0,0,0,0,0,0,0,0,0,0,0,0,0,1,0,1,0,0,0,,0,1,,,,,,,,
4/20/2016,Billy,Butler,OAK,0.46,,,,,,,,,1,1,1,1,1,0,0,0,0,0,0,0,0,0,0,0,0,0,0,0,1,0,,0,0,,,,,,,,
4/24/2016,Billy,Butler,OAK,-0.25,,,,,,,,,1,1,0,0,0,0,0,0,0,0,0,0,0,0,0,0,0,0,1,0,0,0,,0,1,,,,,,,,
4/25/2016,Billy,Butler,OAK,0.80,,,,,,,,,1,1,0,1,0,1,0,0,0,0,0,0,0,0,0,0,0,0,0,1,0,0,,0,0,,,,,,,,
4/28/2016,Billy,Butler,OAK,-0.32,,,,,,,,,1,1,0,0,0,0,0,0,0,0,0,0,0,1,0,0,0,0,0,0,0,0,,0,1,,,,,,,,
4/27/2016,Mark,Canha,OAK,-0.32,,,,,,,,,1,1,0,0,0,0,0,0,0,0,0,0,0,1,0,0,0,0,0,0,0,0,,0,1,,,,,,,,
4/29/2016,Mark,Canha,OAK,0.15,,,,,,,,,1,0,0,0,0,0,0,0,0,1,0,0,0,0,0,0,0,0,0,0,0,0,,0,0,,,,,,,,
4/4/2016,Christopher,CoghLAD,OAK,-0.32,,,,,,,,,1,1,0,0,0,0,0,0,0,0,0,0,0,1,0,0,0,0,0,0,0,0,,0,1,,,,,,,,
4/5/2016,Christopher,CoghLAD,OAK,-0.32,,,,,,,,,1,1,0,0,0,0,0,0,0,0,0,0,0,1,0,0,0,0,0,0,0,0,,0,1,,,,,,,,
4/6/2016,Covelli,Crisp,OAK,-0.32,,,,,,,,,1,1,0,0,0,0,0,0,0,0,0,0,0,1,0,0,0,0,0,0,0,0,,0,1,,,,,,,,
4/12/2016,Covelli,Crisp,OAK,-0.25,,,,,,,,,1,1,0,0,0,0,0,0,0,0,0,0,0,0,0,0,0,0,0,1,0,1,,0,1,,,,,,,,
4/7/2016,Khristopher Adrian,Davis,OAK,-0.25,,,,,,,,,1,1,0,0,0,0,0,0,0,0,0,0,0,0,0,0,0,0,0,1,0,0,,0,1,,,,,,,,
4/20/2016,Kendall,Graveman,OAK,-0.32,,,,,,,,,1,1,0,0,0,0,0,0,0,0,0,0,0,1,0,0,0,0,0,0,0,0,,0,1,,,,,,,,
4/7/2016,Andrew,Lambo,OAK,-0.25,,,,,,,,,1,1,0,0,0,0,0,0,0,0,0,0,0,0,0,0,0,0,1,0,0,0,,0,1,,,,,,,,
4/17/2016,Jed,Lowrie,OAK,0.46,,,,,,,,,1,1,0,1,1,0,0,0,1,0,0,0,0,0,0,0,0,0,1,0,0,0,,0,0,,,,,,,,
4/12/2016,Stephen Guy,Vogt,OAK,-0.25,,,,,,,,,1,1,0,0,0,0,0,0,0,0,0,0,0,0,0,0,0,0,1,0,0,0,,0,1,,,,,,,,
4/16/2016,Andres,Blanco,PHI,-0.25,,,,,,,,,1,1,0,0,0,0,0,0,0,0,0,0,0,0,0,0,0,0,0,1,0,0,,0,1,,,,,,,,
4/17/2016,Andres,Blanco,PHI,0.46,,,,,,,,,1,1,1,1,1,0,0,0,1,0,0,0,0,0,0,0,0,0,0,0,1,0,,0,0,,,,,,,,
4/20/2016,Andres,Blanco,PHI,-0.25,,,,,,,,,1,1,0,0,0,0,0,0,0,0,0,0,0,0,0,0,0,0,1,0,0,0,,0,1,,,,,,,,
4/24/2016,Andres,Blanco,PHI,-0.32,,,,,,,,,1,1,0,0,0,0,0,0,0,0,0,0,0,1,0,0,0,0,0,0,0,0,,0,1,,,,,,,,
4/27/2016,Andres,Blanco,PHI,-0.32,,,,,,,,,1,1,0,0,0,0,0,0,0,0,0,0,0,1,0,0,0,0,0,0,0,0,,0,1,,,,,,,,
4/11/2016,Emmanuel Allen,Burriss,PHI,-0.32,,,,,,,,,1,1,0,0,0,0,0,0,0,0,0,0,0,1,0,0,0,0,0,0,0,0,,0,1,,,,,,,,
4/12/2016,Emmanuel Allen,Burriss,PHI,0.33,,,,,,,,,1,0,1,0,0,0,0,0,0,0,0,0,1,0,0,0,0,0,0,0,0,0,,0,0,,,,,,,,
4/16/2016,Emmanuel Allen,Burriss,PHI,1.02,,,,,,,,,1,1,0,1,0,0,1,0,0,0,0,0,0,0,0,0,0,0,0,1,0,0,,0,0,,,,,,,,
4/17/2016,Emmanuel Allen,Burriss,PHI,-0.32,,,,,,,,,1,1,0,0,0,0,0,0,0,0,0,0,0,1,0,0,0,0,0,0,0,0,,0,1,,,,,,,,
4/18/2016,Emmanuel Allen,Burriss,PHI,-0.25,,,,,,,,,1,1,0,0,0,0,0,0,0,0,0,0,0,0,0,0,0,0,1,0,0,0,,0,1,,,,,,,,
4/26/2016,Emmanuel,Burriss,PHI,-0.25,,,,,,,,,1,1,0,0,0,0,0,0,0,0,0,0,0,0,0,0,0,0,0,0,1,0,,0,1,,,,,,,,
4/28/2016,Emmanuel,Burriss,PHI,-0.25,,,,,,,,,1,1,0,0,0,0,0,0,0,0,0,0,0,0,0,0,0,0,0,0,0,0,,0,1,,,,,,,,
4/29/2016,Emmanuel,Burriss,PHI,-0.25,,,,,,,,,1,1,0,0,0,0,0,0,0,0,0,0,0,0,0,0,0,0,0,1,0,0,,0,1,,,,,,,,
4/6/2016,Ryan,Howard,PHI,0.46,,,,,,,,,1,1,0,1,1,0,0,0,0,0,0,0,0,0,0,0,0,0,1,0,0,0,,1,0,,,,,,,,
4/30/2016,David,Lough,PHI,0.46,,,,,,,,,1,1,1,1,1,0,0,0,0,0,0,0,0,0,0,0,0,0,0,1,0,0,,0,0,,,,,,,,
4/29/2016,Adam,Morgan,PHI,-0.25,,,,,,,,,1,1,0,0,0,0,0,0,0,0,0,0,0,0,0,0,0,0,1,0,0,0,,0,1,,,,,,,,
4/7/2016,Brett,Oberholtzer,PHI,-0.32,,,,,,,,,1,1,0,0,0,0,0,0,0,0,0,0,0,1,0,0,0,0,0,0,0,0,,0,1,,,,,,,,
4/15/2016,Brett,Oberholtzer,PHI,-0.25,,,,,,,,,1,1,0,0,0,0,0,0,0,0,0,0,0,0,0,0,0,0,1,0,0,0,,0,1,,,,,,,,
4/23/2016,Brett,Oberholtzer,PHI,-0.32,,,,,,,,,1,1,0,0,0,0,0,0,0,0,0,0,0,1,0,0,0,0,0,0,0,0,,0,1,,,,,,,,
4/8/2016,Darin CortLADd,Ruf,PHI,0.46,,,,,,,,,1,1,0,1,1,0,0,0,0,0,0,0,0,0,0,0,0,0,0,0,1,0,,0,0,,,,,,,,
4/24/2016,Darin,Ruf,PHI,0.46,,,,,,,,,1,1,0,1,1,0,0,0,0,0,0,0,0,0,0,0,0,0,0,0,1,0,,0,0,,,,,,,,
4/26/2016,Darin,Ruf,PHI,-0.25,,,,,,,,,1,1,0,0,0,0,0,0,0,0,0,0,0,0,0,0,0,0,0,1,0,1,,0,1,,,,,,,,
4/29/2016,Darin,Ruf,PHI,-0.71,,,,,,,,,1,1,0,0,0,0,0,0,0,0,0,0,0,0,0,0,1,0,1,0,0,0,,0,1,,,,,,,,
4/8/2016,Cole,Figueroa,PIT,-0.25,,,,,,,,,1,1,0,0,0,0,0,0,0,0,0,0,0,0,0,0,0,0,0,0,1,0,,0,1,,,,,,,,
4/13/2016,Cole,Figueroa,PIT,-0.25,,,,,,,,,1,1,0,0,0,0,0,0,0,0,0,0,0,0,0,0,0,0,0,0,1,0,,0,1,,,,,,,,
4/14/2016,Cole,Figueroa,PIT,-0.25,,,,,,,,,1,1,0,0,0,0,0,0,0,0,0,0,0,0,0,0,0,0,0,0,1,0,,0,1,,,,,,,,
4/15/2016,Cole,Figueroa,PIT,-0.25,,,,,,,,,1,1,0,0,0,0,0,0,0,0,0,0,0,0,0,0,0,0,1,0,0,0,,0,1,,,,,,,,
4/16/2016,Cole,Figueroa,PIT,-0.25,,,,,,,,,1,1,0,0,0,0,0,0,0,0,0,0,0,0,0,0,0,0,0,1,0,0,,0,1,,,,,,,,
4/17/2016,Cole,Figueroa,PIT,-0.25,,,,,,,,,1,1,0,0,0,0,0,0,0,0,0,0,0,0,0,0,0,0,0,0,1,0,,0,1,,,,,,,,
4/21/2016,Cole,Figueroa,PIT,-0.25,,,,,,,,,1,1,0,0,0,0,0,0,0,0,0,0,0,0,0,0,0,0,0,1,0,0,,0,1,,,,,,,,
4/3/2016,Matthew,Joyce,PIT,0.33,,,,,,,,,1,0,0,0,0,0,0,0,0,0,0,0,1,0,0,0,0,0,0,0,0,0,,0,0,,,,,,,,
4/5/2016,Matthew,Joyce,PIT,-0.32,,,,,,,,,1,1,0,0,0,0,0,0,0,0,0,0,0,1,0,0,0,0,0,0,0,0,,0,1,,,,,,,,
4/6/2016,Matthew,Joyce,PIT,-0.32,,,,,,,,,1,1,0,0,0,0,0,0,0,0,0,0,0,1,0,0,0,0,0,0,0,0,,0,1,,,,,,,,
4/8/2016,Matthew,Joyce,PIT,-0.25,,,,,,,,,1,1,0,0,0,0,0,0,0,0,0,0,0,0,0,0,0,0,1,0,0,0,,0,1,,,,,,,,
4/9/2016,Matthew,Joyce,PIT,0.33,,,,,,,,,1,0,0,0,0,0,0,0,0,0,0,0,1,0,0,0,0,0,0,0,0,0,,0,0,,,,,,,,
4/10/2016,Matthew,Joyce,PIT,0.33,,,,,,,,,1,0,0,0,0,0,0,0,0,0,0,0,1,0,0,0,0,0,0,0,0,0,,0,0,,,,,,,,
4/14/2016,Matthew,Joyce,PIT,-0.25,,,,,,,,,1,1,0,0,0,0,0,0,0,0,0,0,0,0,0,0,0,0,1,0,0,0,,0,1,,,,,,,,
4/23/2016,Matthew,Joyce,PIT,0.33,,,,,,,,,1,0,0,0,0,0,0,0,0,0,0,0,1,0,0,0,0,0,0,0,0,0,,0,0,,,,,,,,
4/30/2016,Matthew,Joyce,PIT,0.46,,,,,,,,,1,1,1,1,1,0,0,0,0,0,0,0,0,0,0,0,0,0,0,0,1,0,,0,0,,,,,,,,
4/20/2016,Kyle Eric,Lobstein,PIT,-0.32,,,,,,,,,1,1,0,0,0,0,0,0,0,0,0,0,0,1,0,0,0,0,0,0,0,0,,0,1,,,,,,,,
4/15/2016,Jeff,Locke,PIT,-0.25,,,,,,,,,1,1,0,0,0,0,0,0,0,0,0,0,0,0,0,0,0,0,1,0,0,0,,0,1,,,,,,,,
4/24/2016,Jonathon,Niese,PIT,0.46,,,,,,,,,1,1,0,1,1,0,0,0,1,0,0,0,0,0,0,0,0,0,0,0,1,0,,0,0,,,,,,,,
4/20/2016,Gregory,Polanco,PIT,-0.25,,,,,,,,,1,1,0,0,0,0,0,0,1,0,0,0,0,0,0,0,0,0,1,0,0,0,,0,1,,,,,,,,
4/30/2016,Sean,Rodriguez,PIT,1.40,,,,,,,,,1,1,1,1,0,0,0,1,2,0,0,0,0,0,0,0,0,0,0,1,0,0,,0,0,,,,,,,,
4/25/2016,Jason,Rogers,PIT,0.33,,,,,,,,,1,0,1,0,0,0,0,0,0,0,0,0,1,0,0,0,0,0,0,0,0,0,,0,0,,,,,,,,
4/21/2016,Rob Joseph,Scahill,PIT,-0.32,,,,,,,,,1,1,0,0,0,0,0,0,0,0,0,0,0,1,0,0,0,0,0,0,0,0,,0,1,,,,,,,,
4/15/2016,Mallex Lydell,Smith,PIT,0.05,,,,,,,,,1,1,1,0,0,0,0,0,0,0,0,0,0,0,1,0,0,0,0,1,0,0,,0,1,,,,,,,,
4/13/2016,Ryan,Vogelsong,PIT,-0.32,,,,,,,,,1,1,0,0,0,0,0,0,0,0,0,0,0,1,0,0,0,0,0,0,0,0,,0,1,,,,,,,,
4/17/2016,Alexi Jose,Amarista,SD,-0.25,,,,,,,,,1,1,0,0,0,0,0,0,0,0,0,0,0,0,0,0,0,0,1,0,0,0,,0,1,,,,,,,,
4/9/2016,Christian Gabriel,Bethancourt,SD,0.46,,,,,,,,,1,1,0,1,1,0,0,0,1,0,0,0,0,0,0,0,0,0,0,0,1,0,,0,0,,,,,,,,
4/16/2016,Christian Gabriel,Bethancourt,SD,-0.25,,,,,,,,,1,1,0,0,0,0,0,0,0,0,0,0,0,0,0,0,0,0,1,0,0,0,,0,1,,,,,,,,
4/19/2016,Jabari Jerell,Blash,SD,0.33,,,,,,,,,1,0,0,0,0,0,0,0,0,0,0,0,1,0,0,0,0,0,0,0,0,0,,0,0,,,,,,,,
4/21/2016,Jabari Jerell,Blash,SD,-0.25,,,,,,,,,1,1,0,0,0,0,0,0,0,0,0,0,0,0,0,0,0,0,1,0,0,0,,0,1,,,,,,,,
4/23/2016,Jabari,Blash,SD,0.46,,,,,,,,,1,1,0,1,1,0,0,0,0,0,0,0,0,0,0,0,0,0,1,0,0,0,,0,0,,,,,,,,
4/27/2016,Jabari,Blash,SD,-0.32,,,,,,,,,1,1,0,0,0,0,0,0,0,0,0,0,0,1,0,0,0,0,0,0,0,0,,0,1,,,,,,,,
4/30/2016,Jabari,Blash,SD,0.33,,,,,,,,,1,0,0,0,0,0,0,0,0,0,0,0,1,0,0,0,0,0,0,0,0,0,,0,0,,,,,,,,
4/27/2016,Andrew,Cashner,SD,-0.25,,,,,,,,,1,1,0,0,0,0,0,0,1,0,0,0,0,0,0,0,0,0,1,0,0,0,,0,1,,,,,,,,
4/4/2016,Travis Paul,Jankowski,SD,0.46,,,,,,,,,1,1,0,1,1,0,0,0,0,0,0,0,0,0,0,0,0,0,0,0,1,0,,0,0,,,,,,,,
4/5/2016,Travis Paul,Jankowski,SD,-0.25,,,,,,,,,1,1,0,0,0,0,0,0,0,0,0,0,0,0,0,0,0,0,1,0,0,0,,0,1,,,,,,,,
4/6/2016,Travis Paul,Jankowski,SD,-0.32,,,,,,,,,1,1,0,0,0,0,0,0,0,0,0,0,0,1,0,0,0,0,0,0,0,0,,0,1,,,,,,,,
4/9/2016,Travis Paul,Jankowski,SD,0.33,,,,,,,,,1,0,1,0,0,0,0,0,0,0,0,0,1,0,0,0,0,0,0,0,0,0,,0,0,,,,,,,,
4/13/2016,Travis Paul,Jankowski,SD,-0.32,,,,,,,,,1,1,0,0,0,0,0,0,0,0,0,0,0,1,0,0,0,0,0,0,0,0,,0,1,,,,,,,,
4/20/2016,Travis Paul,Jankowski,SD,-0.32,,,,,,,,,1,1,0,0,0,0,0,0,0,0,0,0,0,1,0,0,0,0,0,0,0,0,,0,1,,,,,,,,
4/21/2016,Travis Paul,Jankowski,SD,-0.25,,,,,,,,,1,1,0,0,0,0,0,0,0,0,0,0,0,0,0,0,0,0,0,1,0,0,,0,1,,,,,,,,
4/29/2016,Travis,Jankowski,SD,-0.14,,,,,,,,,1,1,1,1,1,0,0,0,1,0,0,0,0,0,0,1,0,0,0,0,0,0,1,0,0,,,,,,,,
4/13/2016,Derek,Norris,SD,0.33,,,,,,,,,1,0,1,0,0,0,0,0,0,0,0,0,1,0,0,0,0,0,0,0,0,0,,0,0,,,,,,,,
4/24/2016,Derek,Norris,SD,-0.32,,,,,,,,,1,1,0,0,0,0,0,0,0,0,0,0,0,1,0,0,0,0,0,0,0,0,,0,1,,,,,,,,
4/24/2016,Jose,Pirela,SD,-0.25,,,,,,,,,1,1,0,0,0,0,0,0,0,0,0,0,0,0,0,0,0,0,1,0,0,0,,0,1,,,,,,,,
4/25/2016,Jose,Pirela,SD,-0.32,,,,,,,,,1,1,0,0,0,0,0,0,0,0,0,0,0,1,0,0,0,0,0,0,0,0,,0,1,,,,,,,,
4/13/2016,Alexei,Ramirez,SD,-0.25,,,,,,,,,1,1,0,0,0,0,0,0,0,0,0,0,0,0,0,0,0,0,0,1,0,1,,0,1,,,,,,,,
4/16/2016,Colin,Rea,SD,-0.32,,,,,,,,,1,1,0,0,0,0,0,0,0,0,0,0,0,1,0,0,0,0,0,0,0,0,,0,1,,,,,,,,
4/23/2016,Adam,Rosales,SD,-0.32,,,,,,,,,1,1,0,0,0,0,0,0,0,0,0,0,0,1,0,0,0,0,0,0,0,0,,0,1,,,,,,,,
4/16/2016,Cory Joseph,Spangenberg,SD,0.46,,,,,,,,,1,1,0,1,1,0,0,0,0,0,0,0,0,0,0,0,0,0,0,0,1,0,,0,0,,,,,,,,
4/9/2016,Carlos,Villanueva,SD,-0.32,,,,,,,,,1,1,0,0,0,0,0,0,0,0,0,0,0,1,0,0,0,0,0,0,0,0,,0,1,,,,,,,,
4/13/2016,Brett,Wallace,SD,0.46,,,,,,,,,1,1,0,1,1,0,0,0,1,0,0,0,0,0,0,0,0,0,1,0,0,0,,0,0,,,,,,,,
4/14/2016,Brett,Wallace,SD,-0.32,,,,,,,,,1,1,0,0,0,0,0,0,0,0,0,0,0,1,0,0,0,0,0,0,0,0,,0,1,,,,,,,,
4/19/2016,Brett,Wallace,SD,0.33,,,,,,,,,1,0,0,0,0,0,0,0,0,0,0,0,1,0,0,0,0,0,0,0,0,0,,0,0,,,,,,,,
4/29/2016,Brett,Wallace,SD,0.33,,,,,,,,,1,0,0,0,0,0,0,0,0,0,0,0,1,0,0,0,0,0,0,0,0,0,,0,0,,,,,,,,
4/6/2016,Nori,Aoki,SEA,0.46,,,,,,,,,1,1,1,1,1,0,0,0,0,0,0,0,0,0,0,0,0,0,1,0,0,0,,0,0,,,,,,,,
4/17/2016,Franklin,Gutierrez,SEA,-0.32,,,,,,,,,1,1,0,0,0,0,0,0,0,0,0,0,0,1,0,0,0,0,0,0,0,0,,0,1,,,,,,,,
4/19/2016,Franklin,Gutierrez,SEA,-0.32,,,,,,,,,1,1,0,0,0,0,0,0,0,0,0,0,0,1,0,0,0,0,0,0,0,0,,0,1,,,,,,,,
4/20/2016,Franklin,Gutierrez,SEA,-0.25,,,,,,,,,1,1,0,0,0,0,0,0,0,0,0,0,0,0,0,0,0,0,1,0,0,0,,0,1,,,,,,,,
4/22/2016,Franklin,Gutierrez,SEA,0.46,,,,,,,,,1,1,0,1,1,0,0,0,1,0,0,0,0,0,0,0,0,0,1,0,0,0,,0,0,,,,,,,,
4/4/2016,Dae-Ho,Lee,SEA,-0.32,,,,,,,,,1,1,0,0,0,0,0,0,0,0,0,0,0,1,0,0,0,0,0,0,0,0,,0,1,,,,,,,,
4/10/2016,Dae-Ho,Lee,SEA,-0.32,,,,,,,,,1,1,0,0,0,0,0,0,0,0,0,0,0,1,0,0,0,0,0,0,0,0,,0,1,,,,,,,,
4/11/2016,Dae-Ho,Lee,SEA,-0.25,,,,,,,,,1,1,0,0,0,0,0,0,0,0,0,0,0,0,0,0,0,0,1,0,0,0,,0,1,,,,,,,,
4/8/2016,Adam,Lind,SEA,-0.32,,,,,,,,,1,1,0,0,0,0,0,0,0,0,0,0,0,1,0,0,0,0,0,0,0,0,,0,1,,,,,,,,
4/16/2016,Adam,Lind,SEA,0.80,,,,,,,,,1,1,0,1,0,1,0,0,0,0,0,0,0,0,0,0,0,0,0,1,0,0,,0,0,,,,,,,,
4/13/2016,Sean,Rodriguez,SEA,0.33,,,,,,,,,1,0,1,0,0,0,0,0,0,0,0,0,1,0,0,0,0,0,0,0,0,0,,0,0,,,,,,,,
4/15/2016,Sean,Rodriguez,SEA,-0.32,,,,,,,,,1,1,0,0,0,0,0,0,0,0,0,0,0,1,0,0,0,0,0,0,0,0,,0,1,,,,,,,,
4/16/2016,Sean,Rodriguez,SEA,-0.32,,,,,,,,,1,1,0,0,0,0,0,0,0,0,0,0,0,1,0,0,0,0,0,0,0,0,,0,1,,,,,,,,
4/17/2016,Sean,Rodriguez,SEA,1.40,,,,,,,,,1,1,1,1,0,0,0,1,2,0,0,0,0,0,0,0,0,0,0,1,0,0,,0,0,,,,,,,,
4/19/2016,Sean,Rodriguez,SEA,-0.25,,,,,,,,,1,1,0,0,0,0,0,0,0,0,0,0,0,0,0,0,0,0,0,1,0,0,,0,1,,,,,,,,
4/21/2016,Sean,Rodriguez,SEA,0.33,,,,,,,,,1,0,1,0,0,0,0,0,1,0,0,0,1,0,0,0,0,0,0,0,0,0,,0,0,,,,,,,,
4/26/2016,Luis,Sardinas,SEA,-0.25,,,,,,,,,1,1,0,0,0,0,0,0,0,0,0,0,0,0,0,0,0,0,0,1,0,0,,0,1,,,,,,,,
4/8/2016,Garry,Smith,SEA,-0.32,,,,,,,,,1,1,0,0,0,0,0,0,0,0,0,0,0,1,0,0,0,0,0,0,0,0,,0,1,,,,,,,,
4/16/2016,Garry,Smith,SEA,-0.32,,,,,,,,,1,1,0,0,0,0,0,0,0,0,0,0,0,1,0,0,0,0,0,0,0,0,,0,1,,,,,,,,
4/23/2016,Garry,Smith,SEA,-0.25,,,,,,,,,1,1,0,0,0,0,0,0,0,0,0,0,0,0,0,0,0,0,1,0,0,0,,0,1,,,,,,,,
4/4/2016,Ehire Enrique,Adrianza,SF,0.46,,,,,,,,,1,1,0,1,1,0,0,0,0,0,0,0,0,0,0,0,0,0,0,0,1,0,,0,0,,,,,,,,
4/6/2016,Ehire Enrique,Adrianza,SF,-0.25,,,,,,,,,1,1,0,0,0,0,0,0,0,0,0,0,0,0,0,0,0,0,1,0,0,0,,0,1,,,,,,,,
4/19/2016,Brandon Kyle,Belt,SF,-0.25,,,,,,,,,1,1,0,0,0,0,0,0,0,0,0,0,0,0,0,0,0,0,0,1,0,0,,0,1,,,,,,,,
4/5/2016,Gregor,Blanco,SF,-0.32,,,,,,,,,1,1,0,0,0,0,0,0,0,0,0,0,0,1,0,0,0,0,0,0,0,0,,0,1,,,,,,,,
4/7/2016,Gregor,Blanco,SF,0.46,,,,,,,,,1,1,1,1,1,0,0,0,0,0,0,0,0,0,0,0,0,0,0,0,1,0,,0,0,,,,,,,,
4/13/2016,Gregor,Blanco,SF,-0.25,,,,,,,,,1,1,0,0,0,0,0,0,0,0,0,0,0,0,0,0,0,0,1,0,0,0,,0,1,,,,,,,,
4/18/2016,Gregor,Blanco,SF,-0.32,,,,,,,,,1,1,0,0,0,0,0,0,0,0,0,0,0,1,0,0,0,0,0,0,0,0,,0,1,,,,,,,,
4/29/2016,Gregor,Blanco,SF,0.80,,,,,,,,,1,1,0,1,0,1,0,0,0,0,0,0,0,0,0,0,0,0,0,0,1,0,,0,0,,,,,,,,
4/30/2016,Gregor,Blanco,SF,-0.25,,,,,,,,,1,1,0,0,0,0,0,0,0,0,0,0,0,0,0,0,0,0,1,0,0,0,,0,1,,,,,,,,
4/9/2016,Brandon,Crawford,SF,-0.25,,,,,,,,,1,1,0,0,0,0,0,0,0,0,0,0,0,0,0,0,0,0,0,1,0,0,,0,1,,,,,,,,
4/18/2016,Matt Michael,Duffy,SF,-0.32,,,,,,,,,1,1,0,0,0,0,0,0,0,0,0,0,0,1,0,0,0,0,0,0,0,0,,0,1,,,,,,,,
4/22/2016,Conor Michael,Gillaspie,SF,-0.25,,,,,,,,,1,1,0,0,0,0,0,0,0,0,0,0,0,0,0,0,0,0,0,1,0,0,,0,1,,,,,,,,
4/27/2016,Conor,Gillaspie,SF,-0.25,,,,,,,,,1,1,0,0,0,0,0,0,0,0,0,0,0,0,0,0,0,0,0,1,0,0,,0,1,,,,,,,,
4/30/2016,Conor,Gillaspie,SF,0.80,,,,,,,,,1,1,0,1,0,1,0,0,0,0,0,0,0,0,0,0,0,0,0,1,0,0,,0,0,,,,,,,,
4/23/2016,Angel,Pagan,SF,0.20,,,,,,,,,1,0,0,0,0,0,0,0,1,0,1,0,0,0,0,0,0,0,0,1,0,0,,0,0,,,,,,,,
4/9/2016,Joe Matthew,Panik,SF,-0.32,,,,,,,,,1,1,0,0,0,0,0,0,0,0,0,0,0,1,0,0,0,0,0,0,0,0,,0,1,,,,,,,,
4/29/2016,Jacob,Peavy,SF,-0.32,,,,,,,,,1,1,0,0,0,0,0,0,0,0,0,0,0,1,0,0,0,0,0,0,0,0,,0,1,,,,,,,,
4/20/2016,Hunter,Pence,SF,-0.25,,,,,,,,,1,1,0,0,0,0,0,0,0,0,0,0,0,0,0,0,0,0,0,1,0,1,,0,1,,,,,,,,
4/6/2016,Denard,Span,SF,-0.32,,,,,,,,,1,1,0,0,0,0,0,0,0,0,0,0,0,1,0,0,0,0,0,0,0,0,,0,1,,,,,,,,
4/27/2016,Kelby,Tomlinson,SF,-0.25,,,,,,,,,1,1,0,0,0,0,0,0,0,0,0,0,0,0,0,0,0,0,1,0,0,0,,0,1,,,,,,,,
4/15/2016,Johnathan Mackensey,Williamson,SF,-0.25,,,,,,,,,1,1,0,0,0,0,0,0,0,0,0,0,0,0,0,0,0,0,1,0,0,0,,0,1,,,,,,,,
4/18/2016,Johnathan Mackensey,Williamson,SF,-0.32,,,,,,,,,1,1,0,0,0,0,0,0,0,0,0,0,0,1,0,0,0,0,0,0,0,0,,0,1,,,,,,,,
4/19/2016,Johnathan Mackensey,Williamson,SF,-0.32,,,,,,,,,1,1,0,0,0,0,0,0,0,0,0,0,0,1,0,0,0,0,0,0,0,0,,0,1,,,,,,,,
4/11/2016,Matthew James,Adams,STL,0.46,,,,,,,,,1,1,0,1,1,0,0,0,1,0,0,0,0,0,0,0,0,0,0,0,1,0,,0,0,,,,,,,,
4/13/2016,Matthew James,Adams,STL,-0.25,,,,,,,,,1,1,0,0,0,0,0,0,0,0,0,0,0,0,0,0,0,0,1,0,0,0,,0,1,,,,,,,,
4/15/2016,Matthew James,Adams,STL,1.40,,,,,,,,,1,1,1,1,0,0,0,1,2,0,0,0,0,0,0,0,0,0,0,1,0,0,,0,0,,,,,,,,
4/27/2016,Matthew,Adams,STL,-0.32,,,,,,,,,1,1,0,0,0,0,0,0,0,0,0,0,0,1,0,0,0,0,0,0,0,0,,0,1,,,,,,,,
4/17/2016,Aledmys,Diaz,STL,0.33,,,,,,,,,1,0,1,0,0,0,0,0,0,0,0,0,1,0,0,0,0,0,0,0,0,0,,0,0,,,,,,,,
4/22/2016,Aledmys,Diaz,STL,0.46,,,,,,,,,1,1,0,1,1,0,0,0,0,0,0,0,0,0,0,0,0,0,1,0,0,0,,1,0,,,,,,,,
4/9/2016,Eric Joseph,Fryer,STL,0.46,,,,,,,,,1,1,1,1,1,0,0,0,1,0,0,0,0,0,0,0,0,0,1,0,0,0,,1,0,,,,,,,,
4/11/2016,Eric Joseph,Fryer,STL,0.46,,,,,,,,,1,1,1,1,1,0,0,0,0,0,0,0,0,0,0,0,0,0,1,0,0,0,,1,0,,,,,,,,
4/23/2016,Eric,Fryer,STL,-0.25,,,,,,,,,1,1,0,0,0,0,0,0,0,0,0,0,0,0,0,0,0,0,1,0,0,0,,0,1,,,,,,,,
4/25/2016,Eric,Fryer,STL,-0.25,,,,,,,,,1,1,0,0,0,0,0,0,0,0,0,0,0,0,0,0,0,0,0,0,1,0,,0,1,,,,,,,,
4/8/2016,Greg,Garcia,STL,1.40,,,,,,,,,1,1,1,1,0,0,0,1,1,0,0,0,0,0,0,0,0,0,0,1,0,0,,0,0,,,,,,,,
4/9/2016,Greg,Garcia,STL,0.33,,,,,,,,,1,0,1,0,0,0,0,0,0,0,0,0,1,0,0,0,0,0,0,0,0,0,,0,0,,,,,,,,
4/11/2016,Greg,Garcia,STL,-0.32,,,,,,,,,1,1,0,0,0,0,0,0,0,0,0,0,0,1,0,0,0,0,0,0,0,0,,0,1,,,,,,,,
4/15/2016,Greg,Garcia,STL,0.46,,,,,,,,,1,1,1,1,1,0,0,0,0,0,0,0,0,0,0,0,0,0,0,0,1,0,,0,0,,,,,,,,
4/6/2016,Randal Alexander,Grichuk,STL,-0.32,,,,,,,,,1,1,0,0,0,0,0,0,0,0,0,0,0,1,0,0,0,0,0,0,0,0,,0,1,,,,,,,,
4/30/2016,Randal,Grichuk,STL,-0.32,,,,,,,,,1,1,0,0,0,0,0,0,0,0,0,0,0,1,0,0,0,0,0,0,0,0,,0,1,,,,,,,,
4/10/2016,Jedd Lindon,Gyorko,STL,0.33,,,,,,,,,1,0,0,0,0,0,0,0,0,0,0,0,1,0,0,0,0,0,0,0,0,0,,0,0,,,,,,,,
4/18/2016,Jedd Lindon,Gyorko,STL,-0.32,,,,,,,,,1,1,0,0,0,0,0,0,0,0,0,0,0,1,0,0,0,0,0,0,0,0,,0,1,,,,,,,,
4/19/2016,Jedd Lindon,Gyorko,STL,-0.32,,,,,,,,,1,1,0,0,0,0,0,0,0,0,0,0,0,1,0,0,0,0,0,0,0,0,,0,1,,,,,,,,
4/22/2016,Jedd Lindon,Gyorko,STL,-0.25,,,,,,,,,1,1,0,0,0,0,0,0,0,0,0,0,0,0,0,0,0,0,0,1,0,0,,0,1,,,,,,,,
4/30/2016,Jedd,Gyorko,STL,-0.25,,,,,,,,,1,1,0,0,0,0,0,0,0,0,0,0,0,0,0,0,0,0,0,1,0,0,,0,1,,,,,,,,
4/3/2016,Jeremy,Hazelbaker,STL,-0.32,,,,,,,,,1,1,0,0,0,0,0,0,0,0,0,0,0,1,0,0,0,0,0,0,0,0,,0,1,,,,,,,,
4/8/2016,Jeremy,Hazelbaker,STL,1.40,,,,,,,,,1,1,1,1,0,0,0,1,1,0,0,0,0,0,0,0,0,0,0,1,0,0,,0,0,,,,,,,,
4/16/2016,Jeremy,Hazelbaker,STL,-0.32,,,,,,,,,1,1,0,0,0,0,0,0,0,0,0,0,0,1,0,0,0,0,0,0,0,0,,0,1,,,,,,,,
4/17/2016,Jeremy,Hazelbaker,STL,-0.25,,,,,,,,,1,1,0,0,0,0,0,0,0,0,0,0,0,0,0,0,0,0,0,0,1,0,,0,1,,,,,,,,
4/20/2016,Jeremy,Hazelbaker,STL,-0.25,,,,,,,,,1,1,0,0,0,0,0,0,0,0,0,0,0,0,0,0,0,0,1,0,0,0,,0,1,,,,,,,,
4/29/2016,Jeremy,Hazelbaker,STL,0.46,,,,,,,,,1,1,0,1,1,0,0,0,0,0,0,0,0,0,0,0,0,0,1,0,0,0,,0,0,,,,,,,,
4/10/2016,Matthew,Holliday,STL,0.46,,,,,,,,,1,1,1,1,1,0,0,0,0,0,0,0,0,0,0,0,0,0,0,1,0,1,,0,0,,,,,,,,
4/24/2016,Matthew,Holliday,STL,0.46,,,,,,,,,1,1,0,1,1,0,0,0,0,0,0,0,0,0,0,0,0,0,1,0,0,0,,0,0,,,,,,,,
4/11/2016,Brandon,Moss,STL,-0.25,,,,,,,,,1,1,0,0,0,0,0,0,0,0,0,0,0,0,0,0,0,0,0,1,0,0,,0,1,,,,,,,,
4/13/2016,Brandon,Moss,STL,1.40,,,,,,,,,1,1,1,1,0,0,0,1,1,0,0,0,0,0,0,0,0,0,0,1,0,0,,0,0,,,,,,,,
4/19/2016,Brandon,Moss,STL,-0.25,,,,,,,,,1,1,0,0,0,0,0,0,0,0,0,0,0,0,0,0,0,0,0,1,0,1,,0,1,,,,,,,,
4/29/2016,Brandon,Moss,STL,-0.71,,,,,,,,,1,1,0,0,0,0,0,0,0,0,0,0,0,0,0,0,1,0,1,0,0,0,,0,1,,,,,,,,
4/3/2016,Thomas James,Pham,STL,-0.25,,,,,,,,,1,1,0,0,0,0,0,0,0,0,0,0,0,0,0,0,0,0,1,0,0,0,,0,1,,,,,,,,
4/19/2016,Stephen,Piscotty,STL,-0.32,,,,,,,,,1,1,0,0,0,0,0,0,0,0,0,0,0,1,0,0,0,0,0,0,0,0,,0,1,,,,,,,,
4/30/2016,Stephen,Piscotty,STL,-0.32,,,,,,,,,1,1,0,0,0,0,0,0,0,0,0,0,0,1,0,0,0,0,0,0,0,0,,0,1,,,,,,,,
4/10/2016,Trevor Jordan,Rosenthal,STL,-0.32,,,,,,,,,1,1,0,0,0,0,0,0,0,0,0,0,0,1,0,0,0,0,0,0,0,0,,0,1,,,,,,,,
4/24/2016,Ruben,Tejada,STL,-0.25,,,,,,,,,1,1,0,0,0,0,0,0,0,0,0,0,0,0,0,0,0,0,1,0,0,0,,0,1,,,,,,,,
4/25/2016,Ruben,Tejada,STL,-0.32,,,,,,,,,1,1,0,0,0,0,0,0,0,0,0,0,0,1,0,0,0,0,0,0,0,0,,0,1,,,,,,,,
4/25/2016,Kolten,Wong,STL,-0.32,,,,,,,,,1,1,0,0,0,0,0,0,0,0,0,0,0,1,0,0,0,0,0,0,0,0,,0,1,,,,,,,,
4/27/2016,Kolten,Wong,STL,0.46,,,,,,,,,1,1,0,1,1,0,0,0,0,0,0,0,0,0,0,0,0,0,1,0,0,0,,1,0,,,,,,,,
4/28/2016,Kolten,Wong,STL,-0.25,,,,,,,,,1,1,0,0,0,0,0,0,0,0,0,0,0,0,0,0,0,0,1,0,0,0,,0,1,,,,,,,,
4/29/2016,Kolten,Wong,STL,0.33,,,,,,,,,1,0,0,0,0,0,0,0,0,0,0,0,1,0,0,0,0,0,0,0,0,0,,0,0,,,,,,,,
4/4/2016,Hank,Conger,TB,-0.32,,,,,,,,,1,1,0,0,0,0,0,0,0,0,0,0,0,1,0,0,0,0,0,0,0,0,,0,1,,,,,,,,
4/29/2016,Hank,Conger,TB,-0.32,,,,,,,,,1,1,0,0,0,0,0,0,0,0,0,0,0,1,0,0,0,0,0,0,0,0,,0,1,,,,,,,,
4/6/2016,Corey Corey,Dickerson,TB,-0.32,,,,,,,,,1,1,0,0,0,0,0,0,0,0,0,0,0,1,0,0,0,0,0,0,0,0,,0,1,,,,,,,,
4/21/2016,Corey Corey,Dickerson,TB,0.80,,,,,,,,,1,1,0,1,0,1,0,0,2,0,0,0,0,0,0,0,0,0,0,1,0,0,,0,0,,,,,,,,
4/5/2016,Brandon,Guyer,TB,-0.25,,,,,,,,,1,1,0,0,0,0,0,0,0,0,0,0,0,0,0,0,0,0,0,1,0,0,,0,1,,,,,,,,
4/10/2016,Brandon,Guyer,TB,-0.32,,,,,,,,,1,1,0,0,0,0,0,0,0,0,0,0,0,1,0,0,0,0,0,0,0,0,,0,1,,,,,,,,
4/19/2016,Brandon,Guyer,TB,-0.25,,,,,,,,,1,1,0,0,0,0,0,0,0,0,0,0,0,0,0,0,0,0,1,0,0,0,,0,1,,,,,,,,
4/27/2016,Brandon,Guyer,TB,-0.25,,,,,,,,,1,1,1,0,0,0,0,0,0,0,0,0,0,0,0,0,0,0,1,0,0,0,,0,1,,,,,,,,
4/15/2016,Kevin James,Kiermaier,TB,-0.25,,,,,,,,,1,1,0,0,0,0,0,0,0,0,0,0,0,0,0,0,0,0,0,1,0,1,,0,1,,,,,,,,
4/22/2016,Bradley,Miller,TB,-0.32,,,,,,,,,1,1,0,0,0,0,0,0,0,0,0,0,0,1,0,0,0,0,0,0,0,0,,0,1,,,,,,,,
4/30/2016,Bradley,Miller,TB,0.46,,,,,,,,,1,1,1,1,1,0,0,0,0,0,0,0,0,0,0,0,0,0,1,0,0,0,,1,0,,,,,,,,
4/6/2016,Logan,Morrison,TB,-0.32,,,,,,,,,1,1,0,0,0,0,0,0,0,0,0,0,0,1,0,0,0,0,0,0,0,0,,0,1,,,,,,,,
4/22/2016,Logan,Morrison,TB,-0.32,,,,,,,,,1,1,0,0,0,0,0,0,0,0,0,0,0,1,0,0,0,0,0,0,0,0,,0,1,,,,,,,,
4/5/2016,Steven,Pearce,TB,0.46,,,,,,,,,1,1,0,1,1,0,0,0,0,0,0,0,0,0,0,0,0,0,0,0,1,0,,0,0,,,,,,,,
4/27/2016,Steven,Pearce,TB,0.46,,,,,,,,,1,1,0,1,1,0,0,0,1,0,0,0,0,0,0,0,0,0,1,0,0,0,,0,0,,,,,,,,
4/7/2016,Jorge Carlos,Soler,TB,-0.25,,,,,,,,,1,1,0,0,0,0,0,0,0,0,0,0,0,0,0,0,0,0,0,1,0,0,,0,1,,,,,,,,
4/20/2016,Jorge Carlos,Soler,TB,-0.32,,,,,,,,,1,1,0,0,0,0,0,0,0,0,0,0,0,1,0,0,0,0,0,0,0,0,,0,1,,,,,,,,
4/15/2016,Hanser J.,Alberto,TEX,-0.32,,,,,,,,,1,1,0,0,0,0,0,0,0,0,0,0,0,1,0,0,0,0,0,0,0,0,,0,1,,,,,,,,
4/26/2016,Hanser,Alberto,TEX,-0.32,,,,,,,,,1,1,0,0,0,0,0,0,0,0,0,0,0,1,0,0,0,0,0,0,0,0,,0,1,,,,,,,,
4/27/2016,Prince,Fielder,TEX,-0.25,,,,,,,,,1,1,0,0,0,0,0,0,0,0,0,0,0,0,0,0,0,0,1,0,0,0,,0,1,,,,,,,,
4/10/2016,Rougned Roberto,Odor,TEX,-0.25,,,,,,,,,1,1,0,0,0,0,0,0,0,0,0,0,0,0,0,0,0,0,1,0,0,0,,0,1,,,,,,,,
4/21/2016,Rougned Roberto,Odor,TEX,-0.32,,,,,,,,,1,1,0,0,0,0,0,0,0,0,0,0,0,1,0,0,0,0,0,0,0,0,,0,1,,,,,,,,
4/26/2016,Ezequiel,Carrera,TOR,-0.32,,,,,,,,,1,1,0,0,0,0,0,0,0,0,0,0,0,1,0,0,0,0,0,0,0,0,,0,1,,,,,,,,
4/9/2016,Chris Adrian,Colabello,TOR,-0.25,,,,,,,,,1,1,0,0,0,0,0,0,0,0,0,0,0,0,0,0,0,0,0,0,1,0,,0,1,,,,,,,,
4/18/2016,Chris Adrian,Colabello,TOR,-0.71,,,,,,,,,1,1,0,0,0,0,0,0,0,0,0,0,0,0,0,0,1,0,1,0,0,0,,0,1,,,,,,,,
4/30/2016,Matthew,Dominguez,TOR,-0.32,,,,,,,,,1,1,0,0,0,0,0,0,0,0,0,0,0,1,0,0,0,0,0,0,0,0,,0,1,,,,,,,,
4/26/2016,Ryan,Goins,TOR,-0.32,,,,,,,,,1,1,0,0,0,0,0,0,0,0,0,0,0,1,0,0,0,0,0,0,0,0,,0,1,,,,,,,,
4/9/2016,Russell,Martin,TOR,-0.32,,,,,,,,,1,1,0,0,0,0,0,0,0,0,0,0,0,1,0,0,0,0,0,0,0,0,,0,1,,,,,,,,
4/15/2016,Russell,Martin,TOR,-0.32,,,,,,,,,1,1,0,0,0,0,0,0,0,0,0,0,0,1,0,0,0,0,0,0,0,0,,0,1,,,,,,,,
4/4/2016,Justin,Smoak,TOR,-0.32,,,,,,,,,1,1,0,0,0,0,0,0,0,0,0,0,0,1,0,0,0,0,0,0,0,0,,0,1,,,,,,,,
4/8/2016,Justin,Smoak,TOR,0.33,,,,,,,,,1,0,0,0,0,0,0,0,0,0,0,0,1,0,0,0,0,0,0,0,0,0,,0,0,,,,,,,,
4/9/2016,Justin,Smoak,TOR,-0.32,,,,,,,,,1,1,0,0,0,0,0,0,0,0,0,0,0,1,0,0,0,0,0,0,0,0,,0,1,,,,,,,,
4/12/2016,Justin,Smoak,TOR,-0.32,,,,,,,,,1,1,0,0,0,0,0,0,0,0,0,0,0,1,0,0,0,0,0,0,0,0,,0,1,,,,,,,,
4/17/2016,Justin,Smoak,TOR,0.33,,,,,,,,,1,0,0,0,0,0,0,0,0,0,0,0,1,0,0,0,0,0,0,0,0,0,,0,0,,,,,,,,
4/18/2016,Justin,Smoak,TOR,0.33,,,,,,,,,1,0,0,0,0,0,0,0,0,0,0,0,1,0,0,0,0,0,0,0,0,0,,0,0,,,,,,,,
4/20/2016,Justin,Smoak,TOR,0.46,,,,,,,,,1,1,0,1,1,0,0,0,0,0,0,0,0,0,0,0,0,0,0,0,1,0,,0,0,,,,,,,,
4/6/2016,Matthew,den Dekker,WAS,0.80,,,,,,,,,1,1,0,1,0,1,0,0,2,0,0,0,0,0,0,0,0,0,0,1,0,0,,0,0,,,,,,,,
4/7/2016,Matthew,den Dekker,WAS,-0.25,,,,,,,,,1,1,0,0,0,0,0,0,0,0,0,0,0,0,0,0,0,0,0,1,0,1,,0,1,,,,,,,,
4/10/2016,Matthew,den Dekker,WAS,-0.25,,,,,,,,,1,1,0,0,0,0,0,0,0,0,0,0,0,0,0,0,0,0,0,1,0,0,,0,1,,,,,,,,
4/11/2016,Matthew,den Dekker,WAS,-0.32,,,,,,,,,1,1,0,0,0,0,0,0,0,0,0,0,0,1,0,0,0,0,0,0,0,0,,0,1,,,,,,,,
4/15/2016,Matthew,den Dekker,WAS,-0.32,,,,,,,,,1,1,0,0,0,0,0,0,0,0,0,0,0,1,0,0,0,0,0,0,0,0,,0,1,,,,,,,,
4/17/2016,Matthew,den Dekker,WAS,-0.32,,,,,,,,,1,1,0,0,0,0,0,0,0,0,0,0,0,1,0,0,0,0,0,0,0,0,,0,1,,,,,,,,
4/18/2016,Matthew,den Dekker,WAS,-0.25,,,,,,,,,1,1,0,0,0,0,0,0,0,0,0,0,0,0,0,0,0,0,1,0,0,0,,0,1,,,,,,,,
4/19/2016,Matthew,den Dekker,WAS,-0.25,,,,,,,,,1,1,0,0,0,0,0,0,0,0,0,0,0,0,0,0,0,0,1,0,0,0,,0,1,,,,,,,,
4/22/2016,Matthew,den Dekker,WAS,0.33,,,,,,,,,1,0,0,0,0,0,0,0,0,0,0,0,1,0,0,0,0,0,0,0,0,0,,0,0,,,,,,,,
4/23/2016,Matthew,den Dekker,WAS,0.46,,,,,,,,,1,1,0,1,1,0,0,0,0,0,0,0,0,0,0,0,0,0,1,0,0,0,,0,0,,,,,,,,
4/12/2016,Stephen,Drew,WAS,0.46,,,,,,,,,1,1,1,1,1,0,0,0,0,0,0,0,0,0,0,0,0,0,0,0,1,0,,0,0,,,,,,,,
4/15/2016,Stephen,Drew,WAS,0.46,,,,,,,,,1,1,0,1,1,0,0,0,0,0,0,0,0,0,0,0,0,0,1,0,0,0,,1,0,,,,,,,,
4/27/2016,Stephen,Drew,WAS,-0.25,,,,,,,,,1,1,0,0,0,0,0,0,0,0,0,0,0,0,0,0,0,0,0,1,0,1,,0,1,,,,,,,,
4/24/2016,Bryce,Harper,WAS,1.40,,,,,,,,,1,1,1,1,0,0,0,1,1,0,0,0,0,0,0,0,0,0,0,1,0,0,,0,0,,,,,,,,
4/7/2016,Chris,Heisey,WAS,0.33,,,,,,,,,1,0,0,0,0,0,0,0,0,0,0,0,1,0,0,0,0,0,0,0,0,0,,0,0,,,,,,,,
4/13/2016,Chris,Heisey,WAS,-0.25,,,,,,,,,1,1,0,0,0,0,0,0,0,0,0,0,0,0,0,0,0,0,0,1,0,1,,0,1,,,,,,,,
4/24/2016,Oliver,Perez,WAS,-0.25,,,,,,,,,1,1,0,0,0,0,0,0,0,0,0,0,0,0,0,0,0,0,0,0,0,0,,0,1,,,,,,,,
4/20/2016,Yusmeiro,Petit,WAS,-0.32,,,,,,,,,1,1,0,0,0,0,0,0,0,0,0,0,0,1,0,0,0,0,0,0,0,0,,0,1,,,,,,,,
4/13/2016,Anthony Michael,Rendon,WAS,-0.25,,,,,,,,,1,1,0,0,0,0,0,0,0,0,0,0,0,0,0,0,0,0,0,1,0,1,,0,1,,,,,,,,
4/24/2016,Clinton,Robinson,WAS,-0.32,,,,,,,,,1,1,0,0,0,0,0,0,0,0,0,0,0,1,0,0,0,0,0,0,0,0,,0,1,,,,,,,,
4/26/2016,Clinton,Robinson,WAS,-0.25,,,,,,,,,1,1,0,0,0,0,0,0,0,0,0,0,0,0,0,0,0,0,1,0,0,0,,0,1,,,,,,,,
4/30/2016,Clinton,Robinson,WAS,-0.25,,,,,,,,,1,1,0,0,0,0,0,0,0,0,0,0,0,0,0,0,0,0,1,0,0,0,,0,1,,,,,,,,
