Name,Team,SB2,CS2,SB3,CS3,SBH,CSH,PO,OOB,BT,1stS3,1stDH,2ndSH,rBW
Billy Hamilton,Reds,47,9,12,4,0,0,6,5,16,10,3,12,15.37
Dee Gordon,Marlins,54,13,6,3,0,0,4,4,21,16,7,16,15.16
Trea Turner,Nationals,32,7,14,1,0,0,4,3,15,3,3,10,14.60
Byron Buxton,Twins,29,1,0,0,0,0,0,1,12,11,5,13,12.45
Mookie Betts,Red Sox,21,3,5,0,0,0,1,4,23,18,6,21,12.22
Tommy Pham,Cardinals,18,6,7,1,0,0,6,2,14,15,8,10,11.98
Jose Altuve,Astros,23,6,9,0,0,0,4,8,22,23,6,16,10.33
Cameron Maybin,Total,28,8,4,0,1,0,2,2,14,5,4,11,9.98
Christian Yelich,Marlins,14,1,2,1,0,0,2,3,22,16,6,15,9.63
Lorenzo Cain,Royals,21,1,5,1,0,0,1,6,27,12,8,14,9.60
Rajai Davis,Total,24,6,5,1,0,0,3,2,14,3,5,8,9.13
Paul Goldschmidt,Diamondbacks,12,5,5,0,1,0,1,1,19,12,6,11,8.91
Jacoby Ellsbury,Yankees,22,3,0,0,0,0,2,3,15,5,1,14,8.46
Jonathan Villar,Brewers,16,6,7,2,0,0,6,2,11,3,5,5,8.06
Bradley Zimmer,Indians,18,0,0,1,0,0,1,1,15,8,1,5,7.92
Francisco Lindor,Indians,14,3,1,0,0,0,2,4,24,14,6,12,7.38
Marcus Semien,A's,11,1,1,0,0,0,2,2,16,4,4,10,7.29
Starling Marte,Pirates,20,4,0,0,1,0,4,4,10,8,1,9,7.05
Tim Anderson,White Sox,10,1,5,0,0,0,3,5,16,9,2,10,6.63
Ezequiel Carrera,Blue Jays,9,1,1,0,0,0,3,1,14,6,2,2,6.57
Hernan Perez,Brewers,7,4,6,0,0,0,3,1,11,6,4,5,6.55
Andrelton Simmons,Angels,15,5,4,1,0,0,4,4,17,8,2,11,6.50
Wil Myers,Padres,17,4,2,1,1,1,4,4,15,9,5,11,6.45
Jose Peraza,Reds,20,6,3,1,0,1,3,2,10,9,4,11,6.41
Jose Reyes,Mets,19,3,5,3,0,0,3,4,13,3,3,11,6.19
Ender Inciarte,Braves,16,9,6,0,0,0,2,5,18,12,8,18,5.87
Ben Revere,Angels,18,6,3,0,0,0,0,1,15,7,1,5,5.46
Gregor Blanco,Diamondbacks,11,1,4,0,0,0,0,2,5,5,7,7,5.40
Corey Seager,Dodgers,4,1,0,0,0,1,2,2,26,7,9,9,5.37
Delino DeShields,Rangers,21,7,8,1,0,0,2,8,19,11,7,16,5.25
Michael Brantley,Indians,9,1,2,0,0,0,0,1,14,4,1,6,5.21
Andrew McCutchen,Pirates,9,3,2,2,0,0,4,3,12,12,6,10,5.17
Mike Trout,Angels,22,4,0,0,0,0,1,6,16,13,8,11,5.06
Kelby Tomlinson,Giants,7,1,2,0,0,0,1,1,7,5,1,8,4.97
Jon Jay,Cubs,5,2,1,0,0,0,1,2,19,7,4,11,4.91
Ian Desmond,Rockies,14,4,1,0,0,0,1,3,13,7,4,12,4.91
Steven Souza Jr.,Rays,9,4,7,0,0,0,2,5,21,12,4,6,4.82
Eric Hosmer,Royals,5,1,1,0,0,0,1,4,20,11,8,13,4.80
Michael Taylor,Nationals,15,6,2,1,0,0,4,2,0,6,0,12,4.80
Elvis Andrus,Rangers,18,7,7,3,0,0,2,8,24,13,10,23,4.79
Logan Forsythe,Dodgers,3,2,0,0,0,0,1,0,13,7,8,7,4.72
Justin Upton,Total,12,5,2,0,0,0,1,4,13,10,3,19,4.63
Starlin Castro,Yankees,2,0,0,0,0,0,0,1,14,7,4,12,4.60
A.J. Pollock,Diamondbacks,13,5,7,1,0,0,1,3,11,6,3,9,4.59
Jarrod Dyson,Mariners,27,4,1,3,0,0,1,5,14,7,5,11,4.55
Ehire Adrianza,Twins,6,1,2,0,0,0,1,1,0,2,2,12,4.46
Ozzie Albies,Braves,7,1,1,0,0,0,1,1,7,3,1,8,4.43
Mallex Smith,Rays,14,3,2,1,0,1,3,2,12,9,2,2,4.32
Cory Spangenberg,Padres,8,2,2,1,1,0,3,4,11,9,5,7,4.10
Jorge Polanco,Twins,13,4,0,1,0,0,4,4,14,3,2,10,3.99
Freddie Freeman,Braves,8,5,0,0,0,0,2,2,8,8,5,15,3.98
Curtis Granderson,Total,5,2,1,0,0,0,1,1,14,4,3,6,3.97
Chris Taylor,Dodgers,12,3,4,1,1,0,2,6,25,11,5,3,3.90
Joey Gallo,Rangers,6,1,1,1,0,0,1,2,18,6,2,7,3.85
Nick Markakis,Braves,0,2,0,0,0,0,1,1,10,10,3,15,3.78
Whit Merrifield,Royals,26,6,8,1,0,1,2,9,22,6,6,9,3.76
Wilmer Difo,Nationals,10,1,0,0,0,0,0,2,8,11,3,6,3.74
Charlie Blackmon,Rockies,12,10,2,0,0,0,7,9,26,11,6,21,3.74
Chris Herrmann,Diamondbacks,5,0,0,0,0,0,1,1,10,3,0,5,3.72
Austin Jackson,Indians,3,1,0,0,0,0,0,0,11,5,5,6,3.68
Taylor Motter,Mariners,12,1,0,0,0,0,1,2,7,2,0,4,3.62
Joey Rickard,Orioles,7,1,1,0,0,0,0,1,9,5,2,5,3.58
Eric Young,Angels,11,2,1,1,0,0,2,1,2,3,1,3,3.42
Aaron Judge,Yankees,8,4,1,0,0,0,2,6,23,12,4,16,3.37
Cesar Hernandez,Phillies,15,5,0,0,0,0,3,6,11,6,10,13,3.32
Deven Marrero,Red Sox,2,0,3,0,0,0,0,1,3,1,1,10,3.30
Xander Bogaerts,Red Sox,12,0,3,1,0,0,0,9,21,15,7,18,3.23
Kevin Kiermaier,Rays,11,6,5,1,0,0,0,3,17,8,2,12,3.21
Cody Bellinger,Dodgers,8,3,2,0,0,0,1,3,13,5,4,8,3.18
David Peralta,Diamondbacks,5,3,3,1,0,0,1,4,23,8,2,13,3.15
Michael Conforto,Mets,2,0,0,0,0,0,1,2,12,7,5,6,3.09
Adam Frazier,Pirates,7,5,2,0,0,0,1,2,15,9,3,8,3.09
Nick Delmonico,White Sox,2,0,0,0,0,0,1,0,5,2,1,4,3.00
Chris Owings,Diamondbacks,9,1,3,1,0,0,2,4,10,9,1,4,2.95
Alcides Escobar,Royals,4,6,0,1,0,0,1,1,18,8,6,15,2.91
Danny Santana,Total,5,0,2,0,0,0,0,1,4,2,1,4,2.84
Lane Adams,Braves,9,0,1,0,0,0,1,2,1,3,1,2,2.77
Gregory Polanco,Pirates,7,1,1,0,0,0,2,3,6,4,2,5,2.74
Jose Martinez,Cardinals,4,0,0,0,0,0,1,2,7,6,2,6,2.71
Buster Posey,Giants,3,1,2,0,1,0,0,4,16,9,3,10,2.70
Alex Bregman,Astros,14,4,3,1,0,0,3,9,19,10,3,18,2.70
Leonys Martin,Total,6,4,1,0,0,0,3,0,1,0,1,2,2.68
Mikie Mahtook,Tigers,5,0,1,0,0,0,1,3,9,3,6,5,2.66
Peter Bourjos,Rays,5,3,0,1,0,0,2,0,5,6,0,6,2.66
Ryan Braun,Brewers,11,3,1,1,0,0,0,2,16,4,0,6,2.61
Javier Baez,Cubs,8,3,1,0,1,0,1,5,16,6,5,11,2.58
Max Kepler,Twins,6,1,0,0,0,0,1,4,18,5,3,8,2.55
Logan Morrison,Rays,2,0,0,0,0,0,1,2,12,6,2,5,2.53
Jason Kipnis,Indians,5,2,1,0,0,0,0,1,7,6,1,7,2.50
Maikel Franco,Phillies,0,0,0,0,0,0,1,2,14,5,4,6,2.49
Trey Mancini,Orioles,1,0,0,0,0,0,0,3,15,8,3,12,2.48
Cliff Pennington,Angels,1,1,2,0,0,0,2,1,5,3,2,2,2.47
Justin Smoak,Blue Jays,0,1,0,0,0,0,1,1,10,5,3,7,2.45
Jared Hoying,Rangers,3,0,0,0,0,0,0,0,4,2,1,4,2.41
Ryan Zimmerman,Nationals,1,0,0,0,0,0,0,3,5,9,6,16,2.40
Jace Peterson,Braves,3,0,0,0,0,0,0,0,3,2,0,5,2.39
Jake Lamb,Diamondbacks,6,4,0,0,0,0,1,3,12,7,4,14,2.38
Evan Longoria,Rays,4,1,2,0,0,0,0,3,11,9,3,8,2.38
Russell Martin,Blue Jays,1,2,0,0,0,0,1,1,11,6,1,8,2.35
John Hicks,Tigers,1,1,1,0,0,0,1,0,4,4,3,2,2.33
Brett Gardner,Yankees,21,4,2,1,0,0,1,9,24,15,5,9,2.32
Denard Span,Giants,9,7,3,0,0,0,5,7,23,5,4,10,2.29
Luke Maile,Blue Jays,1,0,0,0,0,0,1,0,4,3,1,2,2.26
Josh Harrison,Pirates,12,3,0,1,0,0,1,4,6,13,3,12,2.26
Nolan Arenado,Rockies,3,2,0,0,0,0,0,4,17,13,2,16,2.22
Anthony Rendon,Nationals,7,2,0,0,0,0,2,6,18,12,5,10,2.20
Carlos Gonzalez,Rockies,3,0,0,0,0,0,0,3,13,7,3,9,2.18
Jake Marisnick,Astros,9,4,0,0,0,0,2,3,13,2,3,6,2.14
Yulieski Gurriel,Astros,2,2,1,0,0,0,1,3,19,6,5,6,2.11
Aaron Hicks,Yankees,9,5,1,0,0,0,2,4,19,6,2,7,2.11
Adam Engel,White Sox,8,1,0,0,0,0,0,2,4,6,1,6,2.08
Jed Lowrie,A's,0,1,0,0,0,0,0,2,21,1,4,8,2.07
Sean Rodriguez,Total,1,0,0,0,0,0,1,0,3,2,1,2,2.06
Manny Pina,Brewers,2,0,0,0,0,0,0,1,10,3,0,5,2.06
DJ LeMahieu,Rockies,4,5,2,0,0,0,0,4,22,12,10,12,2.06
Robbie Grossman,Twins,3,1,0,0,0,0,1,4,14,9,3,11,2.04
Justin Turner,Dodgers,5,1,2,0,0,0,1,5,15,9,5,7,2.01
Salvador Perez,Royals,1,0,0,0,0,0,0,1,5,5,1,8,1.98
Juan Lagares,Mets,6,2,1,0,0,1,0,1,7,5,5,7,1.95
Jose Osuna,Pirates,0,0,0,0,0,0,1,1,3,3,3,6,1.85
Michael Saunders,Total,0,1,0,0,0,0,0,0,6,2,2,7,1.84
Leury Garcia,White Sox,8,5,0,0,0,0,1,1,8,4,0,7,1.84
Brian Goodwin,Nationals,6,0,0,0,0,0,1,3,13,1,1,2,1.83
Enrique Hernandez,Dodgers,1,0,1,0,1,0,0,2,6,5,2,6,1.83
Carlos Santana,Indians,4,1,1,0,0,0,0,5,17,7,3,14,1.81
Travis d'Arnaud,Mets,0,0,0,0,0,0,0,1,4,3,1,10,1.79
Jose Lobaton,Nationals,0,0,0,0,0,0,1,0,3,1,0,3,1.78
Miguel Montero,Total,1,0,0,0,0,0,0,0,5,1,2,3,1.77
Travis Jankowski,Padres,4,0,0,0,0,0,0,0,1,2,1,1,1.77
Alex Gordon,Royals,6,4,1,0,0,0,1,3,10,7,6,9,1.76
Jurickson Profar,Rangers,1,1,0,0,0,0,1,0,6,2,0,2,1.73
Max Moroff,Pirates,0,1,0,0,0,0,1,0,3,7,1,3,1.73
Rey Fuentes,Diamondbacks,3,1,1,0,0,0,0,0,4,2,0,2,1.72
Adam Eaton,Nationals,3,1,0,0,0,0,0,0,1,3,3,4,1.72
Shane Peterson,Rays,2,0,0,0,0,0,0,0,3,2,0,3,1.70
Alen Hanson,Total,10,3,1,0,0,0,0,3,9,3,3,7,1.70
Rio Ruiz,Braves,1,0,0,0,0,0,0,0,3,2,3,3,1.70
Nick Franklin,Total,2,0,0,0,0,0,0,0,5,1,0,2,1.68
Adam Jones,Orioles,1,1,1,0,0,0,0,4,19,6,5,11,1.66
Adeiny Hechavarria,Total,3,1,1,0,0,0,0,2,8,2,0,9,1.65
Mark Trumbo,Orioles,1,0,0,0,0,0,0,4,11,11,5,13,1.65
Jonathan Schoop,Orioles,0,0,1,0,0,0,0,5,21,10,6,11,1.64
Keon Broxton,Brewers,20,5,1,1,0,1,2,5,10,8,1,8,1.63
Chris Gimenez,Twins,1,0,0,0,0,0,0,0,6,0,0,3,1.62
Shane Robinson,Angels,1,0,1,0,0,0,0,0,5,1,0,1,1.58
Josh Donaldson,Blue Jays,2,2,0,0,0,0,1,2,10,6,5,6,1.57
Kolten Wong,Cardinals,7,1,1,1,0,0,3,6,12,11,1,8,1.57
Franklin Barreto,A's,2,0,0,0,0,0,0,0,4,1,0,2,1.55
Daniel Descalso,Diamondbacks,4,0,0,0,0,0,0,2,3,3,3,7,1.53
Yasmany Tomas,Diamondbacks,0,0,0,0,0,0,1,0,0,1,1,3,1.52
Eduardo Nunez,Total,20,6,4,1,0,0,2,7,14,6,2,6,1.52
Abraham Almonte,Indians,2,1,0,0,0,0,0,1,7,2,3,6,1.51
Jorge Bonifacio,Royals,1,1,0,0,0,0,1,2,11,6,2,5,1.50
Kurt Suzuki,Braves,0,0,0,0,0,0,0,0,5,4,0,3,1.49
Yoan Moncada,White Sox,3,2,0,0,0,0,0,0,5,5,0,4,1.46
Kris Bryant,Cubs,7,5,0,0,0,0,2,7,18,13,9,18,1.46
Matt Holliday,Yankees,1,0,0,0,0,0,1,1,5,2,0,3,1.44
Rafael Devers,Red Sox,2,1,1,0,0,0,1,2,8,6,2,3,1.44
Greg Garcia,Cardinals,1,1,1,0,0,0,0,1,5,3,3,6,1.43
Arismendy Alcantara,Reds,2,0,0,0,0,0,0,0,0,2,1,3,1.43
Travis Shaw,Brewers,2,0,8,0,0,0,0,8,26,4,1,9,1.41
Eduardo Escobar,Twins,5,1,0,0,0,0,0,4,14,9,4,8,1.40
Jason Heyward,Cubs,4,3,0,1,0,0,1,2,14,5,3,8,1.39
Phillip Ervin,Reds,4,1,0,0,0,0,0,0,1,1,0,3,1.38
Jesus Sucre,Rays,2,0,0,0,0,0,1,1,1,1,0,4,1.37
Scott Schebler,Reds,5,3,0,0,0,0,1,2,11,5,3,4,1.33
Hyun Soo Kim,Total,0,0,0,0,0,0,0,0,4,2,3,2,1.32
Joe Mauer,Twins,2,1,0,0,0,0,0,4,18,8,4,10,1.30
Devon Travis,Blue Jays,1,1,2,0,1,1,1,1,8,3,0,2,1.30
Will Middlebrooks,Rangers,0,0,0,0,0,0,1,0,2,0,1,1,1.30
Mike Zunino,Mariners,1,0,0,0,0,0,1,2,10,2,0,4,1.29
Kevin Plawecki,Mets,1,0,0,0,0,0,0,0,2,2,0,3,1.28
Scott Van Slyke,Dodgers,1,0,0,0,0,0,1,0,1,1,0,0,1.26
Josh Rutledge,Red Sox,1,0,0,0,0,0,0,0,5,2,0,1,1.26
Tyler Saladino,White Sox,3,3,2,1,0,0,0,0,6,4,3,4,1.21
Manuel Margot,Padres,11,6,6,1,0,0,2,5,12,10,0,5,1.19
Mason Williams,Yankees,2,0,0,0,0,0,0,0,2,2,0,1,1.19
Jesus Aguilar,Brewers,0,0,0,0,0,0,1,1,3,3,0,4,1.17
Jhoulys Chacin,Padres,1,0,0,0,0,0,1,0,0,1,0,0,1.14
Jabari Blash,Padres,1,2,0,0,0,0,2,1,5,5,1,2,1.13
Randal Grichuk,Cardinals,6,0,0,1,0,0,1,3,9,6,1,3,1.12
Ian Kinsler,Tigers,12,5,2,0,0,0,2,8,12,7,2,19,1.10
Brett Phillips,Brewers,5,0,0,0,0,0,0,1,3,0,0,1,1.10
Luke Voit,Cardinals,0,0,0,0,0,0,0,0,2,1,2,3,1.10
Joc Pederson,Dodgers,4,2,0,0,0,1,2,2,10,5,1,5,1.10
Tyler Wade,Yankees,1,1,0,0,0,0,1,0,2,0,2,1,1.10
Travis Taijeron,Mets,0,0,0,0,0,0,1,0,2,1,0,0,1.08
Magneuris Sierra,Cardinals,2,2,0,0,0,0,1,0,2,1,2,2,1.07
Chase d'Arnaud,Total,5,1,0,0,0,0,0,1,5,0,1,2,1.04
Jose Iglesias,Tigers,7,4,0,0,0,0,1,4,13,6,8,8,1.00
J.D. Martinez,Total,3,0,1,0,0,0,0,4,9,5,3,9,0.97
Chris Stewart,Pirates,0,0,0,0,0,0,0,0,1,1,0,4,0.97
Alex Presley,Tigers,5,0,0,0,0,0,0,3,7,8,1,4,0.95
Trevor Story,Rockies,7,2,0,0,0,0,1,5,11,13,4,7,0.93
Dustin Garneau,Total,0,0,0,0,0,0,1,1,5,3,1,1,0.93
Evan Gattis,Astros,0,1,0,0,0,0,0,1,7,1,2,7,0.93
Jean Segura,Mariners,19,8,3,0,0,0,2,9,20,8,2,14,0.92
Nick Ahmed,Diamondbacks,2,1,1,3,0,0,2,0,3,7,1,2,0.92
Kennys Vargas,Twins,0,0,0,0,0,0,1,2,6,5,2,4,0.92
Addison Russell,Cubs,2,1,0,0,0,0,0,2,8,4,2,7,0.91
Ty Kelly,Total,0,0,0,0,0,0,0,0,4,3,0,1,0.91
Brandon Guyer,Indians,2,0,0,0,0,0,1,2,1,1,1,6,0.90
Franchy Cordero,Padres,1,1,0,0,0,0,0,0,1,1,2,4,0.87
Carlos Gomez,Rangers,12,5,1,0,0,0,2,5,12,3,1,7,0.86
Josh Reddick,Astros,4,3,3,0,0,0,0,4,14,10,3,7,0.86
Jeff Hoffman,Rockies,0,0,0,0,0,0,1,0,0,0,1,0,0.86
Hunter Pence,Giants,2,3,0,0,0,0,0,3,16,6,4,11,0.86
Mark Canha,A's,1,0,0,0,1,0,0,1,6,0,0,1,0.85
Stephen Drew,Nationals,0,0,0,0,0,0,0,0,3,0,1,2,0.85
Madison Bumgarner,Giants,0,0,0,0,0,0,1,0,0,1,0,0,0.84
Orlando Arcia,Brewers,11,5,3,2,0,0,1,4,13,6,8,6,0.82
Ramon Torres,Royals,1,0,0,0,0,0,0,0,2,1,2,0,0.82
Zack Granite,Twins,2,2,0,0,0,0,0,0,2,0,0,6,0.81
Omar Narvaez,White Sox,0,0,0,0,0,0,0,1,5,1,1,5,0.80
Josh Phegley,A's,0,1,0,0,0,0,1,0,2,0,0,2,0.79
Jaff Decker,A's,1,1,0,0,0,0,1,0,2,1,0,0,0.78
Tommy Joseph,Phillies,1,0,0,0,0,0,1,2,4,1,3,4,0.78
J.T. Realmuto,Marlins,7,1,1,1,0,0,0,5,16,14,3,6,0.77
Craig Gentry,Orioles,3,4,2,0,0,0,1,1,6,1,1,4,0.77
Ryan Schimpf,Padres,0,0,0,0,0,0,0,0,5,2,0,0,0.76
Mike Moustakas,Royals,0,0,0,0,0,0,1,3,15,1,0,5,0.76
Yadier Molina,Cardinals,5,3,4,1,0,0,0,3,15,2,0,6,0.76
Gerrit Cole,Pirates,0,0,0,0,0,0,1,0,0,0,0,0,0.76
Jeimer Candelario,Total,0,0,0,0,0,0,0,0,3,0,0,2,0.76
James McCann,Tigers,1,0,0,0,0,0,0,2,5,4,1,7,0.75
Dwight Smith,Blue Jays,0,0,1,0,0,0,0,0,2,0,1,0,0.74
Miguel Rojas,Marlins,2,0,0,1,0,0,0,2,6,6,5,6,0.73
Victor Martinez,Tigers,0,0,0,0,0,0,0,1,10,1,0,2,0.73
Teoscar Hernandez,Total,0,1,0,0,0,0,1,0,4,1,0,0,0.73
Howie Kendrick,Total,11,4,1,1,0,0,0,3,8,5,0,9,0.72
Taijuan Walker,Diamondbacks,0,0,0,0,0,0,0,0,2,1,0,2,0.71
Aledmys Diaz,Cardinals,3,1,1,0,0,0,1,3,7,4,2,4,0.71
Orlando Calixte,Giants,1,0,0,0,0,0,0,0,1,1,0,1,0.69
Amed Rosario,Mets,7,2,0,0,0,1,0,0,3,0,0,3,0.68
Yan Gomes,Indians,0,0,0,0,0,0,0,2,7,5,4,5,0.68
Rougned Odor,Rangers,13,5,2,1,0,0,1,5,12,4,5,8,0.67
Yonder Alonso,Total,1,0,1,0,0,0,1,4,12,8,2,4,0.66
T.J. Rivera,Mets,1,0,0,0,0,0,0,1,3,1,1,4,0.66
Tyler Flowers,Braves,0,0,0,1,0,0,0,1,5,7,3,5,0.65
Rymer Liriano,White Sox,1,0,0,0,0,0,0,0,2,0,1,0,0.64
Pat Valaika,Rockies,0,0,0,0,0,0,0,1,6,1,2,3,0.63
Jarrett Parker,Giants,2,1,0,0,0,0,1,1,3,6,0,0,0.62
Andrew Stevenson,Nationals,1,0,0,0,0,0,0,0,1,0,0,1,0.62
Ruben Tejada,Orioles,0,0,0,0,0,0,0,0,2,1,1,1,0.61
Brad Miller,Rays,3,2,2,1,0,0,0,3,17,2,0,8,0.60
Martin Prado,Marlins,0,0,0,0,0,0,0,1,3,3,0,5,0.60
Tyler Chatwood,Rockies,0,0,0,0,0,0,0,0,1,1,0,2,0.59
Caleb Joseph,Orioles,0,0,0,0,0,0,0,1,7,0,1,3,0.58
JaCoby Jones,Tigers,5,2,1,0,0,0,0,1,2,0,2,2,0.57
Darwin Barney,Blue Jays,7,2,0,0,0,0,0,3,9,5,1,5,0.57
Mike Freeman,Total,0,0,0,0,0,0,0,0,3,0,0,1,0.56
Aaron Hill,Giants,0,0,0,0,0,0,0,0,3,0,0,1,0.56
Luis Sardinas,Padres,1,0,0,0,0,0,0,0,2,0,0,0,0.55
Christian Colon,Total,0,0,0,0,0,0,0,0,3,1,1,0,0.54
Raffy Lopez,Blue Jays,0,0,0,0,0,0,0,0,3,1,1,0,0.54
Zack Cozart,Reds,3,0,0,0,0,0,1,5,9,11,2,8,0.54
Kaleb Cowart,Angels,4,2,0,0,0,0,0,1,7,2,1,2,0.53
Terrance Gore,Royals,1,2,1,0,0,0,1,0,0,1,0,1,0.52
Alejandro De Aza,Nationals,1,0,0,0,0,0,0,1,4,0,1,3,0.51
Hector Sanchez,Padres,0,0,0,0,0,0,0,0,1,0,0,2,0.51
Luis Torrens,Padres,0,0,0,0,0,0,0,0,1,1,1,1,0.49
Jacob DeGrom,Mets,1,0,0,0,0,0,0,0,0,1,1,0,0.47
John Lackey,Cubs,1,0,0,1,0,0,1,0,1,1,0,0,0.47
Patrick Corbin,Diamondbacks,0,0,0,0,0,0,0,0,3,0,1,0,0.47
Austin Slater,Giants,0,0,0,0,0,0,0,1,8,2,1,1,0.46
Jackie Bradley Jr.,Red Sox,6,3,2,0,0,0,0,4,9,10,5,6,0.46
Carlos Martinez,Cardinals,0,0,0,0,0,0,0,0,1,0,1,1,0.42
Drew Butera,Royals,0,0,0,0,0,0,0,1,2,2,2,4,0.41
Ryan Flaherty,Orioles,0,0,0,0,0,0,0,0,2,2,0,0,0.40
Tim Locastro,Dodgers,0,0,1,0,0,0,0,0,0,0,0,0,0.40
Lance Lynn,Cardinals,0,0,0,0,0,0,0,0,1,1,0,1,0.39
Carson Kelly,Cardinals,0,0,0,0,0,0,0,0,0,0,0,2,0.39
Ryder Jones,Giants,1,0,0,0,0,0,0,1,0,1,0,5,0.38
Alexi Amarista,Rockies,1,0,0,0,0,0,1,2,3,1,2,3,0.36
Victor Caratini,Cubs,0,0,0,0,0,0,0,0,1,3,0,0,0.35
Didi Gregorius,Yankees,3,1,0,0,0,0,1,6,19,5,4,10,0.34
Kevan Smith,White Sox,0,0,0,0,0,0,0,1,3,2,0,4,0.33
Joe Panik,Giants,4,1,0,0,0,0,0,6,22,10,3,9,0.33
Anthony Recker,Braves,0,0,0,0,0,0,0,0,2,1,0,0,0.32
Trayce Thompson,Dodgers,0,0,0,0,0,0,0,0,2,1,0,0,0.32
Raul Mondesi,Royals,4,2,1,0,0,0,1,1,1,0,0,0,0.32
Garrett Cooper,Yankees,0,0,0,0,0,0,0,0,1,0,0,1,0.32
Gio Gonzalez,Nationals,0,0,0,0,0,0,0,0,1,0,0,1,0.32
Chris Marrero,Giants,0,0,0,0,0,0,0,0,1,0,0,1,0.32
Jeff Samardzija,Giants,0,0,0,0,0,0,0,0,1,0,0,1,0.32
Ervin Santana,Twins,0,0,0,0,0,0,0,0,1,0,0,1,0.32
Max Stassi,Astros,0,0,0,0,0,0,0,0,1,0,0,1,0.32
Paulo Orlando,Royals,1,1,0,0,0,0,0,0,2,1,1,1,0.31
Ben Zobrist,Cubs,2,1,0,1,0,0,2,3,8,8,3,3,0.31
Miguel Andujar,Yankees,1,0,0,0,0,0,0,0,0,0,0,0,0.30
Johnny Giavotella,Orioles,1,0,0,0,0,0,0,0,0,0,0,0,0.30
Chris Heisey,Nationals,0,0,0,0,0,0,0,0,1,1,1,0,0.30
Jae-gyun Hwang,Giants,0,0,0,0,0,0,0,0,1,1,1,0,0.30
Shelby Miller,Diamondbacks,0,0,0,0,0,0,0,0,1,1,1,0,0.30
Raimel Tapia,Rockies,5,1,0,1,0,0,1,3,10,4,2,3,0.29
Kyle Hendricks,Cubs,0,0,0,0,0,0,0,0,0,0,1,1,0.29
Franklin Gutierrez,Dodgers,0,1,0,0,0,0,0,0,1,1,1,3,0.28
Jacob May,White Sox,0,0,0,0,0,0,0,0,0,1,0,1,0.27
Hyun-jin Ryu,Dodgers,0,0,0,0,0,0,0,0,0,1,0,1,0.27
Craig Stammen,Padres,0,0,0,0,0,0,0,0,0,1,0,1,0.27
Brandon Nimmo,Mets,2,0,0,0,0,0,0,2,3,2,1,5,0.27
Jim Adduci,Tigers,1,1,0,0,0,0,0,0,3,0,0,1,0.26
Eugenio Suarez,Reds,4,5,0,0,0,0,4,6,15,8,4,10,0.25
Freddy Galvis,Phillies,12,2,2,2,0,1,3,9,23,11,2,12,0.25
Mitch Garver,Twins,0,0,0,0,0,0,0,0,2,0,0,0,0.25
Tyler Glasnow,Pirates,0,0,0,0,0,0,0,0,2,0,0,0,0.25
Seth Lugo,Mets,0,0,0,0,0,0,0,0,2,0,0,0,0.25
Rob Segedin,Dodgers,0,0,0,0,0,0,0,0,2,0,0,0,0.25
J.P. Crawford,Phillies,1,0,0,0,0,0,0,1,3,2,0,2,0.25
Andres Blanco,Phillies,1,0,0,0,0,0,0,1,1,0,0,4,0.24
Gorkys Hernandez,Giants,11,3,1,1,0,0,0,5,7,7,4,11,0.21
Andrew Knapp,Phillies,1,0,0,0,0,0,1,3,7,4,1,4,0.21
Patrick Kivlehan,Reds,1,1,0,1,0,0,0,0,7,2,1,1,0.21
Carlos Ruiz,Mariners,1,0,0,0,0,0,0,1,4,1,1,1,0.20
Chad Bettis,Rockies,0,0,0,0,0,0,0,0,1,1,0,0,0.20
Curt Casali,Rays,0,0,0,0,0,0,0,0,1,1,0,0,0.20
Zach Davies,Brewers,0,0,0,0,0,0,0,0,1,1,0,0,0.20
Tim Federowicz,Giants,0,0,0,0,0,0,0,0,1,1,0,0,0.20
Niko Goodrum,Twins,0,0,0,0,0,0,0,0,1,1,0,0,0.20
Mike Montgomery,Cubs,0,0,0,0,0,0,0,0,1,1,0,0,0.20
Colin Moran,Astros,0,0,0,0,0,0,0,0,1,1,0,0,0.20
Chance Sisco,Orioles,0,0,0,0,0,0,0,0,1,1,0,0,0.20
Matt Cain,Giants,0,0,0,0,0,0,0,0,0,0,0,1,0.19
Carlos Carrasco,Indians,0,0,0,0,0,0,0,0,0,0,0,1,0.19
Mike Fiers,Astros,0,0,0,0,0,0,0,0,0,0,0,1,0.19
David Freitas,Braves,0,0,0,0,0,0,0,0,0,0,0,1,0.19
Sean Gilmartin,Mets,0,0,0,0,0,0,0,0,0,0,0,1,0.19
Jon Gray,Rockies,0,0,0,0,0,0,0,0,0,0,0,1,0.19
Matt Moore,Giants,0,0,0,0,0,0,0,0,0,0,0,1,0.19
Tom Murphy,Rockies,0,0,0,0,0,0,0,0,0,0,0,1,0.19
Sean Newcomb,Braves,0,0,0,0,0,0,0,0,0,0,0,1,0.19
Luis Perdomo,Padres,0,0,0,0,0,0,0,0,0,0,0,1,0.19
Dan Straily,Marlins,0,0,0,0,0,0,0,0,0,0,0,1,0.19
Ildemaro Vargas,Diamondbacks,0,0,0,0,0,0,0,0,0,0,0,1,0.19
Joey Wendle,A's,0,0,0,0,0,0,0,0,0,0,0,1,0.19
Zack Wheeler,Mets,0,0,0,0,0,0,0,0,0,0,0,1,0.19
Mike Napoli,Rangers,1,2,0,0,0,0,0,2,13,6,0,5,0.19
Colby Rasmus,Rays,1,0,0,0,0,0,0,1,0,1,0,4,0.19
Brandon Moss,Royals,2,0,0,0,0,0,0,2,8,3,1,1,0.18
Jeff Mathis,Diamondbacks,1,0,0,0,0,0,0,1,2,0,0,3,0.17
Alex Verdugo,Dodgers,0,1,0,0,0,0,1,0,0,0,0,0,0.16
Wilmer Flores,Mets,1,0,0,1,0,0,0,2,9,4,2,5,0.16
Tyler Naquin,Indians,0,1,0,0,0,0,0,0,3,0,0,2,0.16
Ty Blach,Giants,0,0,0,0,0,0,0,0,0,2,0,0,0.15
Cesar Puello,Total,1,0,1,0,0,0,0,1,2,2,0,0,0.13
Robinson Cano,Mariners,1,0,0,0,0,0,0,4,10,8,1,9,0.13
Rafael Bautista,Nationals,0,0,0,0,0,0,0,0,1,0,0,0,0.12
Taylor Davis,Cubs,0,0,0,0,0,0,0,0,1,0,0,0,0.12
Andre Ethier,Dodgers,0,0,0,0,0,0,0,0,1,0,0,0,0.12
Kyle Farmer,Dodgers,0,0,0,0,0,0,0,0,1,0,0,0,0.12
Kyle Freeland,Rockies,0,0,0,0,0,0,0,0,1,0,0,0,0.12
Sam Gaviglio,Mariners,0,0,0,0,0,0,0,0,1,0,0,0,0.12
Miguel Gomez,Giants,0,0,0,0,0,0,0,0,1,0,0,0,0.12
Tuffy Gosewisch,Mariners,0,0,0,0,0,0,0,0,1,0,0,0,0.12
Kyle Higashioka,Yankees,0,0,0,0,0,0,0,0,1,0,0,0,0.12
A.J. Jimenez,Rangers,0,0,0,0,0,0,0,0,1,0,0,0,0.12
Clayton Kershaw,Dodgers,0,0,0,0,0,0,0,0,1,0,0,0,0.12
Ryan Lavarnway,A's,0,0,0,0,0,0,0,0,1,0,0,0,0.12
Jordan Lyles,Total,0,0,0,0,0,0,0,0,1,0,0,0,0.12
German Marquez,Rockies,0,0,0,0,0,0,0,0,1,0,0,0,0.12
Mike Ohlman,Blue Jays,0,0,0,0,0,0,0,0,1,0,0,0,0.12
Ricardo Pinto,Phillies,0,0,0,0,0,0,0,0,1,0,0,0,0.12
Carlos Rodon,White Sox,0,0,0,0,0,0,0,0,1,0,0,0,0.12
Tyler Smith,Mariners,0,0,0,0,0,0,0,0,1,0,0,0,0.12
Jameson Taillon,Pirates,0,0,0,0,0,0,0,0,1,0,0,0,0.12
Stuart Turner,Reds,0,0,0,0,0,0,0,0,1,0,0,0,0.12
Jose Urena,Marlins,0,0,0,0,0,0,0,0,1,0,0,0,0.12
Michael Wacha,Cardinals,0,0,0,0,0,0,0,0,1,0,0,0,0.12
Adam Wainwright,Cardinals,0,0,0,0,0,0,0,0,1,0,0,0,0.12
Alex Wood,Dodgers,0,0,0,0,0,0,0,0,1,0,0,0,0.12
Jay Bruce,Total,1,1,0,0,0,0,1,4,12,5,5,6,0.12
Trevor Plouffe,Total,0,2,1,0,0,0,1,2,11,2,2,2,0.12
Mitch Haniger,Mariners,5,3,0,1,0,0,0,3,14,7,1,9,0.11
Brian Dozier,Twins,15,7,1,0,0,0,2,7,12,12,5,9,0.10
Willie Calhoun,Rangers,0,0,0,0,0,0,0,0,0,0,1,0,0.10
Matt Garza,Brewers,0,0,0,0,0,0,0,0,0,0,1,0,0.10
Daniel Gossett,A's,0,0,0,0,0,0,0,0,0,0,1,0,0.10
Bryan Holaday,Tigers,0,0,0,0,0,0,0,0,0,0,1,0,0.10
Chad Huffman,Cardinals,0,0,0,0,0,0,0,0,0,0,1,0,0.10
Ryan McMahon,Rockies,0,0,0,0,0,0,0,0,0,0,1,0,0.10
Alex Mejia,Cardinals,0,0,0,0,0,0,0,0,0,0,1,0,0.10
Jacob Stallings,Pirates,0,0,0,0,0,0,0,0,0,0,1,0,0.10
Ross Stripling,Dodgers,0,0,0,0,0,0,0,0,0,0,1,0,0.10
Jett Bandy,Brewers,1,0,0,0,0,0,0,1,4,1,0,1,0.10
Yandy Diaz,Indians,2,0,0,0,0,0,0,2,6,0,1,3,0.10
Chase Anderson,Brewers,0,0,0,0,0,0,0,0,0,1,0,0,0.08
Jerad Eickhoff,Phillies,0,0,0,0,0,0,0,0,0,1,0,0,0.08
Marco Gonzales,Total,0,0,0,0,0,0,0,0,0,1,0,0,0.08
Michael Lorenzen,Reds,0,0,0,0,0,0,0,0,0,1,0,0,0.08
Lance McCullers,Astros,0,0,0,0,0,0,0,0,0,1,0,0,0.08
Rafael Montero,Mets,0,0,0,0,0,0,0,0,0,1,0,0,0.08
Adam Morgan,Phillies,0,0,0,0,0,0,0,0,0,1,0,0,0.08
Daniel Ortiz,Pirates,0,0,0,0,0,0,0,0,0,1,0,0,0.08
Francisco Pena,Orioles,0,0,0,0,0,0,0,0,0,1,0,0,0.08
Tanner Roark,Nationals,0,0,0,0,0,0,0,0,0,1,0,0,0.08
Joe Ross,Nationals,0,0,0,0,0,0,0,0,0,1,0,0,0.08
Chris Rusin,Rockies,0,0,0,0,0,0,0,0,0,1,0,0,0.08
Antonio Senzatela,Rockies,0,0,0,0,0,0,0,0,0,1,0,0,0.08
Drew Stubbs,Giants,0,0,0,0,0,0,0,0,0,1,0,0,0.08
Quintin Berry,Brewers,2,1,0,0,0,0,0,0,0,1,0,0,0.08
Tommy La Stella,Cubs,0,0,0,0,0,0,0,1,2,4,1,2,0.07
Mac Williamson,Giants,1,1,0,0,0,0,0,0,0,1,1,1,0.07
Eric Fryer,Cardinals,0,0,0,0,0,0,0,1,4,2,0,2,0.07
Johan Camargo,Braves,0,0,0,0,0,0,0,2,4,3,1,6,0.06
Matt Adams,Total,0,0,0,0,0,0,1,3,6,1,2,6,0.05
Christian Vazquez,Red Sox,6,1,1,1,0,0,0,4,9,7,1,7,0.05
Bryce Harper,Nationals,4,1,0,1,0,0,0,5,13,12,10,8,0.04
Scooter Gennett,Reds,3,2,0,0,0,0,1,5,21,7,3,5,0.02
Ketel Marte,Diamondbacks,3,1,0,0,0,0,0,2,4,1,3,4,0.02
Avisail Garcia,White Sox,5,1,0,0,0,2,1,5,16,12,5,11,0.01
Erik Gonzalez,Indians,1,2,0,0,0,0,0,0,2,1,2,2,0.01
Cristhian Adames,Rockies,0,0,0,0,0,0,0,0,0,0,0,0,0.00
Tim Adleman,Reds,0,0,0,0,0,0,0,0,0,0,0,0,0.00
Andrew Albers,Mariners,0,0,0,0,0,0,0,0,0,0,0,0,0.00
Scott Alexander,Royals,0,0,0,0,0,0,0,0,0,0,0,0,0.00
Anthony Alford,Blue Jays,0,0,0,0,0,0,0,0,0,0,0,0,0.00
Henderson Alvarez,Phillies,0,0,0,0,0,0,0,0,0,0,0,0,0.00
Brett Anderson,Cubs,0,0,0,0,0,0,0,0,0,0,0,0,0.00
Tyler Anderson,Rockies,0,0,0,0,0,0,0,0,0,0,0,0,0.00
Jayson Aquino,Orioles,0,0,0,0,0,0,0,0,0,0,0,0,0.00
Chris Archer,Rays,0,0,0,0,0,0,0,0,0,0,0,0,0.00
Jake Arrieta,Cubs,0,0,0,0,0,0,0,0,0,0,0,0,0.00
Bronson Arroyo,Reds,0,0,0,0,0,0,0,0,0,0,0,0,0.00
Alec Asher,Orioles,0,0,0,0,0,0,0,0,0,0,0,0,0.00
Barrett Astin,Reds,0,0,0,0,0,0,0,0,0,0,0,0,0.00
Luis Avilan,Dodgers,0,0,0,0,0,0,0,0,0,0,0,0,0.00
Pedro Baez,Dodgers,0,0,0,0,0,0,0,0,0,0,0,0,0.00
Homer Bailey,Reds,0,0,0,0,0,0,0,0,0,0,0,0,0.00
Anthony Banda,Diamondbacks,0,0,0,0,0,0,0,0,0,0,0,0,0.00
Johnny Barbato,Pirates,0,0,0,0,0,0,0,0,0,0,0,0,0.00
Jacob Barnes,Brewers,0,0,0,0,0,0,0,0,0,0,0,0,0.00
Kyle Barraclough,Marlins,0,0,0,0,0,0,0,0,0,0,0,0,0.00
Antonio Bastardo,Pirates,0,0,0,0,0,0,0,0,0,0,0,0,0.00
Trevor Bauer,Indians,0,0,0,0,0,0,0,0,0,0,0,0,0.00
Christian Bergman,Mariners,0,0,0,0,0,0,0,0,0,0,0,0,0.00
Jose Berrios,Twins,0,0,0,0,0,0,0,0,0,0,0,0,0.00
Christian Bethancourt,Padres,0,0,0,0,0,0,0,0,0,0,0,0,0.00
Joe Biagini,Blue Jays,0,0,0,0,0,0,0,0,0,0,0,0,0.00
Austin Bibens-Dirkx,Rangers,0,0,0,0,0,0,0,0,0,0,0,0,0.00
Paul Blackburn,A's,0,0,0,0,0,0,0,0,0,0,0,0,0.00
Aaron Blair,Braves,0,0,0,0,0,0,0,0,0,0,0,0,0.00
Joe Blanton,Nationals,0,0,0,0,0,0,0,0,0,0,0,0,0.00
Michael Blazek,Brewers,0,0,0,0,0,0,0,0,0,0,0,0,0.00
Emilio Bonifacio,Braves,0,0,0,0,0,0,0,0,0,0,0,0,0.00
Lisalverto Bonilla,Reds,0,0,0,0,0,0,0,0,0,0,0,0,0.00
John Bormann,Pirates,0,0,0,0,0,0,0,0,0,0,0,0,0.00
Matthew Bowman,Cardinals,0,0,0,0,0,0,0,0,0,0,0,0,0.00
Matt Boyd,Tigers,0,0,0,0,0,0,0,0,0,0,0,0,0.00
Chase Bradford,Mets,0,0,0,0,0,0,0,0,0,0,0,0,0.00
Archie Bradley,Diamondbacks,0,0,0,0,0,0,0,0,0,0,0,0,0.00
Steven Brault,Pirates,0,0,0,0,0,0,0,0,0,0,0,0,0.00
John Brebbia,Cardinals,0,0,0,0,0,0,0,0,0,0,0,0,0.00
Austin Brice,Reds,0,0,0,0,0,0,0,0,0,0,0,0,0.00
Jake Buchanan,Reds,0,0,0,0,0,0,0,0,0,0,0,0,0.00
Clay Buchholz,Phillies,0,0,0,0,0,0,0,0,0,0,0,0,0.00
Eddie Butler,Cubs,0,0,0,0,0,0,0,0,0,0,0,0,0.00
Trevor Cahill,Total,0,0,0,0,0,0,0,0,0,0,0,0,0.00
Andrew Cashner,Rangers,0,0,0,0,0,0,0,0,0,0,0,0,0.00
Luis Castillo,Reds,0,0,0,0,0,0,0,0,0,0,0,0,0.00
Brett Cecil,Cardinals,0,0,0,0,0,0,0,0,0,0,0,0,0.00
Jesse Chavez,Angels,0,0,0,0,0,0,0,0,0,0,0,0,0.00
Wei-Yin Chen,Marlins,0,0,0,0,0,0,0,0,0,0,0,0,0.00
Ji-Man Choi,Yankees,0,0,0,0,0,0,0,0,0,0,0,0,0.00
Mike Clevinger,Indians,0,0,0,0,0,0,0,0,0,0,0,0,0.00
Alex Cobb,Rays,0,0,0,0,0,0,0,0,0,0,0,0,0.00
A.J. Cole,Nationals,0,0,0,0,0,0,0,0,0,0,0,0,0.00
Bartolo Colon,Total,0,0,0,0,0,0,0,0,0,0,0,0,0.00
Adam Conley,Marlins,0,0,0,0,0,0,0,0,0,0,0,0,0.00
Jarred Cosart,Padres,0,0,0,0,0,0,0,0,0,0,0,0,0.00
Jharel Cotton,A's,0,0,0,0,0,0,0,0,0,0,0,0,0.00
Dylan Covey,White Sox,0,0,0,0,0,0,0,0,0,0,0,0,0.00
Charlie Culberson,Dodgers,0,0,0,0,0,0,0,0,0,0,0,0,0.00
Yu Darvish,Dodgers,0,0,0,0,0,0,0,0,0,0,0,0,0.00
Rookie Davis,Reds,0,0,0,0,0,0,0,0,0,0,0,0,0.00
Jorge De La Rosa,Diamondbacks,0,0,0,0,0,0,0,0,0,0,0,0,0.00
Randall Delgado,Diamondbacks,0,0,0,0,0,0,0,0,0,0,0,0,0.00
Matt den Dekker,Tigers,0,0,0,0,0,0,0,0,0,0,0,0,0.00
Odrisamer Despaigne,Marlins,0,0,0,0,0,0,0,0,0,0,0,0,0.00
Chris Devenski,Astros,0,0,0,0,0,0,0,0,0,0,0,0,0.00
Edwin Diaz,Mariners,0,0,0,0,0,0,0,0,0,0,0,0,0.00
Miguel Diaz,Padres,0,0,0,0,0,0,0,0,0,0,0,0,0.00
O'Koyea Dickson,Dodgers,0,0,0,0,0,0,0,0,0,0,0,0,0.00
Brian Duensing,Cubs,0,0,0,0,0,0,0,0,0,0,0,0,0.00
Danny Duffy,Royals,0,0,0,0,0,0,0,0,0,0,0,0,0.00
Carl Edwards Jr.,Cubs,0,0,0,0,0,0,0,0,0,0,0,0,0.00
Zach Eflin,Phillies,0,0,0,0,0,0,0,0,0,0,0,0,0.00
Brett Eibner,Dodgers,0,0,0,0,0,0,0,0,0,0,0,0,0.00
Brian Ellington,Marlins,0,0,0,0,0,0,0,0,0,0,0,0,0.00
Dietrich Enns,Twins,0,0,0,0,0,0,0,0,0,0,0,0,0.00
Paolo Espino,Brewers,0,0,0,0,0,0,0,0,0,0,0,0,0.00
Marco Estrada,Blue Jays,0,0,0,0,0,0,0,0,0,0,0,0,0.00
Jeurys Familia,Mets,0,0,0,0,0,0,0,0,0,0,0,0,0.00
Erick Fedde,Nationals,0,0,0,0,0,0,0,0,0,0,0,0,0.00
Scott Feldman,Reds,0,0,0,0,0,0,0,0,0,0,0,0,0.00
Michael Feliz,Astros,0,0,0,0,0,0,0,0,0,0,0,0,0.00
Brandon Finnegan,Reds,0,0,0,0,0,0,0,0,0,0,0,0,0.00
Doug Fister,Red Sox,0,0,0,0,0,0,0,0,0,0,0,0,0.00
Jack Flaherty,Cardinals,0,0,0,0,0,0,0,0,0,0,0,0,0.00
Chris Flexen,Mets,0,0,0,0,0,0,0,0,0,0,0,0,0.00
Ramon Flores,Angels,0,0,0,0,0,0,0,0,0,0,0,0,0.00
Dylan Floro,Cubs,0,0,0,0,0,0,0,0,0,0,0,0,0.00
Mike Foltynewicz,Braves,0,0,0,0,0,0,0,0,0,0,0,0,0.00
Sam Freeman,Braves,0,0,0,0,0,0,0,0,0,0,0,0,0.00
Max Fried,Braves,0,0,0,0,0,0,0,0,0,0,0,0,0.00
Michael Fulmer,Tigers,0,0,0,0,0,0,0,0,0,0,0,0,0.00
Rocky Gale,Padres,0,0,0,0,0,0,0,0,0,0,0,0,0.00
Cam Gallagher,Royals,0,0,0,0,0,0,0,0,0,0,0,0,0.00
Yovani Gallardo,Mariners,0,0,0,0,0,0,0,0,0,0,0,0,0.00
John Gant,Cardinals,0,0,0,0,0,0,0,0,0,0,0,0,0.00
Jaime Garcia,Total,0,0,0,0,0,0,0,0,0,0,0,0,0.00
Amir Garrett,Reds,0,0,0,0,0,0,0,0,0,0,0,0,0.00
Kevin Gausman,Orioles,0,0,0,0,0,0,0,0,0,0,0,0,0.00
Cory Gearrin,Giants,0,0,0,0,0,0,0,0,0,0,0,0,0.00
Zack Godley,Diamondbacks,0,0,0,0,0,0,0,0,0,0,0,0,0.00
Luiz Gohara,Braves,0,0,0,0,0,0,0,0,0,0,0,0,0.00
Miguel Gonzalez,Total,0,0,0,0,0,0,0,0,0,0,0,0,0.00
Matt Grace,Nationals,0,0,0,0,0,0,0,0,0,0,0,0,0.00
Kendall Graveman,A's,0,0,0,0,0,0,0,0,0,0,0,0,0.00
Grant Green,Nationals,0,0,0,0,0,0,0,0,0,0,0,0,0.00
Justin Grimm,Cubs,0,0,0,0,0,0,0,0,0,0,0,0,0.00
Javy Guerra,Marlins,0,0,0,0,0,0,0,0,0,0,0,0,0.00
Junior Guerra,Brewers,0,0,0,0,0,0,0,0,0,0,0,0,0.00
Josh Hader,Brewers,0,0,0,0,0,0,0,0,0,0,0,0,0.00
Cole Hamels,Rangers,0,0,0,0,0,0,0,0,0,0,0,0,0.00
Jason Hammel,Royals,0,0,0,0,0,0,0,0,0,0,0,0,0.00
Brad Hand,Padres,0,0,0,0,0,0,0,0,0,0,0,0,0.00
J.A. Happ,Blue Jays,0,0,0,0,0,0,0,0,0,0,0,0,0.00
Jeremy Hellickson,Phillies,0,0,0,0,0,0,0,0,0,0,0,0,0.00
Ariel Hernandez,Reds,0,0,0,0,0,0,0,0,0,0,0,0,0.00
Derek Holland,White Sox,0,0,0,0,0,0,0,0,0,0,0,0,0.00
James Hoyt,Astros,0,0,0,0,0,0,0,0,0,0,0,0,0.00
Raisel Iglesias,Reds,0,0,0,0,0,0,0,0,0,0,0,0,0.00
Luke Jackson,Braves,0,0,0,0,0,0,0,0,0,0,0,0,0.00
Kenley Jansen,Dodgers,0,0,0,0,0,0,0,0,0,0,0,0,0.00
Jeremy Jeffress,Total,0,0,0,0,0,0,0,0,0,0,0,0,0.00
Ubaldo Jimenez,Orioles,0,0,0,0,0,0,0,0,0,0,0,0,0.00
Brian Johnson,Red Sox,0,0,0,0,0,0,0,0,0,0,0,0,0.00
Jakob Junis,Royals,0,0,0,0,0,0,0,0,0,0,0,0,0.00
Kyle Kendrick,Red Sox,0,0,0,0,0,0,0,0,0,0,0,0,0.00
Ian Kennedy,Royals,0,0,0,0,0,0,0,0,0,0,0,0,0.00
Dallas Keuchel,Astros,0,0,0,0,0,0,0,0,0,0,0,0,0.00
Corey Kluber,Indians,0,0,0,0,0,0,0,0,0,0,0,0,0.00
Tom Koehler,Marlins,0,0,0,0,0,0,0,0,0,0,0,0,0.00
George Kontos,Total,0,0,0,0,0,0,0,0,0,0,0,0,0.00
Erik Kratz,Yankees,0,0,0,0,0,0,0,0,0,0,0,0,0.00
Ian Krol,Braves,0,0,0,0,0,0,0,0,0,0,0,0,0.00
Ryan LaMarre,A's,0,0,0,0,0,0,0,0,0,0,0,0,0.00
Dinelson Lamet,Padres,0,0,0,0,0,0,0,0,0,0,0,0,0.00
Mat Latos,Blue Jays,0,0,0,0,0,0,0,0,0,0,0,0,0.00
Casey Lawrence,Total,0,0,0,0,0,0,0,0,0,0,0,0,0.00
Wade LeBlanc,Pirates,0,0,0,0,0,0,0,0,0,0,0,0,0.00
Zach Lee,Padres,0,0,0,0,0,0,0,0,0,0,0,0,0.00
Mark Leiter,Phillies,0,0,0,0,0,0,0,0,0,0,0,0,0.00
Josh Lindblom,Pirates,0,0,0,0,0,0,0,0,0,0,0,0,0.00
Ben Lively,Phillies,0,0,0,0,0,0,0,0,0,0,0,0,0.00
Kyle Lloyd,Padres,0,0,0,0,0,0,0,0,0,0,0,0,0.00
Jeff Locke,Marlins,0,0,0,0,0,0,0,0,0,0,0,0,0.00
Steve Lombardozzi,Marlins,0,0,0,0,0,0,0,0,0,0,0,0,0.00
Tyler Lyons,Cardinals,0,0,0,0,0,0,0,0,0,0,0,0,0.00
Jean Machi,Mariners,0,0,0,0,0,0,0,0,0,0,0,0,0.00
Tyler Mahle,Reds,0,0,0,0,0,0,0,0,0,0,0,0,0.00
Sean Manaea,A's,0,0,0,0,0,0,0,0,0,0,0,0,0.00
Jhan Marinez,Total,0,0,0,0,0,0,0,0,0,0,0,0,0.00
Mike Marjama,Mariners,0,0,0,0,0,0,0,0,0,0,0,0,0.00
Nick Martinez,Rangers,0,0,0,0,0,0,0,0,0,0,0,0,0.00
Steven Matz,Mets,0,0,0,0,0,0,0,0,0,0,0,0,0.00
Brandon McCarthy,Dodgers,0,0,0,0,0,0,0,0,0,0,0,0,0.00
T.J. McFarland,Diamondbacks,0,0,0,0,0,0,0,0,0,0,0,0,0.00
Dustin McGowan,Marlins,0,0,0,0,0,0,0,0,0,0,0,0,0.00
Deck McGuire,Reds,0,0,0,0,0,0,0,0,0,0,0,0,0.00
Collin McHugh,Astros,0,0,0,0,0,0,0,0,0,0,0,0,0.00
Francisco Mejia,Indians,0,0,0,0,0,0,0,0,0,0,0,0,0.00
Daniel Mengden,A's,0,0,0,0,0,0,0,0,0,0,0,0,0.00
Alex Meyer,Angels,0,0,0,0,0,0,0,0,0,0,0,0,0.00
Wade Miley,Orioles,0,0,0,0,0,0,0,0,0,0,0,0,0.00
Andrew Miller,Indians,0,0,0,0,0,0,0,0,0,0,0,0,0.00
Hoby Milner,Phillies,0,0,0,0,0,0,0,0,0,0,0,0,0.00
Tommy Milone,Total,0,0,0,0,0,0,0,0,0,0,0,0,0.00
Ariel Miranda,Mariners,0,0,0,0,0,0,0,0,0,0,0,0,0.00
Jordan Montgomery,Yankees,0,0,0,0,0,0,0,0,0,0,0,0,0.00
Michael Morse,Giants,0,0,0,0,0,0,0,0,0,0,0,0,0.00
Charlie Morton,Astros,0,0,0,0,0,0,0,0,0,0,0,0,0.00
John Ryan Murphy,Diamondbacks,0,0,0,0,0,0,0,0,0,0,0,0,0.00
Joe Musgrove,Astros,0,0,0,0,0,0,0,0,0,0,0,0,0.00
Jimmy Nelson,Brewers,0,0,0,0,0,0,0,0,0,0,0,0,0.00
Juan Nicasio,Total,0,0,0,0,0,0,0,0,0,0,0,0,0.00
Justin Nicolino,Marlins,0,0,0,0,0,0,0,0,0,0,0,0,0.00
Kirk Nieuwenhuis,Brewers,0,0,0,0,0,0,0,0,0,0,0,0,0.00
Ricky Nolasco,Angels,0,0,0,0,0,0,0,0,0,0,0,0,0.00
Vidal Nuno,Orioles,0,0,0,0,0,0,0,0,0,0,0,0,0.00
Chris O'Grady,Marlins,0,0,0,0,0,0,0,0,0,0,0,0,0.00
Jake Odorizzi,Rays,0,0,0,0,0,0,0,0,0,0,0,0,0.00
Steven Okert,Giants,0,0,0,0,0,0,0,0,0,0,0,0,0.00
Dillon Overton,Total,0,0,0,0,0,0,0,0,0,0,0,0,0.00
Emilio Pagan,Mariners,0,0,0,0,0,0,0,0,0,0,0,0,0.00
Ian Parmley,Blue Jays,0,0,0,0,0,0,0,0,0,0,0,0,0.00
Brad Peacock,Astros,0,0,0,0,0,0,0,0,0,0,0,0,0.00
Felix Pena,Cubs,0,0,0,0,0,0,0,0,0,0,0,0,0.00
Wily Peralta,Brewers,0,0,0,0,0,0,0,0,0,0,0,0,0.00
Carlos Perez,Angels,0,0,0,0,0,0,0,0,0,0,0,0,0.00
Martin Perez,Rangers,0,0,0,0,0,0,0,0,0,0,0,0,0.00
Dillon Peters,Marlins,0,0,0,0,0,0,0,0,0,0,0,0,0.00
David Phelps,Total,0,0,0,0,0,0,0,0,0,0,0,0,0.00
Tyler Pill,Mets,0,0,0,0,0,0,0,0,0,0,0,0,0.00
Michael Pineda,Yankees,0,0,0,0,0,0,0,0,0,0,0,0,0.00
Nick Pivetta,Phillies,0,0,0,0,0,0,0,0,0,0,0,0,0.00
Drew Pomeranz,Red Sox,0,0,0,0,0,0,0,0,0,0,0,0,0.00
Rick Porcello,Red Sox,0,0,0,0,0,0,0,0,0,0,0,0,0.00
David Price,Red Sox,0,0,0,0,0,0,0,0,0,0,0,0,0.00
Austin Pruitt,Rays,0,0,0,0,0,0,0,0,0,0,0,0,0.00
Kevin Quackenbush,Padres,0,0,0,0,0,0,0,0,0,0,0,0,0.00
Jose Quintana,Total,0,0,0,0,0,0,0,0,0,0,0,0,0.00
Erasmo Ramirez,Total,0,0,0,0,0,0,0,0,0,0,0,0,0.00
J.C. Ramirez,Angels,0,0,0,0,0,0,0,0,0,0,0,0,0.00
Neil Ramirez,Total,0,0,0,0,0,0,0,0,0,0,0,0,0.00
Edubray Ramos,Phillies,0,0,0,0,0,0,0,0,0,0,0,0,0.00
Josh Ravin,Dodgers,0,0,0,0,0,0,0,0,0,0,0,0,0.00
Raudy Read,Nationals,0,0,0,0,0,0,0,0,0,0,0,0,0.00
A.J. Reed,Astros,0,0,0,0,0,0,0,0,0,0,0,0,0.00
Cody Reed,Reds,0,0,0,0,0,0,0,0,0,0,0,0,0.00
Jack Reinheimer,Diamondbacks,0,0,0,0,0,0,0,0,0,0,0,0,0.00
Clayton Richard,Padres,0,0,0,0,0,0,0,0,0,0,0,0,0.00
Yacksel Rios,Phillies,0,0,0,0,0,0,0,0,0,0,0,0,0.00
Yadiel Rivera,Brewers,0,0,0,0,0,0,0,0,0,0,0,0,0.00
Hansel Robles,Mets,0,0,0,0,0,0,0,0,0,0,0,0,0.00
Eduardo Rodriguez,Red Sox,0,0,0,0,0,0,0,0,0,0,0,0,0.00
Joely Rodriguez,Phillies,0,0,0,0,0,0,0,0,0,0,0,0,0.00
Sal Romano,Reds,0,0,0,0,0,0,0,0,0,0,0,0,0.00
Enny Romero,Nationals,0,0,0,0,0,0,0,0,0,0,0,0,0.00
Hector Rondon,Cubs,0,0,0,0,0,0,0,0,0,0,0,0,0.00
Alberto Rosario,Cardinals,0,0,0,0,0,0,0,0,0,0,0,0,0.00
CC Sabathia,Yankees,0,0,0,0,0,0,0,0,0,0,0,0,0.00
Fernando Salas,Mets,0,0,0,0,0,0,0,0,0,0,0,0,0.00
Chris Sale,Red Sox,0,0,0,0,0,0,0,0,0,0,0,0,0.00
Jarrod Saltalamacchia,Blue Jays,0,0,0,0,0,0,0,0,0,0,0,0,0.00
Angel Sanchez,Pirates,0,0,0,0,0,0,0,0,0,0,0,0,0.00
Anibal Sanchez,Tigers,0,0,0,0,0,0,0,0,0,0,0,0,0.00
Tony Sanchez,Braves,0,0,0,0,0,0,0,0,0,0,0,0,0.00
Anthony Santander,Orioles,0,0,0,0,0,0,0,0,0,0,0,0,0.00
Rob Scahill,Brewers,0,0,0,0,0,0,0,0,0,0,0,0,0.00
A.J. Schugel,Pirates,0,0,0,0,0,0,0,0,0,0,0,0,0.00
Steve Selsky,Red Sox,0,0,0,0,0,0,0,0,0,0,0,0,0.00
Luis Severino,Yankees,0,0,0,0,0,0,0,0,0,0,0,0,0.00
Pedro Severino,Nationals,0,0,0,0,0,0,0,0,0,0,0,0,0.00
Paul Sewald,Mets,0,0,0,0,0,0,0,0,0,0,0,0,0.00
Kevin Shackelford,Reds,0,0,0,0,0,0,0,0,0,0,0,0,0.00
Braden Shipley,Diamondbacks,0,0,0,0,0,0,0,0,0,0,0,0,0.00
Matt Shoemaker,Angels,0,0,0,0,0,0,0,0,0,0,0,0,0.00
Chasen Shreve,Yankees,0,0,0,0,0,0,0,0,0,0,0,0,0.00
Lucas Sims,Braves,0,0,0,0,0,0,0,0,0,0,0,0,0.00
Tony Sipp,Astros,0,0,0,0,0,0,0,0,0,0,0,0,0.00
Tyler Skaggs,Angels,0,0,0,0,0,0,0,0,0,0,0,0,0.00
Chris M Smith,A's,0,0,0,0,0,0,0,0,0,0,0,0,0.00
Josh Smoker,Mets,0,0,0,0,0,0,0,0,0,0,0,0,0.00
Jake Smolinski,A's,0,0,0,0,0,0,0,0,0,0,0,0,0.00
Blake Snell,Rays,0,0,0,0,0,0,0,0,0,0,0,0,0.00
Miguel Socolovich,Cardinals,0,0,0,0,0,0,0,0,0,0,0,0,0.00
Jackson Stephens,Reds,0,0,0,0,0,0,0,0,0,0,0,0,0.00
Robert Stephenson,Reds,0,0,0,0,0,0,0,0,0,0,0,0,0.00
Brock Stewart,Dodgers,0,0,0,0,0,0,0,0,0,0,0,0,0.00
Drew Storen,Reds,0,0,0,0,0,0,0,0,0,0,0,0,0.00
Chris Stratton,Giants,0,0,0,0,0,0,0,0,0,0,0,0,0.00
Marcus Stroman,Blue Jays,0,0,0,0,0,0,0,0,0,0,0,0,0.00
Pedro Strop,Cubs,0,0,0,0,0,0,0,0,0,0,0,0,0.00
Albert Suarez,Giants,0,0,0,0,0,0,0,0,0,0,0,0,0.00
Andrew Susac,Brewers,0,0,0,0,0,0,0,0,0,0,0,0,0.00
Brent Suter,Brewers,0,0,0,0,0,0,0,0,0,0,0,0,0.00
Blake Swihart,Red Sox,0,0,0,0,0,0,0,0,0,0,0,0,0.00
Noah Syndergaard,Mets,0,0,0,0,0,0,0,0,0,0,0,0,0.00
Masahiro Tanaka,Yankees,0,0,0,0,0,0,0,0,0,0,0,0,0.00
Junichi Tazawa,Marlins,0,0,0,0,0,0,0,0,0,0,0,0,0.00
Ryan Tepera,Blue Jays,0,0,0,0,0,0,0,0,0,0,0,0,0.00
Nick Tepesch,Blue Jays,0,0,0,0,0,0,0,0,0,0,0,0,0.00
Jesen Therrien,Phillies,0,0,0,0,0,0,0,0,0,0,0,0,0.00
Jake Thompson,Phillies,0,0,0,0,0,0,0,0,0,0,0,0,0.00
Josh Tomlin,Indians,0,0,0,0,0,0,0,0,0,0,0,0,0.00
Jose Torres,Padres,0,0,0,0,0,0,0,0,0,0,0,0,0.00
Jen-Ho Tseng,Cubs,0,0,0,0,0,0,0,0,0,0,0,0,0.00
Nik Turley,Twins,0,0,0,0,0,0,0,0,0,0,0,0,0.00
Jacob Turner,Nationals,0,0,0,0,0,0,0,0,0,0,0,0,0.00
Julio Urias,Dodgers,0,0,0,0,0,0,0,0,0,0,0,0,0.00
Breyvic Valera,Cardinals,0,0,0,0,0,0,0,0,0,0,0,0,0.00
Jason Vargas,Royals,0,0,0,0,0,0,0,0,0,0,0,0,0.00
Vince Velasquez,Phillies,0,0,0,0,0,0,0,0,0,0,0,0,0.00
Hector Velazquez ,Red Sox,0,0,0,0,0,0,0,0,0,0,0,0,0.00
Justin Verlander,Tigers,0,0,0,0,0,0,0,0,0,0,0,0,0.00
Christian Villanueva,Padres,0,0,0,0,0,0,0,0,0,0,0,0,0.00
Zach Vincej,Reds,0,0,0,0,0,0,0,0,0,0,0,0,0.00
Edinson Volquez,Marlins,0,0,0,0,0,0,0,0,0,0,0,0,0.00
Christian Walker,Diamondbacks,0,0,0,0,0,0,0,0,0,0,0,0,0.00
Chad Wallach,Reds,0,0,0,0,0,0,0,0,0,0,0,0,0.00
David Washington,Orioles,0,0,0,0,0,0,0,0,0,0,0,0,0.00
Tony Watson,Total,0,0,0,0,0,0,0,0,0,0,0,0,0.00
Jered Weaver,Padres,0,0,0,0,0,0,0,0,0,0,0,0,0.00
Luke Weaver,Cardinals,0,0,0,0,0,0,0,0,0,0,0,0,0.00
Tom Wilhelmsen,Diamondbacks,0,0,0,0,0,0,0,0,0,0,0,0,0.00
Adam Wilk,Mets,0,0,0,0,0,0,0,0,0,0,0,0,0.00
Aaron Wilkerson,Brewers,0,0,0,0,0,0,0,0,0,0,0,0,0.00
Trevor Williams,Pirates,0,0,0,0,0,0,0,0,0,0,0,0,0.00
Matt Wisler,Braves,0,0,0,0,0,0,0,0,0,0,0,0,0.00
Nick Wittgren,Marlins,0,0,0,0,0,0,0,0,0,0,0,0,0.00
Asher Wojciechowski,Reds,0,0,0,0,0,0,0,0,0,0,0,0,0.00
Blake Wood,Reds,0,0,0,0,0,0,0,0,0,0,0,0,0.00
Travis Wood,Total,0,0,0,0,0,0,0,0,0,0,0,0,0.00
Brandon Woodruff,Brewers,0,0,0,0,0,0,0,0,0,0,0,0,0.00
Vance Worley,Marlins,0,0,0,0,0,0,0,0,0,0,0,0,0.00
Jimmy Yacabonis,Orioles,0,0,0,0,0,0,0,0,0,0,0,0,0.00
Gabriel Ynoa,Orioles,0,0,0,0,0,0,0,0,0,0,0,0,0.00
Rob Zastryzny,Cubs,0,0,0,0,0,0,0,0,0,0,0,0,0.00
Jordan Zimmermann,Tigers,0,0,0,0,0,0,0,0,0,0,0,0,0.00
Efren Navarro,Tigers,0,1,0,0,0,0,0,0,2,2,0,1,-0.01
Seth Smith,Orioles,0,0,1,0,1,0,0,3,8,3,1,3,-0.01
Khris Davis,A's,3,0,1,0,0,0,0,6,15,5,1,11,-0.02
Rene Rivera,Total,0,1,0,0,0,0,0,0,3,0,0,1,-0.04
Richard Urena,Blue Jays,1,0,0,0,0,0,0,1,3,2,1,0,-0.04
Harrison Bader,Cardinals,2,1,0,0,0,0,0,1,6,1,1,0,-0.05
Brian Anderson,Marlins,0,0,0,0,0,0,0,1,2,1,0,3,-0.06
Derek Dietrich,Marlins,0,1,0,0,0,0,0,3,9,1,5,9,-0.06
Adonis Garcia,Braves,4,0,0,0,0,0,0,3,3,1,4,4,-0.07
Greg Allen,Indians,1,0,0,0,0,0,0,1,2,2,0,1,-0.07
Chris Coghlan,Blue Jays,0,0,0,0,0,0,1,1,1,0,0,0,-0.08
Christopher Bostick,Pirates,0,1,0,0,0,0,0,0,1,0,0,2,-0.09
Rhys Hoskins,Phillies,2,0,0,0,0,0,0,2,5,3,2,1,-0.09
Tyler Moore,Marlins,0,0,0,0,0,0,0,1,2,3,0,2,-0.10
Edwin Encarnacion,Indians,2,0,0,0,0,0,0,4,16,4,1,4,-0.11
Tony Kemp,Astros,1,0,0,0,0,0,0,1,2,0,1,1,-0.12
Giovanny Urshela,Indians,0,0,0,0,0,0,0,1,3,1,0,2,-0.13
Adam Lind,Nationals,1,0,0,0,0,0,0,2,7,3,2,1,-0.15
Ryan Hanigan,Rockies,0,0,0,0,0,0,0,1,5,0,0,1,-0.15
Matt Joyce,A's,3,1,1,0,0,0,0,5,12,7,6,7,-0.16
Devin Mesoraco,Reds,1,0,0,0,0,0,0,1,2,2,1,0,-0.17
Brandon Phillips,Total,7,7,4,1,0,0,3,8,18,10,1,18,-0.17
Jordan Luplow,Pirates,0,1,0,0,0,0,0,0,2,1,1,0,-0.18
Neil Walker,Total,0,1,0,0,0,1,0,2,12,5,3,7,-0.19
Bruce Maxwell,A's,0,0,0,0,0,0,0,1,5,2,0,0,-0.20
Jedd Gyorko,Cardinals,6,2,0,0,0,0,1,5,12,4,3,6,-0.21
Nori Aoki,Total,8,2,2,0,0,0,0,6,12,7,4,6,-0.22
Elias Diaz,Pirates,1,0,0,0,0,0,0,2,5,4,1,2,-0.22
Clint Frazier,Yankees,1,0,0,0,0,0,0,2,5,4,1,2,-0.22
Juan Graterol,Angels,0,0,0,0,0,0,0,1,0,2,0,3,-0.23
Matt Szczur,Total,0,2,0,0,0,0,0,2,10,5,1,6,-0.26
Ichiro Suzuki,Marlins,1,1,0,0,0,0,1,2,2,1,1,4,-0.27
Justin Bour,Marlins,1,0,0,0,0,0,1,3,3,4,3,3,-0.28
Michael Martinez,Total,0,1,0,0,0,0,0,0,1,0,0,1,-0.28
Roberto Perez,Indians,0,1,0,0,0,0,0,0,1,0,0,1,-0.28
Tyler White,Astros,0,1,0,0,0,0,0,0,1,0,0,1,-0.28
Nolan Fontana,Angels,1,1,0,0,0,0,0,0,0,0,0,0,-0.30
Justin Ruggiano,Giants,1,1,0,0,0,0,0,0,0,0,0,0,-0.30
Pedro Florimon,Phillies,0,0,0,0,0,0,0,1,1,2,0,2,-0.30
Austin Barnes,Dodgers,2,1,2,0,0,0,0,4,11,3,4,4,-0.31
Pablo Sandoval,Total,0,1,0,0,0,0,0,1,4,1,1,3,-0.32
Jayson Werth,Nationals,3,1,1,2,0,0,1,2,2,4,2,5,-0.33
Micah Johnson,Braves,1,0,0,0,0,0,0,1,1,0,0,1,-0.34
Danny Espinosa,Total,4,5,0,0,0,0,3,3,2,6,2,6,-0.35
Aaron Altherr,Phillies,5,4,0,0,0,0,1,4,6,10,6,8,-0.35
Mark Zagunis,Cubs,2,0,0,0,0,0,0,1,0,0,0,0,-0.36
Ryan Rua,Rangers,2,2,0,0,0,0,0,1,5,0,0,3,-0.37
Gift Ngoepe,Pirates,0,0,0,0,0,0,0,1,4,0,1,0,-0.37
Andrew Romine,Tigers,5,4,1,0,0,0,0,4,8,5,1,13,-0.37
Conor Gillaspie,Giants,0,0,0,0,0,0,0,1,0,0,2,2,-0.38
Billy Burns,Royals,0,1,0,0,0,0,0,0,0,0,0,1,-0.41
Jacob Hannemann,Mariners,0,1,0,0,0,0,0,0,0,0,0,1,-0.41
Nelson Cruz,Mariners,1,1,0,0,0,0,0,4,12,8,1,8,-0.42
Austin Romine,Yankees,0,0,0,0,0,0,0,2,6,5,0,2,-0.42
Cheslor Cuthbert,Royals,0,0,0,0,0,0,0,1,0,2,0,2,-0.42
Mark Reynolds,Rockies,1,1,1,0,0,0,0,6,18,4,2,13,-0.44
Zack Greinke,Diamondbacks,0,0,0,0,0,0,0,1,1,0,0,2,-0.45
Kenta Maeda,Dodgers,0,0,0,0,0,0,0,1,1,0,0,2,-0.45
Andrew Toles,Dodgers,0,1,0,0,0,0,0,1,5,4,0,1,-0.45
J.J. Hardy,Orioles,0,1,0,0,0,0,0,2,9,5,0,3,-0.46
Gordon Beckham,Mariners,1,0,0,0,0,0,0,1,0,0,0,1,-0.47
Shin-Soo Choo,Rangers,11,3,1,0,0,0,0,8,23,6,1,10,-0.48
Adrian Gonzalez,Dodgers,0,1,0,0,0,0,0,1,5,1,0,2,-0.49
Brandon Crawford,Giants,3,3,0,2,0,0,1,3,18,6,3,6,-0.49
Edwin Jackson,Nationals,0,0,0,0,0,0,0,1,0,1,0,2,-0.50
Yangervis Solarte,Padres,3,0,0,0,0,0,0,4,10,8,2,2,-0.53
Jon Lester,Cubs,1,0,0,0,0,0,0,1,1,0,0,0,-0.54
Tzu-Wei Lin,Red Sox,1,1,0,0,0,0,0,1,4,3,0,0,-0.55
Derek Norris,Rays,1,0,0,0,0,0,0,2,3,0,1,3,-0.57
Robbie Ray,Diamondbacks,0,0,0,0,0,0,0,1,0,0,0,2,-0.57
Geovany Soto,White Sox,0,0,0,0,0,0,0,1,0,0,0,2,-0.57
Dusty Coleman,Padres,1,0,0,0,0,0,0,1,0,1,0,0,-0.59
Jeremy Hazelbaker,Diamondbacks,1,0,0,0,0,0,0,2,2,4,1,2,-0.59
Rickie Weeks Jr.,Rays,0,0,1,0,0,0,0,2,3,2,0,2,-0.62
Julio Teheran,Braves,0,0,0,0,0,0,0,1,1,0,0,1,-0.64
Jason Castro,Twins,0,0,0,0,0,0,0,4,9,7,2,7,-0.66
Marco Hernandez,Red Sox,0,1,0,0,0,0,0,1,2,1,0,3,-0.66
Lewis Brinson,Brewers,1,0,0,0,0,0,0,1,0,0,0,0,-0.66
Carlos Beltran,Astros,0,0,0,0,0,0,0,4,12,2,0,8,-0.67
Cody Asche,White Sox,0,0,0,0,0,0,0,1,1,2,0,0,-0.69
Mike Leake,Cardinals,0,0,0,0,0,0,0,1,0,1,0,1,-0.69
Carlos Moncrief,Giants,0,0,0,0,0,0,0,1,0,1,0,1,-0.69
Kristopher Negron,Diamondbacks,0,0,0,0,0,0,0,1,0,1,0,1,-0.69
Austin Hays,Orioles,0,0,0,0,0,0,0,1,2,0,0,0,-0.72
Paul Janish,Orioles,0,0,0,0,0,0,0,1,2,0,0,0,-0.72
Kevin Pillar,Blue Jays,12,5,3,1,0,0,2,8,14,9,3,9,-0.73
J.D. Davis,Astros,1,1,0,0,0,0,0,1,2,1,0,1,-0.75
Mike Tauchman,Rockies,1,2,0,0,0,0,1,1,2,0,1,0,-0.76
Adam Duvall,Reds,5,3,0,0,0,0,0,5,10,4,3,13,-0.76
Dixon Machado,Tigers,1,0,0,0,0,0,0,2,4,1,1,1,-0.76
Jefry Marte,Angels,0,0,1,0,0,0,0,2,4,1,0,1,-0.77
Kyle Seager,Mariners,2,1,0,0,0,0,1,7,17,9,3,11,-0.77
Jonathan Lucroy,Total,1,0,0,0,0,0,0,4,10,1,3,6,-0.78
Derek Fisher,Astros,3,3,0,0,0,0,0,1,5,1,0,2,-0.79
Matt Reynolds,Mets,0,1,0,0,0,0,0,1,3,4,1,0,-0.79
Austin Hedges,Padres,4,0,0,0,0,1,0,3,7,4,1,4,-0.82
Jordy Mercer,Pirates,0,4,0,0,0,0,1,3,12,5,1,9,-0.83
Pedro Alvarez,Orioles,0,0,0,0,0,0,0,1,1,0,0,0,-0.84
Tyler Austin,Yankees,0,0,0,0,0,0,0,1,1,0,0,0,-0.84
Darrell Ceciliani,Blue Jays,0,0,0,0,0,0,0,1,1,0,0,0,-0.84
Jhonny Peralta,Cardinals,0,0,0,0,0,0,0,1,1,0,0,0,-0.84
Stephen Strasburg,Nationals,0,0,0,0,0,0,0,1,1,0,0,0,-0.84
Stephen Cardullo,Rockies,0,0,0,0,0,0,0,1,0,0,1,0,-0.86
Johnny Cueto,Giants,0,0,0,0,0,0,0,1,0,0,1,0,-0.86
Cameron Perkins,Phillies,0,0,0,0,0,0,0,2,3,0,1,3,-0.87
Tomas Telis,Marlins,0,0,0,0,0,0,0,2,1,2,0,4,-0.87
Phillip Evans,Mets,0,0,0,0,0,0,0,1,0,1,0,0,-0.89
Albert Pujols,Angels,2,0,1,0,0,0,0,5,12,5,1,5,-0.89
Dominic Smith,Mets,0,0,0,0,0,0,0,2,2,0,0,4,-0.90
Chris Iannetta,Diamondbacks,0,0,0,0,0,0,0,3,6,1,2,5,-0.90
Domingo Santana,Brewers,13,4,2,0,0,0,0,9,18,12,8,8,-0.91
Jaycob Brugman,A's,1,2,0,0,0,0,0,1,4,1,0,2,-0.91
Rob Brantly,White Sox,0,0,0,0,0,0,0,1,0,0,0,0,-0.96
R.A. Dickey,Braves,0,0,0,0,0,0,0,1,0,0,0,0,-0.96
A.J. Griffin,Rangers,0,0,0,0,0,0,0,1,0,0,0,0,-0.96
Matt Harvey,Mets,0,0,0,0,0,0,0,1,0,0,0,0,-0.96
Rich Hill,Dodgers,0,0,0,0,0,0,0,1,0,0,0,0,-0.96
Chad Kuhl,Pirates,0,0,0,0,0,0,0,1,0,0,0,0,-0.96
Tomas Nido,Mets,0,0,0,0,0,0,0,1,0,0,0,0,-0.96
Aaron Nola,Phillies,0,0,0,0,0,0,0,1,0,0,0,0,-0.96
Ivan Nova,Pirates,0,0,0,0,0,0,0,1,0,0,0,0,-0.96
Renato Nunez,A's,0,0,0,0,0,0,0,1,0,0,0,0,-0.96
Dan Vogelbach,Mariners,0,0,0,0,0,0,0,1,0,0,0,0,-0.96
Marwin Gonzalez,Astros,7,0,1,3,0,0,2,7,16,5,6,6,-0.99
J.T. Riddle,Marlins,0,0,0,0,0,2,1,1,4,1,0,5,-1.01
John Jaso,Pirates,1,1,0,0,0,0,0,3,5,7,0,5,-1.07
Tony Wolters,Rockies,0,0,0,1,0,0,0,2,6,4,2,2,-1.09
Chris Carter,Yankees,0,0,0,0,0,0,0,2,3,1,0,2,-1.09
Phil Gosselin,Total,0,0,0,0,0,1,0,0,0,1,0,0,-1.10
Jose E Ramirez,Indians,13,4,4,1,0,0,2,12,24,6,7,13,-1.11
Giancarlo Stanton,Marlins,2,2,0,0,0,0,0,6,18,4,2,13,-1.14
Luis Valbuena,Angels,0,2,0,0,0,0,0,1,7,2,0,0,-1.15
Taylor Featherston,Rays,0,0,1,0,0,0,0,2,0,1,1,1,-1.16
Nick Hundley,Giants,0,0,0,0,0,0,1,4,5,7,0,4,-1.17
Dexter Fowler,Cardinals,7,3,0,0,0,0,2,8,16,9,1,10,-1.19
Mitch Moreland,Red Sox,0,1,0,0,0,0,0,5,14,6,1,10,-1.20
C.J. Cron,Angels,3,2,0,0,0,0,0,3,7,2,0,5,-1.20
Chris B Young,Red Sox,2,2,1,0,0,0,2,5,10,2,3,3,-1.23
Ryan Raburn,Nationals,0,1,0,0,0,0,0,1,1,0,0,1,-1.24
Corey Dickerson,Rays,3,2,1,1,0,0,0,6,23,11,4,6,-1.26
Adrian Sanchez,Nationals,0,1,0,1,0,0,1,1,2,1,0,0,-1.27
Brandon Drury,Diamondbacks,1,1,0,0,0,0,0,4,11,6,3,4,-1.27
Miguel Sano,Twins,0,0,0,0,0,0,0,6,12,9,4,10,-1.28
Nomar Mazara,Rangers,2,2,0,0,0,0,1,5,9,8,3,7,-1.29
Jorge Soler,Royals,0,0,0,0,0,0,0,2,2,0,0,2,-1.29
Ryan Goins,Blue Jays,1,2,1,0,1,0,0,4,12,4,1,3,-1.31
Carlos Correa,Astros,2,1,0,0,0,0,2,8,12,10,7,10,-1.31
Jose Pirela,Padres,3,3,1,0,0,0,0,5,13,6,4,8,-1.32
Daniel Murphy,Nationals,2,0,0,0,0,0,0,7,11,11,5,11,-1.32
Danny Valencia,Mariners,2,2,0,0,0,0,0,4,12,5,1,6,-1.33
Ian Happ,Cubs,8,4,0,0,0,0,1,6,8,6,3,10,-1.34
Albert Almora Jr.,Cubs,1,0,0,0,0,0,0,4,8,7,1,3,-1.36
Matt Chapman,A's,0,2,0,1,0,0,2,4,11,11,0,4,-1.36
Gavin Cecchini,Mets,0,1,0,0,0,0,0,1,1,1,0,0,-1.36
Jorge Alfaro,Phillies,0,0,0,0,0,0,0,2,2,0,1,1,-1.38
Boog Powell,Total,0,1,0,0,0,0,0,2,3,5,2,1,-1.39
Victor Robles,Nationals,0,1,0,0,0,0,0,1,1,0,0,0,-1.44
Jesse Winker,Reds,1,0,0,1,0,0,0,2,3,4,1,1,-1.45
Jose Abreu,White Sox,3,0,0,0,0,0,0,8,16,6,6,12,-1.45
Sam Travis,Red Sox,0,0,1,0,0,0,0,3,3,1,0,3,-1.46
Lonnie Chisenhall,Indians,2,2,0,0,0,0,1,4,9,7,4,1,-1.46
Gerardo Parra,Rockies,0,5,2,0,0,0,0,3,10,6,4,8,-1.47
Dansby Swanson,Braves,3,3,0,0,0,0,1,7,4,11,2,20,-1.47
Brian McCann,Astros,1,0,0,0,0,0,0,4,9,2,0,4,-1.51
Wilson Ramos,Rays,0,0,0,0,0,0,0,3,4,2,1,3,-1.56
Guillermo Heredia,Mariners,1,5,0,0,0,0,2,4,10,6,4,7,-1.59
Andrew Benintendi,Red Sox,16,5,4,0,0,0,0,11,20,8,8,9,-1.60
Max Scherzer,Nationals,0,0,0,0,0,0,0,2,2,1,0,0,-1.60
Cameron Rupp,Phillies,0,0,1,0,0,0,2,5,6,2,0,2,-1.61
Rob Refsnyder,Total,3,1,1,0,0,0,0,3,3,0,0,1,-1.62
Yoenis Cespedes,Mets,0,0,0,1,0,0,0,4,12,7,2,4,-1.66
Daniel Roger Robertson,Indians,0,1,0,0,0,0,0,2,3,2,1,1,-1.71
Francisco Cervelli,Pirates,0,2,0,0,0,0,0,3,2,5,2,8,-1.71
Juan Centeno,Astros,0,0,0,0,0,0,0,2,1,1,0,0,-1.72
Daniel Ray Robertson,Rays,1,1,0,0,0,0,0,3,3,4,0,4,-1.74
David Freese,Pirates,0,0,0,1,0,0,1,4,6,8,4,2,-1.75
Jose Bautista,Blue Jays,5,2,1,1,0,0,0,6,11,12,1,9,-1.77
Todd Frazier,Total,4,2,0,1,0,0,2,6,11,10,2,5,-1.77
Brock Holt,Red Sox,2,1,0,0,0,0,0,4,7,3,0,5,-1.79
Adam Rosales,Total,1,2,0,0,0,0,0,2,1,4,0,3,-1.82
Matt Olson,A's,0,0,0,0,0,0,0,3,7,2,0,0,-1.87
Robert Gsellman,Mets,0,0,0,0,0,0,0,2,0,0,0,0,-1.92
Daniel Nava,Phillies,1,0,0,0,0,0,0,4,6,4,0,3,-1.92
Willy Garcia,White Sox,0,0,0,0,0,0,0,3,4,2,1,1,-1.95
Steve Pearce,Blue Jays,0,0,0,0,0,0,0,4,6,2,2,4,-1.98
Christian Arroyo,Giants,1,2,0,0,0,0,0,2,2,2,0,2,-2.04
Ryon Healy,A's,0,1,0,0,0,0,0,5,7,6,3,9,-2.05
Anthony Rizzo,Cubs,7,2,3,2,0,0,2,10,13,8,1,16,-2.18
Drew Robinson,Rangers,0,2,0,0,0,0,1,2,0,1,1,0,-2.19
Stephen Vogt,Total,0,1,0,0,0,0,0,3,6,2,0,2,-2.21
Yunel Escobar,Angels,0,2,1,2,0,0,0,3,11,3,1,7,-2.24
Gregory Bird,Yankees,0,0,0,0,0,0,0,3,2,0,0,2,-2.25
Matt Carpenter,Cardinals,2,1,0,0,0,0,2,9,18,11,1,9,-2.25
Eric Sogard,Brewers,1,2,2,1,0,0,1,5,9,2,2,6,-2.33
Brandon Belt,Giants,3,2,0,0,0,0,0,7,14,6,0,13,-2.34
Tucker Barnhart,Reds,4,0,0,0,0,0,0,6,7,1,1,6,-2.37
Brock Stassi,Phillies,0,0,0,0,0,0,0,3,2,1,0,1,-2.37
A.J. Ellis,Marlins,0,0,0,0,0,0,0,3,2,1,1,0,-2.46
Brett Nicholas,Rangers,0,0,0,0,0,0,0,3,1,0,1,1,-2.47
Erick Aybar,Padres,11,4,0,0,0,0,0,7,11,6,2,7,-2.47
Kendrys Morales,Blue Jays,0,0,0,0,0,0,0,5,7,4,4,4,-2.47
Joey Votto,Reds,4,0,1,1,0,0,1,7,12,4,1,4,-2.51
Alex Avila,Total,0,1,0,0,0,0,0,4,10,3,0,2,-2.60
Chase Utley,Dodgers,6,1,0,0,0,0,0,7,8,6,1,7,-2.64
Odubel Herrera,Phillies,8,4,0,1,0,0,3,9,19,4,3,8,-2.68
Mike Aviles,Marlins,0,0,0,0,0,0,0,3,0,0,0,1,-2.69
Eric Thames,Brewers,4,2,0,0,0,0,0,5,6,1,7,3,-2.72
Hunter Renfroe,Padres,3,0,0,0,0,0,0,5,4,4,2,1,-2.72
Chris Davis,Orioles,1,1,0,0,0,0,0,5,9,5,1,4,-2.75
Adrian Beltre,Rangers,1,0,0,0,0,0,0,5,8,1,1,2,-2.96
Ronald Torreyes,Yankees,1,0,1,0,0,0,0,7,6,6,1,9,-3.00
George Springer,Astros,4,6,1,1,0,0,2,9,27,13,7,10,-3.00
Martin Maldonado,Angels,0,1,0,1,0,0,0,4,6,3,3,5,-3.01
Gary Sanchez,Yankees,2,1,0,0,0,0,0,7,15,3,1,8,-3.01
Pete Kozma,Total,0,1,0,0,0,0,0,3,3,1,0,0,-3.04
Kole Calhoun,Angels,5,0,0,0,0,1,1,10,14,14,3,12,-3.12
Robinson Chirinos,Rangers,1,0,0,0,0,0,0,6,11,2,1,3,-3.28
Allen Cordoba,Padres,2,2,0,0,0,0,0,4,1,2,1,4,-3.29
Matt Wieters,Nationals,1,0,0,0,0,0,0,5,5,3,1,1,-3.37
Matt Kemp,Braves,0,2,0,0,0,0,1,5,3,7,0,5,-3.38
Sandy Leon,Red Sox,0,0,0,0,0,0,0,5,7,2,0,2,-3.41
Marcell Ozuna,Marlins,1,3,0,0,0,0,0,6,14,12,4,4,-3.48
Manny Machado,Orioles,9,2,0,2,0,0,0,9,17,7,5,11,-3.49
Tyler Collins,Tigers,0,3,0,1,0,0,0,2,3,2,1,2,-3.51
Troy Tulowitzki,Blue Jays,0,1,0,0,0,0,0,4,5,3,0,0,-3.60
Yolmer Sanchez,White Sox,6,7,2,1,0,1,3,7,16,5,4,8,-3.73
Eddie Rosario,Twins,8,5,1,1,0,2,0,6,16,11,4,11,-3.78
Lucas Duda,Total,0,0,0,0,0,0,0,6,7,0,1,5,-3.84
Nick Williams,Phillies,1,2,0,0,0,0,0,5,7,4,5,1,-3.86
Chase Headley,Yankees,9,2,0,0,0,0,0,11,21,10,3,8,-3.89
Miguel Cabrera,Tigers,0,1,0,0,0,0,0,6,9,4,0,5,-3.99
Ben Gamel,Mariners,4,1,0,0,0,0,0,10,18,14,2,8,-4.00
Kyle Schwarber,Cubs,1,0,0,1,0,0,0,6,8,6,2,3,-4.04
Dustin Pedroia,Red Sox,4,2,0,1,0,0,1,7,10,3,0,6,-4.14
Carlos Asuaje,Padres,0,1,0,0,0,0,0,6,7,5,1,4,-4.25
Asdrubal Cabrera,Mets,2,1,1,1,0,0,1,8,15,4,0,4,-4.40
Chad Pinder,A's,2,1,0,0,0,0,0,7,6,3,4,4,-4.59
Tim Beckham,Total,6,5,0,0,0,0,1,10,15,9,3,13,-4.71
Melky Cabrera,Total,1,2,0,0,0,0,0,9,16,8,7,7,-4.93
Welington Castillo,Orioles,0,0,0,0,0,0,0,7,6,3,2,3,-4.98
Yasmani Grandal,Dodgers,0,1,0,0,0,0,0,7,8,3,2,3,-5.34
Paul DeJong,Cardinals,1,0,0,0,0,0,0,8,6,4,3,3,-5.47
Matt Davidson,White Sox,0,1,0,0,0,0,0,7,6,1,1,4,-5.64
Yasiel Puig,Dodgers,12,5,3,1,0,0,0,10,9,5,2,5,-5.96
Nicholas Castellanos,Tigers,3,5,1,0,0,0,2,11,16,11,3,6,-6.50
Josh Bell,Pirates,2,4,0,0,0,0,1,10,9,2,3,10,-7.15
Hanley Ramirez,Red Sox,1,3,0,0,0,0,0,10,15,9,2,5,-7.42
Willson Contreras,Cubs,5,4,0,0,0,0,1,10,7,7,1,4,-7.48
Stephen Piscotty,Cardinals,2,6,1,0,0,0,0,9,7,9,0,9,-7.97
