GameDate,FirstName,,LastName,PlayerName,Team,LW,X1,X2,X3,X4,X5,X6,X7,X8,IP,BFP,H,1B,2B,3B,HR,ER,SH,SF,HBP,BB,K,WP,BLK,IR,IRS,GB,FB,LD,POPU,SB,CS,PKO,OUT
4/29/16,Jake,Dalton,Barrett,Jake Barrett,ARI,0.9,,,,,,,,,1,3,0,0,0,0,0,0,0,0,0,0,2,0,0,0,0,1,0,0,0,0,0,0,3
4/22/16,Silvino,,Bracho,Silvino Bracho,ARI,-1.8,,,,,,,,,0.1,5,3,2,1,0,0,2,0,0,0,1,0,0,0,0,0,2,1,1,0,0,0,0,1
4/23/16,Enrique,,Burgos,Enrique Burgos,ARI,0.75,,,,,,,,,1,3,0,0,0,0,0,0,0,0,0,0,0,0,0,0,0,3,0,0,0,0,0,0,3
4/25/16,Enrique,,Burgos,Enrique Burgos,ARI,0.97,,,,,,,,,1,3,0,0,0,0,0,0,0,0,0,0,3,0,0,0,0,0,0,0,0,0,0,0,3
4/29/16,Enrique,,Burgos,Enrique Burgos,ARI,0.75,,,,,,,,,1,3,0,0,0,0,0,0,0,0,0,0,0,0,0,0,0,1,1,1,0,0,0,0,3
4/10/16,Matthew,,Buschmann,Matthew Buschmann,ARI,-0.29,,,,,,,,,1,4,1,1,0,0,0,0,0,0,0,1,0,0,0,0,0,3,0,0,0,1,0,0,2
4/14/16,Matthew,,Buschmann,Matthew Buschmann,ARI,0.75,,,,,,,,,1,3,0,0,0,0,0,0,0,0,0,0,0,0,0,0,0,2,1,0,0,0,0,0,3
4/16/16,Matthew,,Buschmann,Matthew Buschmann,ARI,0.57,,,,,,,,,2.1,8,1,0,0,0,1,1,0,0,0,0,3,0,0,3,0,3,1,1,0,0,0,0,7
4/30/16,Zac,Aaron,Curtis,Zac Curtis,ARI,0.25,,,,,,,,,0.2,1,0,0,0,0,0,0,0,0,0,0,0,0,0,2,0,1,0,0,0,0,0,0,1
4/18/16,Rubby,Carlos,de la Rosa,Rubby de la Rosa,ARI,0.64,,,,,,,,,1,4,0,0,0,0,0,0,0,0,0,1,3,0,0,0,0,0,0,0,0,0,0,0,3
4/26/16,Randall,Enrique,Delgado,Randall Delgado,ARI,0.25,,,,,,,,,0.1,1,0,0,0,0,0,0,0,0,0,0,0,0,0,1,0,1,0,0,0,0,0,0,1
4/26/16,Keith,,Hessler,Keith Hessler,ARI,0.32,,,,,,,,,2,9,2,2,0,0,0,0,0,0,0,1,1,0,0,0,0,3,2,2,0,0,0,0,6
4/29/16,Keith,,Hessler,Keith Hessler,ARI,-1.9,,,,,,,,,1,8,3,1,2,0,0,3,0,0,1,1,1,0,0,0,0,2,2,1,0,0,0,0,3
4/30/16,Daniel,Clairborne,Hudson,Daniel Hudson,ARI,0.03,,,,,,,,,1,5,1,1,0,0,0,0,0,0,0,1,1,0,0,0,0,1,1,1,0,0,0,0,3
4/26/16,Dominic,Joseph,Leone,Dominic Leone,ARI,-2.45,,,,,,,,,1.2,9,4,2,1,0,1,3,0,0,0,1,0,0,0,0,0,5,3,0,0,0,0,0,4
4/27/16,Dominic,Joseph,Leone,Dominic Leone,ARI,0.57,,,,,,,,,1,4,0,0,0,0,0,0,0,0,0,1,2,0,0,0,0,1,0,0,0,0,0,0,3
4/21/16,Tyler,Joseph,Wagner,Tyler Wagner,ARI,2.65,,,,,,,,,5,16,2,2,0,0,0,0,0,0,0,0,1,0,0,3,1,7,5,3,2,0,0,0,14
4/30/16,Brad,,Ziegler,Brad Ziegler,ARI,-2.48,,,,,,,,,0.1,6,4,3,0,1,0,3,0,0,0,1,0,0,0,0,0,3,0,2,0,0,0,0,1
4/17/16,Hunter,Hunter,Cervenka,Hunter Cervenka,ATL,-0.33,,,,,,,,,0,1,0,0,0,0,0,0,0,0,0,1,0,0,0,2,0,0,0,0,0,0,0,0,0
4/27/16,John,Michael,Gant,John Gant,ATL,0.27,,,,,,,,,4.2,19,3,1,1,1,0,2,0,0,0,3,4,0,0,1,0,6,5,1,1,0,0,0,13
4/16/16,Jason,,Grilli,Jason Grilli,ATL,0.18,,,,,,,,,1,5,1,1,0,0,0,0,0,0,0,1,3,0,0,0,0,0,0,1,0,0,0,0,3
4/29/16,James,,Johnson,James Johnson,ATL,-1.34,,,,,,,,,0.1,4,2,1,1,0,0,3,0,0,0,1,0,0,0,0,0,0,1,1,0,0,0,0,1
4/23/16,Matt,Gates,Marksberry,Matt Marksberry,ATL,-0.56,,,,,,,,,0.2,4,1,0,1,0,0,1,0,0,1,0,1,0,0,1,0,0,1,1,0,0,0,0,2
4/20/16,Eric,,O'Flaherty,Eric O'Flaherty,ATL,-1.4,,,,,,,,,0,1,1,0,0,0,1,1,0,0,0,0,0,0,0,1,1,0,1,0,0,0,0,0,0
4/29/16,Eric,,O'Flaherty,Eric O'Flaherty,ATL,-0.46,,,,,,,,,0,1,1,1,0,0,0,1,0,0,0,0,0,0,0,3,1,0,0,1,0,0,0,0,0
4/20/16,Alexi,,Ogando,Alexi Ogando,ATL,0.09,,,,,,,,,0.2,2,1,1,0,0,0,0,0,0,0,0,0,0,0,3,1,1,1,0,0,0,1,0,1
4/12/16,Arodys,,Vizcaino,Arodys Vizcaino,ATL,0.25,,,,,,,,,0.1,1,0,0,0,0,0,0,0,0,0,0,0,0,0,1,0,1,0,0,0,0,0,0,1
4/17/16,Matthew,,Wisler,Matthew Wisler,ATL,0.75,,,,,,,,,1,3,0,0,0,0,0,0,0,0,0,0,0,0,0,0,0,2,1,0,1,0,0,0,3
4/10/16,Christopher,,Withrow,Christopher Withrow,ATL,-0.95,,,,,,,,,0.2,6,1,1,0,0,0,1,0,0,1,2,0,0,0,0,0,2,0,1,0,1,0,0,2
4/29/16,Christopher,,Withrow,Christopher Withrow,ATL,-1.23,,,,,,,,,0.2,4,1,0,0,0,1,1,0,0,0,1,0,0,0,3,3,0,3,0,0,0,0,0,2
4/24/16,Zachary,Grant,Britton,Zachary Britton,BAL,0.25,,,,,,,,,0.1,1,0,0,0,0,0,0,0,0,0,0,0,0,0,2,0,1,0,0,0,0,0,0,1
4/30/16,Zachary,Grant,Britton,Zachary Britton,BAL,0.19,,,,,,,,,0.2,3,1,1,0,0,0,1,0,0,0,0,2,0,0,0,0,0,0,0,0,0,0,0,2
4/19/16,Mychal,Antonio,Givens,Mychal Givens,BAL,0.42,,,,,,,,,1,4,0,0,0,0,0,0,0,0,0,1,0,0,0,0,0,0,2,1,0,1,0,0,3
4/28/16,Mychal,Antonio,Givens,Mychal Givens,BAL,-0.1,,,,,,,,,1.1,7,2,2,0,0,0,0,0,0,0,1,2,0,0,2,0,2,1,1,0,2,0,0,4
4/30/16,Mychal,Antonio,Givens,Mychal Givens,BAL,-0.14,,,,,,,,,0.2,4,1,1,0,0,0,1,0,0,0,1,2,0,0,0,0,0,0,1,0,1,0,0,2
4/30/16,Brian,Robert,Matusz,Brian Matusz,BAL,0.25,,,,,,,,,0.1,1,0,0,0,0,0,0,0,0,0,0,0,0,0,1,0,1,0,0,0,0,0,0,1
4/30/16,Darren,,O'Day,Darren O'Day,BAL,-1.84,,,,,,,,,1,6,3,1,1,0,1,3,0,0,0,0,1,0,0,0,0,2,1,2,0,0,0,0,3
4/25/16,Vance,,Worley,Vance Worley,BAL,0.86,,,,,,,,,2.1,8,1,1,0,0,0,0,0,0,1,0,2,0,0,3,1,4,0,1,0,0,0,0,6
4/30/16,Vance,,Worley,Vance Worley,BAL,-0.87,,,,,,,,,0.1,4,1,1,0,0,0,0,0,0,0,2,0,0,0,1,1,2,0,0,0,0,0,0,1
4/29/16,Matt,,Barnes,Matt Barnes,BOS,0.75,,,,,,,,,1,3,0,0,0,0,0,0,0,0,0,0,0,0,0,0,0,3,0,0,0,0,0,0,3
4/23/16,Roenis,,Elias,Roenis Elias,BOS,-2.54,,,,,,,,,1.2,11,4,0,4,0,0,3,0,0,0,2,1,0,0,2,0,4,0,4,0,0,0,0,5
4/28/16,Heath,Heath,Hembree,Heath Hembree,BOS,0.54,,,,,,,,,1.1,5,1,1,0,0,0,0,0,0,0,0,0,0,0,1,0,3,1,1,0,1,0,0,4
4/29/16,Craig,,Kimbrel,Craig Kimbrel,BOS,0.82,,,,,,,,,1,3,0,0,0,0,0,0,0,0,0,0,1,0,0,0,0,1,1,0,0,0,0,0,3
4/28/16,Thomas,Kevin,Layne,Thomas Layne,BOS,-0.93,,,,,,,,,1.1,7,3,2,1,0,0,0,0,0,0,1,1,0,0,1,0,4,1,0,0,0,1,0,3
4/26/16,Pat,James,Light,Pat Light,BOS,-0.5,,,,,,,,,1,6,2,2,0,0,0,2,0,0,0,1,0,0,0,0,0,4,0,1,0,0,0,0,3
4/6/16,Robert,,Ross,Robert Ross,BOS,0.75,,,,,,,,,0.2,3,0,0,0,0,0,0,0,0,0,0,0,0,0,1,0,1,2,0,0,0,0,0,3
4/22/16,Robert,,Ross,Robert Ross,BOS,-0.68,,,,,,,,,0.2,5,2,2,0,0,0,1,0,0,0,1,1,0,0,0,0,0,1,2,0,0,0,0,2
4/25/16,Robert,,Ross,Robert Ross,BOS,0.57,,,,,,,,,0.2,2,0,0,0,0,0,0,0,0,0,0,1,0,0,2,0,1,0,0,0,0,0,0,2
4/30/16,Robert,,Ross,Robert Ross,BOS,1.07,,,,,,,,,1,4,0,0,0,0,0,0,0,0,0,0,1,0,0,0,0,3,0,0,0,0,0,0,4
4/24/16,Junichi,,Tazawa,Junichi Tazawa,BOS,0.94,,,,,,,,,1.2,6,1,1,0,0,0,0,0,0,0,0,2,0,0,2,0,2,2,0,0,0,0,0,5
4/30/16,Junichi,,Tazawa,Junichi Tazawa,BOS,0.82,,,,,,,,,1,3,0,0,0,0,0,0,0,0,0,0,1,0,0,0,0,2,0,0,0,0,0,0,3
4/29/16,Koji,,Uehara,Koji Uehara,BOS,0.82,,,,,,,,,1,3,0,0,0,0,0,0,0,0,0,0,1,0,0,0,0,1,1,0,0,0,0,0,3
4/22/16,Matthew,,Albers,Matthew Albers,CHA,0.82,,,,,,,,,1,3,0,0,0,0,0,0,0,0,0,0,1,0,0,0,0,1,1,0,0,0,0,0,3
4/30/16,Matthew,,Albers,Matthew Albers,CHA,0.09,,,,,,,,,1,5,0,0,0,0,0,0,0,0,1,1,0,0,0,0,0,2,0,1,0,0,0,0,3
4/5/16,Zachary,,Duke,Zachary Duke,CHA,-0.46,,,,,,,,,0,1,1,1,0,0,0,1,0,0,0,0,0,0,0,0,0,1,0,0,0,0,0,0,0
4/30/16,Zachary,,Duke,Zachary Duke,CHA,-0.8,,,,,,,,,0,1,1,0,1,0,0,0,0,0,0,0,0,0,0,2,2,0,0,1,0,0,0,0,0
4/28/16,Daniel,Lee,Jennings,Daniel Jennings,CHA,-0.17,,,,,,,,,1,5,2,2,0,0,0,0,0,0,0,0,0,0,0,0,0,3,2,0,0,0,0,0,3
4/30/16,Daniel,Lee,Jennings,Daniel Jennings,CHA,0.65,,,,,,,,,0.2,2,0,0,0,0,0,0,0,0,0,0,2,0,0,0,0,0,0,0,0,0,0,0,2
4/13/16,Nathan Andrew,,Jones,Nathan Andrew Jones,CHA,1,,,,,,,,,1.1,4,0,0,0,0,0,0,0,0,0,0,0,0,0,1,0,1,3,0,0,0,0,0,4
4/27/16,Nathan,Andrew,Jones,Nathan Jones,CHA,0.75,,,,,,,,,1,3,0,0,0,0,0,0,0,0,0,0,0,0,0,0,0,2,1,0,1,0,0,0,3
4/30/16,Nathan,Andrew,Jones,Nathan Jones,CHA,1.07,,,,,,,,,1.1,4,0,0,0,0,0,0,0,0,0,0,1,0,0,1,0,0,2,1,0,0,0,0,4
4/29/16,Thomas,,Kahnle,Thomas Kahnle,CHA,-0.16,,,,,,,,,1,4,0,0,0,0,0,0,0,0,0,2,0,0,0,0,0,2,0,0,0,0,0,0,2
4/23/16,Jacob,Steven,Petricka,Jacob Petricka,CHA,-1.02,,,,,,,,,0,1,1,0,0,1,0,0,0,0,0,0,0,0,0,1,1,0,1,0,0,0,0,0,0
4/28/16,Jacob,Steven,Petricka,Jacob Petricka,CHA,-1.51,,,,,,,,,1,7,2,1,0,0,1,3,0,0,0,1,1,1,0,1,1,3,2,0,0,0,0,0,4
4/25/16,Zach,,Putnam,Zach Putnam,CHA,1.15,,,,,,,,,1.1,4,0,0,0,0,0,0,0,0,0,0,2,0,0,1,0,0,2,0,1,0,0,0,4
4/30/16,Zach,,Putnam,Zach Putnam,CHA,-1.16,,,,,,,,,1,6,2,1,1,0,0,1,0,0,0,1,1,1,0,0,0,0,2,2,0,0,0,0,3
4/24/16,David,,Robertson,David Robertson,CHA,0.97,,,,,,,,,1,3,0,0,0,0,0,0,0,0,0,0,3,0,0,0,0,0,0,0,0,0,0,0,3
4/25/16,David,,Robertson,David Robertson,CHA,-1.09,,,,,,,,,1,5,2,1,1,0,0,0,0,0,0,1,0,0,0,0,0,2,2,0,0,0,0,0,2
4/27/16,David,,Robertson,David Robertson,CHA,0.9,,,,,,,,,1,3,0,0,0,0,0,0,0,0,0,0,2,0,0,0,0,0,0,1,0,0,0,0,3
4/28/16,Daniel,McDaniel,Webb,Daniel Webb,CHA,-0.28,,,,,,,,,1,6,2,2,0,0,0,0,0,0,0,1,3,0,0,0,0,0,0,2,0,0,0,0,3
4/24/16,Cody,,Allen,Cody Allen,CHN,0.82,,,,,,,,,1,3,0,0,0,0,0,0,0,0,0,0,1,0,0,0,0,1,1,0,0,0,0,0,3
4/26/16,Cody,,Allen,Cody Allen,CHN,-1.75,,,,,,,,,0.1,4,3,2,1,0,0,1,0,0,0,1,0,0,0,0,0,1,1,1,0,0,1,0,0
4/29/16,Cody,,Allen,Cody Allen,CHN,-0.83,,,,,,,,,0.2,3,1,0,0,0,1,1,0,0,0,0,1,0,0,3,0,1,1,0,0,0,0,0,2
4/8/16,Trevor John,,Cahill,Trevor John Cahill,CHN,-0.67,,,,,,,,,0.1,3,2,2,0,0,0,1,0,0,0,0,0,0,0,0,0,2,0,1,0,0,0,0,1
4/23/16,Trevor,John,Cahill,Trevor Cahill,CHN,-3.01,,,,,,,,,0.1,4,3,1,0,0,2,3,0,0,0,0,0,0,0,1,1,0,2,2,0,0,0,0,1
4/28/16,Trevor,John,Cahill,Trevor Cahill,CHN,-0.05,,,,,,,,,1.2,9,1,1,0,0,0,0,0,0,0,3,2,0,0,0,0,3,1,0,1,1,0,0,5
4/22/16,Justin,Scott,Grimm,Justin Grimm,CHN,0.42,,,,,,,,,1,4,0,0,0,0,0,0,0,0,1,0,0,0,0,0,0,2,0,1,0,0,0,0,3
4/20/16,Neil,Andrew,Ramirez,Neil Ramirez,CHN,0.25,,,,,,,,,0.1,1,0,0,0,0,0,0,0,0,0,0,0,0,0,2,0,0,1,0,1,0,0,0,1
4/28/16,Neil,Andrew,Ramirez,Neil Ramirez,CHN,-0.37,,,,,,,,,1,4,1,0,1,0,0,1,0,1,0,0,1,1,0,0,0,1,2,0,0,0,0,0,3
4/13/16,Clayton,,Richard,Clayton Richard,CHN,0.04,,,,,,,,,1,3,1,1,0,0,0,0,0,0,0,0,0,0,0,0,0,2,0,1,0,0,0,0,2
4/15/16,Clayton,,Richard,Clayton Richard,CHN,-0.61,,,,,,,,,0.1,4,1,1,0,0,0,2,0,0,0,1,1,1,0,0,0,2,0,0,0,1,0,0,2
4/20/16,Clayton,,Richard,Clayton Richard,CHN,0.25,,,,,,,,,0.1,1,0,0,0,0,0,0,0,0,0,0,0,0,0,2,0,1,0,0,0,0,0,0,1
4/23/16,Clayton,,Richard,Clayton Richard,CHN,-0.43,,,,,,,,,1,6,2,2,0,0,0,2,0,0,0,1,1,0,0,0,0,3,1,0,0,0,0,0,3
4/24/16,Hector,,Rondon,Hector Rondon,CHN,0.9,,,,,,,,,1,3,0,0,0,0,0,0,0,0,0,0,2,0,0,0,0,1,0,0,0,0,0,0,3
4/29/16,Hector,,Rondon,Hector Rondon,CHN,0.82,,,,,,,,,1,3,0,0,0,0,0,0,0,0,0,0,1,0,0,0,0,1,1,0,0,0,0,0,3
4/26/16,Pedro,,Strop,Pedro Strop,CHN,-1.28,,,,,,,,,0.2,5,1,0,1,0,0,2,0,0,0,2,1,1,0,0,0,1,0,1,0,0,0,0,2
4/28/16,Pedro,,Strop,Pedro Strop,CHN,0.32,,,,,,,,,0.1,1,0,0,0,0,0,0,0,0,0,0,1,0,0,2,0,0,0,0,0,0,0,0,1
4/29/16,Pedro,,Strop,Pedro Strop,CHN,0.9,,,,,,,,,1,3,0,0,0,0,0,0,0,0,0,0,2,0,0,0,0,1,0,0,0,0,0,0,3
4/19/16,Adam,,Warren,Adam Warren,CHN,0.24,,,,,,,,,1,5,0,0,0,0,0,0,0,0,0,2,2,0,0,0,0,1,0,0,0,0,0,0,3
4/20/16,Adam,,Warren,Adam Warren,CHN,0.11,,,,,,,,,1,5,1,1,0,0,0,0,0,0,0,1,2,0,0,0,0,1,0,1,0,0,0,0,3
4/19/16,Travis,,Wood,Travis Wood,CHN,-0.46,,,,,,,,,0,1,1,1,0,0,0,0,0,0,0,0,0,0,0,0,0,1,0,0,0,0,0,0,0
4/26/16,Travis,,Wood,Travis Wood,CHN,0.25,,,,,,,,,0.1,1,0,0,0,0,0,0,0,0,0,0,0,0,0,1,0,0,1,0,1,0,0,0,1
4/30/16,Anthony,Michael,Cingrani,Anthony Cingrani,CIN,-0.1,,,,,,,,,1,5,2,2,0,0,0,0,0,0,0,0,1,0,0,0,0,1,1,2,0,0,0,0,3
4/30/16,Caleb,Kent,Cotham,Caleb Cotham,CIN,-1.37,,,,,,,,,1,6,2,1,0,0,1,2,0,0,1,0,1,0,0,0,0,0,3,1,0,0,0,0,3
4/11/16,Jose,,Diaz,Jose Diaz,CIN,-0.9,,,,,,,,,0.2,3,1,0,0,0,1,1,0,0,0,0,0,0,0,2,2,1,2,0,0,0,0,0,2
4/14/16,Jose,,Diaz,Jose Diaz,CIN,0.57,,,,,,,,,0.2,2,0,0,0,0,0,0,0,0,0,0,1,0,0,2,1,0,1,0,0,0,0,0,2
4/21/16,Timothy,Macgill,Melville,Timothy Melville,CIN,-3.61,,,,,,,,,2,13,5,2,1,0,2,4,0,0,0,2,1,0,0,0,0,2,4,4,0,0,0,0,6
4/30/16,Juan,Carlos,Ramirez,Juan Ramirez,CIN,1.24,,,,,,,,,2,7,0,0,0,0,0,0,0,1,0,1,1,0,0,2,1,3,2,0,0,0,0,0,6
4/30/16,Joba,,Chamberlain,Joba Chamberlain,CLE,0.35,,,,,,,,,1.2,5,0,0,0,0,0,0,0,0,0,1,1,1,0,2,0,1,2,0,1,0,0,0,4
4/27/16,Kyle,Richard,Crockett,Kyle Crockett,CLE,0.32,,,,,,,,,0.1,1,0,0,0,0,0,0,0,0,0,0,1,0,0,0,0,0,0,0,0,0,0,0,1
4/30/16,Kyle,Richard,Crockett,Kyle Crockett,CLE,0.25,,,,,,,,,0.1,1,0,0,0,0,0,0,0,0,0,0,0,0,0,2,0,1,0,0,0,0,0,0,1
4/30/16,Raymond,Thomas,Hunter,Raymond Hunter,CLE,-0.17,,,,,,,,,1,5,2,2,0,0,0,1,1,0,0,0,0,0,0,0,0,0,4,0,1,0,0,0,3
4/24/16,Jeffrey,,Manship,Jeffrey Manship,CLE,0.25,,,,,,,,,0.1,1,0,0,0,0,0,0,0,0,0,0,0,0,0,3,0,0,1,0,0,0,0,0,1
4/30/16,Daniel,,Otero,Daniel Otero,CLE,0.82,,,,,,,,,1,3,0,0,0,0,0,0,0,0,0,0,1,0,0,0,0,2,0,0,0,0,0,0,3
4/27/16,Eddie,Edward,Butler,Eddie Butler,COL,0.78,,,,,,,,,2.1,9,2,1,1,0,0,1,0,0,0,0,4,0,0,1,1,3,0,2,0,0,0,0,7
4/30/16,Carlos,Samuel,Estevez,Carlos Estevez,COL,-1.11,,,,,,,,,1,5,2,1,0,0,1,2,0,0,0,0,0,0,0,0,0,1,3,1,0,0,0,0,3
4/22/16,Gonzalez,German,Germen,Gonzalez Germen,COL,0.74,,,,,,,,,1.2,7,0,0,0,0,0,0,0,0,0,2,2,0,0,0,0,2,1,0,0,0,0,0,5
4/29/16,Gonzalez,German,Germen,Gonzalez Germen,COL,0.57,,,,,,,,,0.2,2,0,0,0,0,0,0,0,0,0,0,1,0,0,1,0,0,0,1,0,0,0,0,2
4/30/16,Gonzalez,German,Germen,Gonzalez Germen,COL,0.75,,,,,,,,,1,3,0,0,0,0,0,0,0,0,0,0,0,0,0,0,0,0,3,0,0,0,0,0,3
4/27/16,Jacob,,McGee,Jacob McGee,COL,-0.29,,,,,,,,,1,4,1,1,0,0,0,0,0,0,0,1,0,0,0,0,0,1,1,1,0,0,0,0,2
4/30/16,Jacob,,McGee,Jacob McGee,COL,-0.76,,,,,,,,,1,4,2,1,1,0,0,0,0,0,0,0,0,0,0,0,0,2,2,0,0,0,0,0,2
4/29/16,Scott,Michael,Oberg,Scott Oberg,COL,0.42,,,,,,,,,1,4,0,0,0,0,0,0,0,0,0,1,0,0,0,0,0,0,3,0,0,0,0,0,3
4/6/16,Chad,,Qualls,Chad Qualls,COL,0.57,,,,,,,,,0.2,2,0,0,0,0,0,0,0,0,0,0,1,0,0,0,0,0,1,0,0,0,0,0,2
4/30/16,Chad,,Qualls,Chad Qualls,COL,0.75,,,,,,,,,1,3,0,0,0,0,0,0,0,0,0,0,0,0,0,0,0,3,0,0,0,0,0,0,3
4/29/16,Buck,Runie,Farmer,Buck Farmer,DET,0.75,,,,,,,,,1,3,0,0,0,0,0,0,0,0,0,0,0,0,0,0,0,0,3,0,2,0,0,0,3
4/5/16,Shane,,Greene,Shane Greene,DET,0.75,,,,,,,,,1,3,0,0,0,0,0,0,0,0,0,0,0,0,0,0,0,2,1,0,0,0,0,0,3
4/19/16,Blaine,,Hardy,Blaine Hardy,DET,0,,,,,,,,,1.2,6,1,0,0,0,1,1,0,0,0,0,2,0,0,2,2,2,2,0,0,0,0,0,5
4/23/16,Blaine,,Hardy,Blaine Hardy,DET,1,,,,,,,,,1.1,4,0,0,0,0,0,0,0,0,0,0,0,0,0,1,0,1,3,0,0,0,0,0,4
4/30/16,Mark,,Lowe,Mark Lowe,DET,0.54,,,,,,,,,1,3,0,0,0,0,0,0,0,0,0,1,1,0,0,0,0,1,0,0,0,0,1,0,2
4/28/16,Francisco,,Rodriguez,Francisco Rodriguez,DET,0.25,,,,,,,,,0.1,1,0,0,0,0,0,0,0,0,0,0,0,0,0,2,0,0,1,0,0,0,0,0,1
4/30/16,Francisco,,Rodriguez,Francisco Rodriguez,DET,0.44,,,,,,,,,1,4,1,1,0,0,0,0,0,0,0,0,2,0,0,0,0,1,0,1,0,0,0,0,3
4/26/16,Kyle,,Ryan,Kyle Ryan,DET,0.36,,,,,,,,,1.1,4,1,1,0,0,0,0,0,0,0,0,1,0,0,1,0,2,0,1,0,0,0,0,3
4/14/16,Drew,Edward,VerHagen,Drew VerHagen,DET,-2.72,,,,,,,,,0.2,7,5,4,1,0,0,3,0,0,0,1,0,0,0,0,0,3,0,3,0,0,0,0,1
4/17/16,Drew,Edward,VerHagen,Drew VerHagen,DET,0.5,,,,,,,,,0.2,2,0,0,0,0,0,0,0,0,0,0,0,0,0,1,0,0,2,0,0,0,0,0,2
4/25/16,Tom,,Wilhelmsen,Tom Wilhelmsen,DET,0.82,,,,,,,,,1,3,0,0,0,0,0,0,0,0,0,0,1,0,0,0,0,1,1,0,0,0,0,0,3
4/22/16,Justin,,Wilson,Justin Wilson,DET,-0.02,,,,,,,,,1,5,2,2,0,0,0,0,0,0,0,0,2,0,0,0,0,2,0,1,0,0,0,0,3
4/27/16,Alex,Alexander,Wilson,Alex Wilson,DET,-0.14,,,,,,,,,0.1,2,1,1,0,0,0,0,0,0,0,0,1,0,0,2,1,0,0,1,0,0,0,0,1
4/29/16,Justin,,Wilson,Justin Wilson,DET,0.57,,,,,,,,,1,4,0,0,0,0,0,0,0,0,0,1,2,0,0,0,0,1,0,0,0,0,0,0,3
4/30/16,Scott,,Feldman,Scott Feldman,HOU,2.47,,,,,,,,,3,9,0,0,0,0,0,0,0,0,0,0,3,0,0,0,0,5,1,0,0,0,0,0,9
4/26/16,Erik,,Kratz,Erik Kratz,HOU,-1.42,,,,,,,,,1,6,3,3,0,0,0,1,0,0,0,0,0,2,0,0,0,4,1,1,0,0,0,0,3
4/24/16,Patrick,,Neshek,Patrick Neshek,HOU,0.25,,,,,,,,,0.1,1,0,0,0,0,0,0,0,0,0,0,0,0,0,2,0,0,0,1,0,0,0,0,1
4/30/16,Wade,,Davis,Wade Davis,KC,0.44,,,,,,,,,1,4,1,1,0,0,0,0,0,0,0,0,2,0,0,0,0,1,1,0,0,0,0,0,3
4/30/16,Dillon,,Gee,Dillon Gee,KC,-0.1,,,,,,,,,3,13,3,3,0,0,0,1,0,0,1,2,3,0,0,1,0,4,1,2,0,0,1,0,7
4/19/16,Kelvin,De,Herrera,Kelvin Herrera,KC,0.24,,,,,,,,,0.2,3,0,0,0,0,0,0,0,0,1,0,1,0,0,3,1,0,1,0,0,0,0,0,2
4/27/16,Luke,,Hochevar,Luke Hochevar,KC,-0.03,,,,,,,,,1.2,5,1,0,0,0,1,1,0,0,0,0,1,0,0,1,0,1,2,1,0,0,1,0,4
4/17/16,Jose,Ricardo,Alvarez,Jose Alvarez,LAA,-0.46,,,,,,,,,0.1,1,1,1,0,0,0,0,0,0,0,0,0,0,0,2,0,1,0,0,0,0,0,0,0
4/27/16,Jose,Ricardo,Alvarez,Jose Alvarez,LAA,1.39,,,,,,,,,2,7,0,0,0,0,0,0,0,0,0,1,3,0,0,0,0,2,1,0,0,0,0,0,6
4/30/16,Jose,Ricardo,Alvarez,Jose Alvarez,LAA,0.07,,,,,,,,,1.2,8,2,2,0,0,0,0,0,0,0,1,1,0,0,1,0,3,2,1,0,0,0,0,5
4/29/16,Cam,Rock,Bedrosian,Cam Bedrosian,LAA,0.17,,,,,,,,,0.2,3,0,0,0,0,0,0,0,0,0,1,0,0,0,1,0,1,1,0,1,0,0,0,2
4/30/16,Cam,Rock,Bedrosian,Cam Bedrosian,LAA,0.9,,,,,,,,,1,3,0,0,0,0,0,0,0,0,0,0,2,0,0,0,0,0,1,0,0,0,0,0,3
4/17/16,Greg,Norman,Mahle,Greg Mahle,LAA,0.11,,,,,,,,,0.2,3,1,1,0,0,0,0,0,0,0,0,1,0,0,1,0,1,0,1,0,0,0,0,2
4/22/16,Greg,Norman,Mahle,Greg Mahle,LAA,-0.46,,,,,,,,,0,1,1,1,0,0,0,0,0,0,0,0,0,0,0,0,0,1,0,0,0,0,0,0,0
4/26/16,Greg,Norman,Mahle,Greg Mahle,LAA,0.66,,,,,,,,,2,7,0,0,0,0,0,0,0,0,0,2,1,0,0,0,0,2,2,0,2,0,0,0,5
4/29/16,Greg,Norman,Mahle,Greg Mahle,LAA,0.5,,,,,,,,,0.2,2,0,0,0,0,0,0,0,0,0,0,0,0,0,0,0,2,0,0,0,0,0,0,2
4/23/16,Michael,William,Morin,Michael Morin,LAA,0.25,,,,,,,,,0.1,1,0,0,0,0,0,0,0,0,0,0,0,0,0,0,0,1,0,0,0,0,0,0,1
4/30/16,Michael,William,Morin,Michael Morin,LAA,0.75,,,,,,,,,1,3,0,0,0,0,0,0,0,0,0,0,0,0,0,0,0,2,1,0,1,0,0,0,3
4/30/16,Cory,,Rasmus,Cory Rasmus,LAA,1.17,,,,,,,,,2,8,1,0,1,0,0,0,0,0,0,0,3,0,0,0,0,1,4,0,0,0,0,0,7
4/11/16,Noel,,Salas,Noel Salas,LAA,0.36,,,,,,,,,1.1,4,1,1,0,0,0,0,0,0,0,0,1,0,0,1,0,2,1,0,0,0,0,0,3
4/22/16,Joseph,Michael,Smith,Joseph Smith,LAA,0.75,,,,,,,,,1,3,0,0,0,0,0,0,0,0,0,0,0,0,0,0,0,0,1,2,1,0,0,0,3
4/22/16,Luis,Armando,Avilan,Luis Avilan,LAN,0.32,,,,,,,,,0.1,1,0,0,0,0,0,0,0,0,0,0,1,0,0,1,0,0,0,0,0,0,0,0,1
4/23/16,Luis,Armando,Avilan,Luis Avilan,LAN,-0.21,,,,,,,,,0.1,2,1,1,0,0,0,1,0,0,0,0,0,0,0,0,0,2,0,0,0,0,0,0,1
4/24/16,Luis,Armando,Avilan,Luis Avilan,LAN,-1.58,,,,,,,,,0,4,2,2,0,0,0,2,0,0,0,2,0,0,0,2,2,1,0,1,0,0,0,0,0
4/22/16,Alberys,Alberys,Baez,Alberys Baez,LAN,0.75,,,,,,,,,1,3,0,0,0,0,0,0,0,0,0,0,0,0,0,0,0,3,0,0,0,0,0,0,3
4/24/16,Alberys,Alberys,Baez,Alberys Baez,LAN,0.74,,,,,,,,,1,5,0,0,0,0,0,0,1,0,0,1,1,0,0,2,1,0,2,0,0,2,0,0,4
4/30/16,Joseph,,Blanton,Joseph Blanton,LAN,0.57,,,,,,,,,1,4,0,0,0,0,0,0,0,0,0,1,2,0,0,0,0,1,0,0,0,1,0,0,3
4/30/16,Louis,Louis,Coleman,Louis Coleman,LAN,0.92,,,,,,,,,2,7,1,0,1,0,0,0,0,0,0,0,3,0,0,1,0,2,1,1,0,1,0,0,6
4/9/16,David,,Hatcher,David Hatcher,LAN,0.18,,,,,,,,,1,5,1,1,0,0,0,0,0,0,0,1,3,0,0,0,0,0,0,1,0,1,0,0,3
4/24/16,David,,Hatcher,David Hatcher,LAN,-1.34,,,,,,,,,0.1,4,2,1,1,0,0,3,1,0,0,1,0,0,0,0,0,1,1,0,0,0,0,0,1
4/30/16,David,,Hatcher,David Hatcher,LAN,-0.08,,,,,,,,,0.1,2,0,0,0,0,0,0,0,0,0,1,0,0,0,1,0,1,0,0,0,0,0,0,1
4/26/16,James,,Howell,James Howell,LAN,-0.46,,,,,,,,,0,1,1,1,0,0,0,1,0,0,0,0,0,0,0,0,0,0,0,1,0,0,0,0,0
4/30/16,James,,Howell,James Howell,LAN,0.03,,,,,,,,,1,5,1,1,0,0,0,0,0,0,0,1,1,0,0,0,0,3,0,0,0,0,0,0,3
4/13/16,Kenley,,Jansen,Kenley Jansen,LAN,1.4,,,,,,,,,1.2,5,0,0,0,0,0,0,0,0,0,0,2,0,0,2,0,0,3,0,0,0,0,0,5
4/29/16,Kenley,,Jansen,Kenley Jansen,LAN,-0.39,,,,,,,,,1,4,2,1,1,0,0,1,1,0,0,0,1,0,0,0,0,0,1,0,0,0,1,0,2
4/25/16,Adam,Joseph,Liberatore,Adam Liberatore,LAN,0.5,,,,,,,,,0.2,2,0,0,0,0,0,0,0,0,0,0,0,0,0,0,0,1,0,1,0,0,0,0,2
4/18/16,Kyle,David,Barraclough,Kyle Barraclough,MIA,-0.36,,,,,,,,,1,5,1,1,0,0,0,0,0,0,0,1,1,1,0,0,0,1,1,1,0,0,0,0,3
4/20/16,Kyle,David,Barraclough,Kyle Barraclough,MIA,0.25,,,,,,,,,0.1,1,0,0,0,0,0,0,0,0,0,0,0,0,0,1,0,1,0,0,0,0,0,0,1
4/21/16,Kyle,David,Barraclough,Kyle Barraclough,MIA,0.82,,,,,,,,,1,3,0,0,0,0,0,0,0,0,0,0,1,0,0,0,0,1,1,0,0,0,0,0,3
4/24/16,Kyle,David,Barraclough,Kyle Barraclough,MIA,0.02,,,,,,,,,1,4,1,0,1,0,0,0,0,0,0,0,1,0,0,0,0,1,2,0,0,0,0,0,3
4/26/16,Kyle,David,Barraclough,Kyle Barraclough,MIA,0.97,,,,,,,,,1,3,0,0,0,0,0,0,0,0,0,0,3,0,0,0,0,0,0,0,0,0,0,0,3
4/28/16,Kyle,David,Barraclough,Kyle Barraclough,MIA,0.49,,,,,,,,,1,4,0,0,0,0,0,0,0,0,1,0,1,0,0,1,0,2,0,0,0,0,0,0,3
4/30/16,Kyle,David,Barraclough,Kyle Barraclough,MIA,-0.2,,,,,,,,,1,4,1,0,0,1,0,0,0,0,0,0,1,0,0,0,0,2,1,0,0,0,0,0,3
4/30/16,Craig,,Breslow,Craig Breslow,MIA,-1.86,,,,,,,,,0,2,2,1,0,0,1,2,0,0,0,0,0,0,0,2,2,0,2,0,0,0,0,0,0
4/28/16,Cody,Paul,Ege,Cody Ege,MIA,-0.46,,,,,,,,,0,1,1,1,0,0,0,0,0,0,0,0,0,0,0,0,0,0,0,1,0,0,0,0,0
4/15/16,Derek,,Law,Derek Law,MIA,-0.05,,,,,,,,,1,4,1,0,0,1,0,0,0,0,0,0,3,0,0,0,0,0,0,1,0,0,0,0,3
4/18/16,Derek,Robert,Law,Derek Law,MIA,0.9,,,,,,,,,1,3,0,0,0,0,0,0,0,0,0,0,2,0,0,0,0,0,1,0,1,0,0,0,3
4/20/16,Derek,Robert,Law,Derek Law,MIA,-0.26,,,,,,,,,1.1,6,2,1,1,0,0,0,0,0,0,0,0,0,0,0,0,4,1,0,0,0,0,0,4
4/24/16,Derek,Robert,Law,Derek Law,MIA,-0.47,,,,,,,,,0.1,3,1,1,0,0,0,0,0,0,0,1,1,0,0,0,0,0,0,1,0,0,0,0,1
4/25/16,Derek,Robert,Law,Derek Law,MIA,-0.46,,,,,,,,,0,1,1,1,0,0,0,0,0,0,0,0,0,0,0,2,1,0,0,1,0,0,0,0,0
4/27/16,Derek,Robert,Law,Derek Law,MIA,0.32,,,,,,,,,0.1,1,0,0,0,0,0,0,0,0,0,0,1,0,0,1,0,0,0,0,0,0,0,0,1
4/27/16,Bryan,,Morris,Bryan Morris,MIA,-0.33,,,,,,,,,0,1,0,0,0,0,0,0,0,0,0,1,0,0,0,0,0,0,0,0,0,0,0,0,0
4/30/16,Bryan,,Morris,Bryan Morris,MIA,0.32,,,,,,,,,0.1,1,0,0,0,0,0,0,0,0,0,0,1,0,0,0,0,0,0,0,0,0,0,0,1
4/30/16,David,,Phelps,David Phelps,MIA,0.75,,,,,,,,,1,3,0,0,0,0,0,0,0,0,0,0,0,0,0,0,0,0,3,0,1,0,0,0,3
4/24/16,Alejandro,,Ramos,Alejandro Ramos,MIA,0.44,,,,,,,,,1,4,1,1,0,0,0,0,0,0,0,0,2,0,0,0,0,2,0,0,0,0,0,0,3
4/30/16,Michael,Robert,Blazek,Michael Blazek,MIL,0.02,,,,,,,,,1,4,1,0,1,0,0,0,0,0,0,0,1,0,0,0,0,2,1,0,0,0,0,0,3
4/29/16,Blaine,,Boyer,Blaine Boyer,MIL,-0.79,,,,,,,,,2,8,2,1,0,0,1,1,0,0,0,1,2,0,0,0,0,3,2,0,0,0,0,0,5
4/30/16,Christopher,,Capuano,Christopher Capuano,MIL,-1.12,,,,,,,,,1.2,9,2,1,0,0,1,1,0,0,0,2,2,0,0,2,1,2,1,2,0,0,0,0,5
4/29/16,David,,Goforth,David Goforth,MIL,0.31,,,,,,,,,2,8,2,1,1,0,0,1,0,0,0,0,1,0,0,0,0,5,1,1,0,0,0,0,6
4/24/16,Jeremy,,Jeffress,Jeremy Jeffress,MIL,0.36,,,,,,,,,1,4,1,1,0,0,0,0,0,0,0,0,1,0,0,0,0,1,0,2,0,0,0,0,3
4/30/16,Tyler,Michael,Thornburg,Tyler Thornburg,MIL,-0.15,,,,,,,,,1,6,1,1,0,0,0,0,0,0,0,2,3,0,0,0,0,1,0,0,0,0,0,0,3
4/26/16,Carlos,,Torres,Carlos Torres,MIL,-0.45,,,,,,,,,0.2,3,1,0,0,1,0,0,0,0,0,0,1,0,0,2,2,0,2,0,0,0,0,0,2
4/28/16,Carlos,,Torres,Carlos Torres,MIL,0.03,,,,,,,,,1,5,1,1,0,0,0,0,0,0,0,1,1,0,0,0,0,0,2,1,0,0,0,0,3
4/30/16,Carlos,,Torres,Carlos Torres,MIL,0.11,,,,,,,,,1,5,1,1,0,0,0,0,0,0,0,1,2,0,0,0,0,0,0,2,0,0,0,0,3
4/14/16,Fernando,,Abad,Fernando Abad,MIN,0.65,,,,,,,,,0.2,2,0,0,0,0,0,0,0,0,0,0,2,0,0,0,0,0,0,0,0,0,0,0,2
4/29/16,Casey,,Fien,Casey Fien,MIN,-2.9,,,,,,,,,1.1,7,4,2,0,0,2,3,0,0,0,0,1,0,0,0,0,1,2,3,0,0,0,0,3
4/30/16,Trevor,,May,Trevor May,MIN,0.6,,,,,,,,,1.2,6,0,0,0,0,0,0,0,0,0,1,1,1,0,2,0,1,1,2,0,0,0,0,5
4/29/16,Alex,John,Meyer,Alex Meyer,MIN,-2.54,,,,,,,,,1,9,5,4,1,0,0,2,0,0,0,1,1,1,0,1,1,4,0,3,0,0,0,0,3
4/17/16,Ryan,,O'Rourke,Ryan O'Rourke,MIN,0.25,,,,,,,,,0.1,1,0,0,0,0,0,0,0,0,0,0,0,0,0,1,0,1,0,0,0,0,0,0,1
4/19/16,Ryan,,O'Rourke,Ryan O'Rourke,MIN,-0.21,,,,,,,,,0.2,3,1,1,0,0,0,0,0,0,0,0,2,1,0,1,0,1,0,0,0,0,0,0,2
4/29/16,Ryan,,O'Rourke,Ryan O'Rourke,MIN,-0.15,,,,,,,,,0.1,1,0,0,0,0,0,0,0,0,0,0,0,1,0,1,0,0,1,0,0,0,0,0,1
4/30/16,Ryan,,O'Rourke,Ryan O'Rourke,MIN,-0.33,,,,,,,,,0,1,0,0,0,0,0,0,0,0,0,1,0,0,0,1,0,0,0,0,0,0,0,0,0
4/25/16,Ryan,,Pressly,Ryan Pressly,MIN,-1.84,,,,,,,,,1.1,8,3,1,1,0,1,1,0,0,0,1,2,0,0,1,0,2,2,1,0,0,0,0,4
4/14/16,Taylor,Allen,Rogers,Taylor Rogers,MIN,0.04,,,,,,,,,0.2,3,1,1,0,0,0,0,0,0,0,0,0,0,0,0,0,1,1,1,0,0,0,0,2
4/27/16,Michael,,Tonkin,Michael Tonkin,MIN,0.14,,,,,,,,,1.2,7,2,1,1,0,0,0,0,0,0,0,2,0,0,1,1,0,4,1,0,1,0,0,5
4/29/16,Michael,,Tonkin,Michael Tonkin,MIN,-0.54,,,,,,,,,0.2,3,1,1,0,0,0,0,0,0,0,1,0,0,0,0,0,1,0,1,0,0,0,0,1
4/30/16,Michael,,Tonkin,Michael Tonkin,MIN,0.51,,,,,,,,,1,4,1,1,0,0,0,0,0,0,0,0,3,0,0,0,0,1,0,0,0,1,0,0,3
4/27/16,John,Edward,Barbato,John Barbato,NYA,1.32,,,,,,,,,1.2,5,0,0,0,0,0,0,0,0,0,0,1,0,0,0,0,2,2,0,0,0,0,0,5
4/30/16,John,Edward,Barbato,John Barbato,NYA,-2.33,,,,,,,,,0.1,5,3,2,0,0,1,4,0,0,0,1,1,0,0,0,0,2,1,0,0,0,0,0,1
4/16/16,Dellin,,Betances,Dellin Betances,NYA,0.17,,,,,,,,,1,4,1,0,1,0,0,0,0,0,0,0,3,0,0,0,0,0,1,0,0,0,0,0,3
4/22/16,Dellin,,Betances,Dellin Betances,NYA,0.97,,,,,,,,,1,3,0,0,0,0,0,0,0,0,0,0,3,0,0,0,0,0,0,0,0,0,0,0,3
4/23/16,Dellin,,Betances,Dellin Betances,NYA,0.9,,,,,,,,,1,3,0,0,0,0,0,0,0,0,0,0,2,0,0,0,0,0,0,1,0,0,0,0,3
4/30/16,Nicholas,Gunnar,Goody,Nicholas Goody,NYA,-0.93,,,,,,,,,1.2,9,4,3,0,1,0,0,0,0,0,0,3,0,0,2,2,2,2,2,1,0,0,0,5
4/30/16,Chasen,Dean,Shreve,Chasen Shreve,NYA,-0.7,,,,,,,,,0.2,4,1,0,0,1,0,2,0,0,0,1,2,0,0,0,0,0,0,1,0,0,0,0,2
4/30/16,Kirby,Kali,Yates,Kirby Yates,NYA,-0.54,,,,,,,,,0.1,3,1,1,0,0,0,0,0,0,0,1,0,0,0,1,1,2,0,0,0,1,0,0,1
4/25/16,Antonio,,Bastardo,Antonio Bastardo,NYN,-0.79,,,,,,,,,0,2,1,1,0,0,0,0,0,0,0,1,0,0,0,1,1,0,0,1,0,0,0,0,0
4/20/16,Jerry,,Blevins,Jerry Blevins,NYN,-0.48,,,,,,,,,0.1,2,1,0,1,0,0,1,0,0,0,0,1,0,0,0,0,0,0,1,0,0,0,0,1
4/30/16,Jerry,,Blevins,Jerry Blevins,NYN,0.25,,,,,,,,,0.1,1,0,0,0,0,0,0,0,0,0,0,0,0,0,2,0,1,0,0,0,0,0,0,1
4/15/16,Jeurys,,Familia,Jeurys Familia,NYN,-1.4,,,,,,,,,0.1,4,2,2,0,0,0,1,0,0,0,1,0,1,0,0,0,0,2,1,0,0,0,0,1
4/30/16,Jeurys,,Familia,Jeurys Familia,NYN,0.04,,,,,,,,,1,3,1,1,0,0,0,0,0,0,0,0,0,0,0,0,0,2,0,1,0,0,0,0,2
4/22/16,Jim,,Henderson,Jim Henderson,NYN,-0.46,,,,,,,,,0,1,1,1,0,0,0,0,0,0,0,0,0,0,0,2,1,0,0,1,0,0,0,0,0
4/30/16,Jim,,Henderson,Jim Henderson,NYN,-0.48,,,,,,,,,0.2,4,1,0,1,0,0,0,0,0,0,1,2,0,0,0,0,0,1,0,0,0,0,0,2
4/17/16,Addison,Devon,Reed,Addison Reed,NYN,0.65,,,,,,,,,0.2,2,0,0,0,0,0,0,0,0,0,0,2,0,0,1,0,0,0,0,0,0,0,0,2
4/30/16,Addison,Devon,Reed,Addison Reed,NYN,-0.8,,,,,,,,,0.1,4,1,1,0,0,0,2,0,0,0,2,1,0,0,2,0,0,0,1,0,0,0,0,1
4/30/16,Hansel,Manuel,Robles,Hansel Robles,NYN,0.04,,,,,,,,,0.2,3,1,1,0,0,0,0,0,2,0,0,0,0,0,3,2,0,1,2,0,0,0,0,2
4/25/16,Hunter,Drew,Strickland,Hunter Strickland,NYN,-1.4,,,,,,,,,0.1,4,3,2,1,0,0,2,0,0,0,0,1,0,0,0,0,0,0,3,0,1,0,0,1
4/29/16,Logan,,Verrett,Logan Verrett,NYN,-0.13,,,,,,,,,1,6,1,0,1,0,0,0,0,0,0,1,0,0,0,0,0,3,1,1,0,0,0,0,4
4/26/16,John,,Axford,John Axford,OAK,-0.83,,,,,,,,,1,5,2,1,1,0,0,1,0,0,0,0,1,1,0,0,0,2,1,1,0,0,0,0,3
4/30/16,John,,Axford,John Axford,OAK,1,,,,,,,,,1.1,4,0,0,0,0,0,0,0,0,0,0,0,0,0,2,0,1,3,0,1,0,0,0,4
4/16/16,Sean,,Doolittle,Sean Doolittle,OAK,0.25,,,,,,,,,0.1,1,0,0,0,0,0,0,0,0,0,0,0,0,0,1,0,0,1,0,0,0,0,0,1
4/22/16,Sean,,Doolittle,Sean Doolittle,OAK,-0.54,,,,,,,,,0.1,3,1,1,0,0,0,0,0,0,0,1,0,0,0,2,2,2,0,0,0,0,0,0,1
4/26/16,Sean,,Doolittle,Sean Doolittle,OAK,0.9,,,,,,,,,1,3,0,0,0,0,0,0,0,0,0,0,2,0,0,0,0,0,0,1,0,0,0,0,3
4/29/16,Sean,,Doolittle,Sean Doolittle,OAK,-0.69,,,,,,,,,0.2,4,2,1,1,0,0,0,0,0,0,0,1,0,0,2,2,1,2,0,0,0,0,0,2
4/22/16,Ryan,Christopher,Dull,Ryan Dull,OAK,-0.29,,,,,,,,,0.2,4,1,1,0,0,0,2,0,0,0,1,0,0,0,0,0,2,0,1,0,0,0,0,2
4/27/16,Ryan,Christopher,Dull,Ryan Dull,OAK,0.31,,,,,,,,,2,10,2,1,1,0,0,0,0,1,0,1,2,0,0,0,0,3,3,1,0,0,0,0,7
4/29/16,Ryan,Christopher,Dull,Ryan Dull,OAK,1.15,,,,,,,,,1.1,4,0,0,0,0,0,0,0,0,0,0,2,0,0,2,0,1,1,0,0,0,0,0,4
4/11/16,Liam,,Hendriks,Liam Hendriks,OAK,-0.06,,,,,,,,,2,8,3,3,0,0,0,1,0,0,0,0,1,0,0,0,0,3,1,3,0,1,0,0,5
4/27/16,Liam,,Hendriks,Liam Hendriks,OAK,-0.92,,,,,,,,,2,10,4,3,0,0,1,3,0,0,0,0,5,0,0,0,0,0,2,3,0,1,0,0,6
4/21/16,Ryan,,Madson,Ryan Madson,OAK,0.57,,,,,,,,,0.2,2,0,0,0,0,0,0,0,0,0,0,1,0,0,2,0,1,0,0,0,0,0,0,2
4/22/16,Ryan,,Madson,Ryan Madson,OAK,0.75,,,,,,,,,1,3,0,0,0,0,0,0,0,0,0,0,0,0,0,0,0,0,2,0,1,0,0,0,3
4/30/16,Ryan,,Madson,Ryan Madson,OAK,-0.55,,,,,,,,,1,5,1,1,0,0,0,0,0,0,0,2,1,0,0,0,0,1,1,0,0,0,0,0,2
4/21/16,Fernando,,Rodriguez,Fernando Rodriguez,OAK,-0.68,,,,,,,,,0.2,5,2,2,0,0,0,1,0,0,0,1,1,0,0,0,0,2,1,0,0,0,0,0,2
4/20/16,Marc,,Rzepczynski,Marc Rzepczynski,OAK,-0.21,,,,,,,,,0.2,2,1,1,0,0,0,0,0,0,0,0,0,0,0,1,0,1,0,1,0,0,0,0,1
4/24/16,Marc,,Rzepczynski,Marc Rzepczynski,OAK,0.57,,,,,,,,,0.2,2,0,0,0,0,0,0,0,0,0,0,1,0,0,1,0,0,1,0,0,0,0,0,2
4/25/16,Andrew,Austin,Triggs,Andrew Triggs,OAK,0.82,,,,,,,,,1,3,0,0,0,0,0,0,0,0,0,0,1,0,0,0,0,0,1,1,1,0,0,0,3
4/23/16,Elvis,Alejandro,Araujo,Elvis Araujo,PHI,0.25,,,,,,,,,0.1,1,0,0,0,0,0,0,0,0,0,0,0,0,0,1,0,1,0,0,0,0,0,0,1
4/29/16,Elvis,Alejandro,Araujo,Elvis Araujo,PHI,-0.88,,,,,,,,,0.2,3,1,0,1,0,0,0,0,0,0,1,0,0,0,0,0,1,0,1,0,0,0,0,1
4/30/16,Elvis,Alejandro,Araujo,Elvis Araujo,PHI,-0.22,,,,,,,,,0.2,4,1,1,0,0,0,0,0,0,0,1,1,0,0,0,0,1,1,0,0,1,0,0,2
4/23/16,Andrew,,Bailey,Andrew Bailey,PHI,0.52,,,,,,,,,2,8,1,0,1,0,0,0,1,0,0,1,2,0,0,1,0,2,0,2,0,0,0,0,6
4/29/16,Andrew,,Bailey,Andrew Bailey,PHI,1.46,,,,,,,,,2,7,0,0,0,0,0,0,1,0,0,1,4,0,0,0,0,1,0,0,0,0,0,0,6
4/30/16,Andrew,,Bailey,Andrew Bailey,PHI,0.75,,,,,,,,,1,3,0,0,0,0,0,0,0,0,0,0,0,0,0,0,0,2,1,0,0,0,0,0,3
4/24/16,Luis,(Amado),Garcia,Luis Garcia,PHI,0.29,,,,,,,,,1,4,1,1,0,0,0,0,0,0,0,0,0,0,0,0,0,3,0,1,0,0,0,0,3
4/23/16,Jeanmar,,Gomez,Jeanmar Gomez,PHI,0.82,,,,,,,,,1,3,0,0,0,0,0,0,0,0,0,0,1,0,0,0,0,1,1,0,0,0,0,0,3
4/27/16,Jeanmar,,Gomez,Jeanmar Gomez,PHI,0.82,,,,,,,,,1,3,0,0,0,0,0,0,0,0,0,0,1,0,0,0,0,0,2,0,0,0,0,0,3
4/30/16,Jeanmar,,Gomez,Jeanmar Gomez,PHI,-0.17,,,,,,,,,1,5,2,2,0,0,0,0,0,0,0,0,0,0,0,0,0,3,0,2,0,1,0,0,3
4/30/16,Colton,James,Murray,Colton Murray,PHI,0.25,,,,,,,,,0.1,1,0,0,0,0,0,0,0,0,0,0,0,0,0,2,0,0,1,0,0,0,0,0,1
4/27/16,Hector,,Neris,Hector Neris,PHI,0.75,,,,,,,,,1,3,0,0,0,0,0,0,0,0,0,0,0,0,0,0,0,0,3,0,1,0,0,0,3
4/29/16,Hector,,Neris,Hector Neris,PHI,1.22,,,,,,,,,1.1,4,0,0,0,0,0,0,0,0,0,0,3,0,0,1,0,0,1,0,0,0,0,0,4
4/29/16,Arquimedes,Euclides,Caminero,Arquimedes Caminero,PIT,-0.76,,,,,,,,,0.2,4,2,1,1,0,0,1,0,0,0,0,0,0,0,0,0,2,2,0,1,0,0,0,2
4/27/16,Neftali,,Feliz,Neftali Feliz,PIT,-2.75,,,,,,,,,0.1,4,3,0,2,0,1,2,0,0,0,0,0,0,0,0,0,0,3,1,0,0,0,0,1
4/30/16,Neftali,,Feliz,Neftali Feliz,PIT,0.25,,,,,,,,,0.1,1,0,0,0,0,0,0,0,0,0,0,0,0,0,2,0,0,1,0,0,0,0,0,1
4/3/16,Mark,,Melancon,Mark Melancon,PIT,-0.43,,,,,,,,,1,6,2,2,0,0,0,1,0,0,1,0,1,0,0,0,0,1,1,2,0,0,0,0,3
4/5/16,Mark,,Melancon,Mark Melancon,PIT,-0.05,,,,,,,,,1,4,1,0,1,0,0,0,0,0,0,0,0,0,0,0,0,0,3,0,0,0,0,0,3
4/22/16,Mark,,Melancon,Mark Melancon,PIT,-0.38,,,,,,,,,1.1,7,3,3,0,0,0,0,0,0,0,0,0,0,0,1,1,5,1,1,0,0,0,0,4
4/29/16,Mark,,Melancon,Mark Melancon,PIT,0.25,,,,,,,,,0.1,1,0,0,0,0,0,0,0,0,0,0,0,0,0,1,0,0,1,0,0,0,0,0,1
4/30/16,Mark,,Melancon,Mark Melancon,PIT,0.32,,,,,,,,,0.1,1,0,0,0,0,0,0,0,0,0,0,1,0,0,2,0,0,0,0,0,0,0,0,1
4/14/16,Rob,,Scahill,Rob Scahill,PIT,-0.77,,,,,,,,,1,6,2,1,1,0,0,2,0,1,0,1,1,0,0,0,0,2,1,1,0,0,0,0,3
4/15/16,Rob,Joseph,Scahill,Rob Scahill,PIT,0.32,,,,,,,,,0.1,1,0,0,0,0,0,0,0,0,0,0,1,0,0,3,0,0,0,0,0,0,0,0,1
4/17/16,Rob,Joseph,Scahill,Rob Scahill,PIT,0.36,,,,,,,,,1,4,1,1,0,0,0,0,0,0,0,0,1,0,0,0,0,3,0,0,0,0,0,0,3
4/23/16,Rob,Joseph,Scahill,Rob Scahill,PIT,0.57,,,,,,,,,0.2,2,0,0,0,0,0,0,0,0,0,0,1,0,0,0,0,1,0,0,0,0,0,0,2
4/23/16,Andrew,,Schugel,Andrew Schugel,PIT,-1.46,,,,,,,,,1.1,9,4,3,0,0,1,4,0,0,0,0,1,0,0,0,0,4,2,2,0,0,0,0,5
4/30/16,Andrew,,Schugel,Andrew Schugel,PIT,-0.29,,,,,,,,,0.2,4,1,1,0,0,0,0,0,0,0,1,0,0,0,0,0,2,1,0,0,0,0,0,2
4/24/16,Ryan,,Vogelsong,Ryan Vogelsong,PIT,-1.71,,,,,,,,,1,6,2,0,1,0,1,2,0,0,0,1,1,0,0,0,0,1,3,0,1,0,0,0,3
4/29/16,Anthony,,Watson,Anthony Watson,PIT,0.02,,,,,,,,,1,4,1,0,1,0,0,0,0,0,0,0,1,0,0,0,0,0,2,1,0,0,0,0,3
4/30/16,Anthony,,Watson,Anthony Watson,PIT,0.57,,,,,,,,,1,4,0,0,0,0,0,0,0,0,0,1,2,0,0,0,0,1,0,0,0,0,0,0,3
4/29/16,Ryan,,Buchter,Ryan Buchter,SD,0.57,,,,,,,,,0.2,2,0,0,0,0,0,0,0,0,0,0,1,0,0,0,0,0,0,1,0,0,0,0,2
4/30/16,Ryan,,Buchter,Ryan Buchter,SD,0.49,,,,,,,,,1,4,0,0,0,0,0,0,0,0,0,1,1,0,0,0,0,0,2,0,2,0,0,0,3
4/24/16,Dylan,Matthew,Bundy,Dylan Bundy,SD,-1.04,,,,,,,,,1.1,9,3,3,0,0,0,1,0,0,0,2,0,0,0,1,1,0,4,3,0,0,0,0,4
4/28/16,Dylan,Matthew,Bundy,Dylan Bundy,SD,0.19,,,,,,,,,2,9,3,3,0,0,0,0,0,0,0,0,1,0,0,0,0,2,4,2,0,0,0,0,6
4/21/16,Leonel,Enrique,Campos,Leonel Campos,SD,-2.61,,,,,,,,,0.1,8,4,2,2,0,0,5,0,0,1,1,1,0,0,0,0,1,1,2,0,0,0,0,2
4/11/16,Brad,,Hand,Brad Hand,SD,0.25,,,,,,,,,0.2,1,0,0,0,0,0,0,0,1,0,0,0,0,0,3,1,0,1,0,1,0,0,0,1
4/12/16,Brad,,Hand,Brad Hand,SD,-0.29,,,,,,,,,0.2,4,1,1,0,0,0,0,0,0,0,1,0,0,0,2,2,1,1,1,0,0,0,0,2
4/19/16,Brad,,Hand,Brad Hand,SD,0.32,,,,,,,,,0.1,1,0,0,0,0,0,0,0,0,0,0,1,0,0,1,0,0,0,0,0,0,0,0,1
4/23/16,Brad,,Hand,Brad Hand,SD,-0.46,,,,,,,,,0,1,1,1,0,0,0,1,0,0,0,0,0,0,0,2,1,0,0,1,0,0,0,0,0
4/29/16,Brad,,Hand,Brad Hand,SD,-0.9,,,,,,,,,0.2,3,1,0,0,0,1,1,0,0,0,0,0,0,0,0,0,1,2,0,0,0,0,0,2
4/27/16,Michael,,Kirkman,Michael Kirkman,SD,-2.32,,,,,,,,,1.1,10,6,5,0,1,0,4,0,0,0,0,0,0,0,3,2,5,1,4,0,0,0,0,4
4/30/16,Brandon,,Maurer,Brandon Maurer,SD,0.82,,,,,,,,,1,3,0,0,0,0,0,0,0,0,0,0,1,0,0,0,0,1,1,0,0,0,0,0,3
4/24/16,Kevin,,Quackenbush,Kevin Quackenbush,SD,-2.8,,,,,,,,,0,2,2,0,0,0,2,2,0,0,0,0,0,0,0,0,0,0,2,0,0,0,0,0,0
4/29/16,Kevin,,Quackenbush,Kevin Quackenbush,SD,0.25,,,,,,,,,0.1,1,0,0,0,0,0,0,0,0,0,0,0,0,0,0,0,0,0,1,0,0,0,0,1
4/30/16,Fernando,,Rodney,Fernando Rodney,SD,0.42,,,,,,,,,1,4,0,0,0,0,0,0,0,0,0,1,0,0,0,0,0,1,2,0,0,0,0,0,3
4/23/16,Carlos,,Villanueva,Carlos Villanueva,SD,-3.2,,,,,,,,,1.2,10,5,2,1,0,2,4,0,0,0,0,1,0,0,2,2,2,4,3,0,0,0,0,5
4/6/16,Steven,,Cishek,Steven Cishek,SEA,0.82,,,,,,,,,1,3,0,0,0,0,0,0,0,0,0,0,1,0,0,0,0,1,1,0,0,0,0,0,3
4/20/16,Steven,,Cishek,Steven Cishek,SEA,0.9,,,,,,,,,1,3,0,0,0,0,0,0,0,0,0,0,2,0,0,0,0,0,1,0,0,0,0,0,3
4/22/16,Steven,,Cishek,Steven Cishek,SEA,0.82,,,,,,,,,1,3,0,0,0,0,0,0,0,0,0,0,1,0,0,0,0,2,0,0,0,0,0,0,3
4/27/16,Mayckol,Martin,Guaipe,Mayckol Guaipe,SEA,-1.09,,,,,,,,,0.2,5,2,1,1,0,0,1,0,0,0,1,0,0,0,0,0,2,2,0,0,0,0,0,2
4/26/16,Michael,,Montgomery,Michael Montgomery,SEA,0.9,,,,,,,,,1,3,0,0,0,0,0,0,0,0,0,0,2,0,0,0,0,0,1,0,0,0,0,0,3
4/15/16,Vidal,,Nuno,Vidal Nuno,SEA,1.07,,,,,,,,,1.1,4,0,0,0,0,0,0,0,0,0,0,1,0,0,3,0,1,2,0,1,0,0,0,4
4/27/16,Vidal,,Nuno,Vidal Nuno,SEA,1.22,,,,,,,,,1.1,4,0,0,0,0,0,0,0,0,0,0,3,0,0,1,0,1,0,0,0,0,0,0,4
4/11/16,Tony Aaron,,Zych,Tony Aaron Zych,SEA,0.97,,,,,,,,,1,3,0,0,0,0,0,0,0,0,0,0,3,0,0,0,0,0,0,0,0,0,0,0,3
4/23/16,Javier,,Lopez,Javier Lopez,SF,-0.46,,,,,,,,,0,1,1,1,0,0,0,0,0,0,0,0,0,0,0,0,0,0,1,0,0,0,0,0,0
4/27/16,Javier,,Lopez,Javier Lopez,SF,0.57,,,,,,,,,0.2,2,0,0,0,0,0,0,0,0,0,0,1,0,0,0,0,0,0,1,0,0,0,0,2
4/29/16,Javier,,Lopez,Javier Lopez,SF,0.82,,,,,,,,,1,3,0,0,0,0,0,0,0,0,0,0,1,0,0,0,0,2,0,0,0,0,0,0,3
4/16/16,Andrew,,Miller,Andrew Miller,SF,0.97,,,,,,,,,1,3,0,0,0,0,0,0,0,0,0,0,3,0,0,0,0,0,0,0,0,0,0,0,3
4/19/16,Andrew,,Miller,Andrew Miller,SF,0.82,,,,,,,,,1,3,0,0,0,0,0,0,0,0,0,0,1,0,0,0,0,2,0,0,0,0,0,0,3
4/22/16,Andrew,,Miller,Andrew Miller,SF,0.9,,,,,,,,,1,3,0,0,0,0,0,0,0,0,0,0,2,0,0,0,0,0,1,0,0,0,0,0,3
4/19/16,Steven,Chandler,Okert,Steven Okert,SF,-0.06,,,,,,,,,2,8,1,0,1,0,0,0,0,0,0,2,2,0,0,0,0,2,1,1,0,0,0,0,5
4/21/16,Steven,Chandler,Okert,Steven Okert,SF,-0.08,,,,,,,,,0.2,2,0,0,0,0,0,0,0,0,0,1,0,0,0,1,0,1,0,0,0,0,0,0,1
4/24/16,Steven,Chandler,Okert,Steven Okert,SF,0.32,,,,,,,,,0.1,1,0,0,0,0,0,0,0,0,0,0,1,0,0,1,0,0,0,0,0,0,0,0,1
4/27/16,Steven,Chandler,Okert,Steven Okert,SF,-1.75,,,,,,,,,0.2,5,3,2,0,0,1,3,0,0,0,0,1,0,0,0,0,2,2,0,0,0,0,0,2
4/29/16,Steven,Chandler,Okert,Steven Okert,SF,0.27,,,,,,,,,2,9,3,3,0,0,0,1,0,0,0,0,2,0,0,0,0,3,2,2,2,0,0,0,6
4/21/16,Josh,,Osich,Josh Osich,SF,-0.33,,,,,,,,,0,1,0,0,0,0,0,0,0,0,1,0,0,0,0,1,0,0,0,0,0,0,0,0,0
4/30/16,Josh,,Osich,Josh Osich,SF,0.75,,,,,,,,,1,3,0,0,0,0,0,0,0,0,0,0,0,0,0,0,0,3,0,0,0,0,0,0,3
4/20/16,Hansel,Manuel,Robles,Hansel Robles,SF,-1.49,,,,,,,,,0.2,5,2,1,1,0,0,1,0,0,0,1,0,1,0,0,0,1,2,1,0,0,0,0,2
4/27/16,Hansel,Manuel,Robles,Hansel Robles,SF,0.9,,,,,,,,,1,3,0,0,0,0,0,0,0,0,0,0,2,0,0,0,0,0,1,0,1,0,0,0,3
4/30/16,Hunter,Drew,Strickland,Hunter Strickland,SF,-0.44,,,,,,,,,1,5,1,1,0,0,0,0,0,0,0,1,0,1,0,0,0,3,0,1,0,0,0,0,3
4/25/16,Matthew,Chou,Bowman,Matthew Bowman,STL,-0.6,,,,,,,,,0.1,3,2,2,0,0,0,2,0,0,0,0,1,0,0,1,1,2,0,0,0,0,0,0,1
4/29/16,Matthew,Chou,Bowman,Matthew Bowman,STL,0.47,,,,,,,,,1,3,0,0,0,0,0,0,0,0,0,1,0,0,0,0,0,2,0,0,0,0,1,0,2
4/30/16,Jonathan,,Broxton,Jonathan Broxton,STL,-0.45,,,,,,,,,1.1,8,1,1,0,0,0,1,0,1,1,2,0,0,0,2,0,1,1,3,0,0,0,0,4
4/16/16,Michael,S.,Maness,Michael Maness,STL,-1.68,,,,,,,,,0.1,4,2,0,2,0,0,1,0,1,0,1,0,0,0,2,2,0,0,3,0,0,0,0,1
4/30/16,Michael,S.,Maness,Michael Maness,STL,0.25,,,,,,,,,0.1,1,0,0,0,0,0,0,0,0,0,0,0,0,0,2,0,1,0,0,0,0,0,0,1
4/19/16,Seung,Hwan,Oh,Seung Oh,STL,0.9,,,,,,,,,1,3,0,0,0,0,0,0,0,0,0,0,2,0,0,0,0,0,1,0,0,0,0,0,3
4/27/16,Seung,Hwan,Oh,Seung Oh,STL,1.15,,,,,,,,,1.1,4,0,0,0,0,0,0,0,0,0,0,2,0,0,2,0,1,1,0,1,0,0,0,4
4/10/16,Trevor Jordan,,Rosenthal,Trevor Jordan Rosenthal,STL,0.29,,,,,,,,,1.1,8,2,2,0,0,0,0,0,0,0,1,4,0,0,3,0,2,0,1,0,0,0,0,5
4/30/16,Trevor,Jordan,Rosenthal,Trevor Rosenthal,STL,0.11,,,,,,,,,1,3,1,1,0,0,0,0,0,0,0,0,1,0,0,0,0,2,0,0,0,0,0,0,2
4/16/16,Kevin,Ryan,Siegrist,Kevin Siegrist,STL,0.25,,,,,,,,,0.1,1,0,0,0,0,0,0,0,0,0,0,0,0,0,2,0,0,1,0,0,0,0,0,1
4/25/16,Kevin,Ryan,Siegrist,Kevin Siegrist,STL,-2.19,,,,,,,,,0,3,2,1,0,0,1,3,0,0,0,1,0,0,0,2,2,1,0,1,0,0,0,0,0
4/25/16,Xavier,,Cedeno,Xavier Cedeno,TB,0.25,,,,,,,,,0.1,1,0,0,0,0,0,0,0,0,0,0,0,0,0,0,0,0,1,0,0,0,0,0,1
4/26/16,Xavier,,Cedeno,Xavier Cedeno,TB,0.25,,,,,,,,,0.1,1,0,0,0,0,0,0,0,0,0,0,0,0,0,0,0,0,1,0,1,0,0,0,1
4/30/16,Xavier,,Cedeno,Xavier Cedeno,TB,0.57,,,,,,,,,0.2,2,0,0,0,0,0,0,0,0,0,0,1,0,0,1,0,1,0,0,0,0,0,0,2
4/27/16,Dana,,Eveland,Dana Eveland,TB,0.75,,,,,,,,,1,3,0,0,0,0,0,0,0,0,0,0,0,0,0,0,0,1,0,2,0,0,0,0,3
4/29/16,Dana,,Eveland,Dana Eveland,TB,-1.48,,,,,,,,,0.1,3,1,0,0,0,1,2,0,0,0,1,0,0,0,0,0,1,1,0,0,0,0,0,1
4/30/16,Erasmo,Jose,Ramirez,Erasmo Ramirez,TB,0.6,,,,,,,,,1.2,6,1,0,1,0,0,0,0,0,0,0,2,0,0,2,0,2,1,1,0,0,0,0,5
4/30/16,Enny,Manuel,Romero,Enny Romero,TB,-1.56,,,,,,,,,0.2,5,1,0,0,0,1,1,0,0,0,2,0,0,0,0,0,1,2,0,0,0,0,0,2
4/27/16,Ryan,,Webb,Ryan Webb,TB,0.75,,,,,,,,,1,3,0,0,0,0,0,0,0,0,0,0,0,0,0,0,0,1,2,0,0,0,0,0,3
4/30/16,Anthony,,Barnette,Anthony Barnette,TEX,0.04,,,,,,,,,1,3,1,1,0,0,0,0,0,0,0,0,0,0,0,0,0,2,1,0,0,0,0,0,2
4/27/16,Jacob,Tanner,Diekman,Jacob Diekman,TEX,1.57,,,,,,,,,2,6,0,0,0,0,0,0,0,0,0,0,1,0,0,0,0,2,2,1,0,0,0,0,6
4/11/16,Andrew Michael,,Faulkner,Andrew Michael Faulkner,TEX,-0.94,,,,,,,,,0.1,3,1,1,0,0,0,0,0,0,0,1,0,1,0,0,0,1,0,1,0,0,0,0,1
4/12/16,Andrew Michael,,Faulkner,Andrew Michael Faulkner,TEX,0.32,,,,,,,,,0.1,1,0,0,0,0,0,0,0,0,0,0,1,0,0,1,0,0,0,0,0,0,0,0,1
4/15/16,Andrew,Michael,Faulkner,Andrew Faulkner,TEX,-2.13,,,,,,,,,1.1,7,2,0,0,0,2,3,0,0,0,1,0,0,0,1,1,1,4,1,0,0,0,0,4
4/14/16,Keone,,Kela,Keone Kela,TEX,0.44,,,,,,,,,1,4,1,1,0,0,0,0,0,0,0,0,2,0,0,0,0,1,0,1,0,0,0,0,3
4/16/16,Keone,,Kela,Keone Kela,TEX,0.57,,,,,,,,,1,4,0,0,0,0,0,0,0,0,0,1,2,0,0,0,0,1,0,0,0,0,0,0,3
4/19/16,Keone,,Kela,Keone Kela,TEX,-2.56,,,,,,,,,0.2,5,2,0,0,0,2,2,0,0,0,1,1,0,0,0,0,0,3,0,0,0,0,0,2
4/12/16,Phil William,,Klein,Phil William Klein,TEX,1.65,,,,,,,,,2,6,0,0,0,0,0,0,0,0,0,0,2,0,0,0,0,0,4,0,0,0,0,0,6
4/30/16,Phil,William,Klein,Phil Klein,TEX,-2.16,,,,,,,,,1,6,3,1,1,0,1,2,0,0,0,0,2,1,0,0,0,0,4,0,0,0,0,0,3
4/25/16,Brian,Robert,Matusz,Brian Matusz,TEX,-0.62,,,,,,,,,0.2,5,1,1,0,0,0,1,0,0,0,2,0,0,0,0,0,0,1,2,0,0,0,0,2
4/30/16,Tom,,Wilhelmsen,Tom Wilhelmsen,TEX,-0.27,,,,,,,,,1,4,1,0,0,1,0,0,0,0,0,0,0,0,0,0,0,3,0,1,0,0,0,0,3
4/24/16,Brett,,Cecil,Brett Cecil,TOR,0.5,,,,,,,,,0.2,2,0,0,0,0,0,0,0,0,0,0,0,0,0,0,0,1,1,0,0,0,0,0,2
4/25/16,Brett,,Cecil,Brett Cecil,TOR,-1.25,,,,,,,,,0,3,2,2,0,0,0,2,0,0,0,1,0,0,0,3,3,1,0,1,0,0,0,0,0
4/30/16,Brett,,Cecil,Brett Cecil,TOR,-1.72,,,,,,,,,0,3,3,2,1,0,0,1,0,0,0,0,0,0,0,0,0,1,1,1,0,0,0,0,0
4/30/16,Jesse,,Chavez,Jesse Chavez,TOR,1.07,,,,,,,,,1.1,4,0,0,0,0,0,0,0,0,0,0,1,0,0,1,0,3,0,0,0,0,0,0,4
4/29/16,Drew,,Storen,Drew Storen,TOR,-1.08,,,,,,,,,0.1,2,1,0,0,0,1,1,0,0,0,0,1,0,0,0,0,0,1,0,0,0,0,0,1
4/27/16,Dennis,Ryan,Tepera,Dennis Tepera,TOR,-0.5,,,,,,,,,1,6,2,2,0,0,0,1,0,0,0,1,0,0,0,0,0,3,1,1,1,0,0,0,3
4/25/16,Patrick,,Venditte,Patrick Venditte,TOR,-0.81,,,,,,,,,0.1,3,1,0,1,0,0,1,0,0,0,1,1,0,0,1,0,0,1,0,0,1,0,0,1
4/26/16,Patrick,,Venditte,Patrick Venditte,TOR,0.17,,,,,,,,,0.2,3,0,0,0,0,0,0,0,1,0,1,0,0,0,2,1,0,1,1,1,0,0,0,2
4/11/16,Matt,,Belisle,Matt Belisle,WAS,-0.21,,,,,,,,,0.1,2,1,1,0,0,0,0,0,0,0,0,0,0,0,0,0,1,0,1,0,0,0,0,1
4/26/16,Matt,,Belisle,Matt Belisle,WAS,0.25,,,,,,,,,0.1,1,0,0,0,0,0,0,0,0,0,0,0,0,0,0,0,0,0,1,0,0,0,0,1
4/28/16,Shawn,Andrew,Kelley,Shawn Kelley,WAS,0.82,,,,,,,,,1,3,0,0,0,0,0,0,0,0,0,0,1,0,0,0,0,1,0,0,0,0,0,0,3
4/30/16,Shawn,Andrew,Kelley,Shawn Kelley,WAS,0.44,,,,,,,,,1,4,1,1,0,0,0,0,0,0,0,0,2,0,0,0,0,1,1,0,0,0,0,0,3
4/24/16,Jonathan,,Papelbon,Jonathan Papelbon,WAS,0.5,,,,,,,,,0.2,2,0,0,0,0,0,0,0,0,0,0,0,0,0,0,0,0,2,0,1,0,0,0,2
4/4/16,Oliver,,Perez,Oliver Perez,WAS,0.32,,,,,,,,,0.1,1,0,0,0,0,0,0,0,0,0,0,1,0,0,3,0,0,0,0,0,0,0,0,1
4/12/16,Felipe Javier,,Rivero,Felipe Javier Rivero,WAS,-0.48,,,,,,,,,0.1,2,1,0,1,0,0,0,0,0,0,0,1,0,0,1,1,0,1,0,0,0,0,0,1
4/26/16,Felipe,Javier,Rivero,Felipe Rivero,WAS,1.07,,,,,,,,,1.2,6,0,0,0,0,0,0,0,0,0,1,2,0,0,0,0,2,0,1,0,0,0,0,5
4/28/16,Felipe,Javier,Rivero,Felipe Rivero,WAS,-1.59,,,,,,,,,0,3,2,1,1,0,0,3,0,0,0,1,0,0,0,0,0,0,1,1,0,0,0,0,0
4/30/16,Felipe,Javier,Rivero,Felipe Rivero,WAS,0.1,,,,,,,,,1,4,1,0,1,0,0,0,0,0,0,0,2,0,0,0,0,0,1,1,0,0,0,0,3
4/27/16,Sammy,Robert,Solis,Sammy Solis,WAS,-0.73,,,,,,,,,1.2,6,1,0,0,0,1,1,0,0,0,1,0,0,0,3,0,2,3,0,1,0,0,0,4
4/30/16,Sammy,Robert,Solis,Sammy Solis,WAS,1.15,,,,,,,,,1,4,0,0,0,0,0,0,0,0,0,0,2,0,0,0,0,2,0,0,0,0,0,0,4
4/11/16,Blake,,Treinen,Blake Treinen,WAS,0.04,,,,,,,,,0.2,3,1,1,0,0,0,0,0,0,0,0,0,0,0,0,0,2,1,0,0,0,0,0,2